numerical__graduation_year,numerical__cgpa,numerical__attendance_percent,numerical__internship_count,numerical__project_count,numerical__certification_count,numerical__hackathon_count,numerical__curriculum_programming_score,numerical__curriculum_dsa_score,numerical__curriculum_dbms_score,numerical__curriculum_web_development_score,numerical__curriculum_cloud_score,numerical__curriculum_ai_ml_score,numerical__curriculum_cybersecurity_score,numerical__curriculum_devops_score,numerical__curriculum_communication_score,numerical__curriculum_problem_solving_score,categorical__university_Andhra University,categorical__university_GITAM University,categorical__university_JNTU Kakinada,categorical__university_KL University,categorical__university_SRM University,categorical__university_Vignan University,categorical__gender_Female,categorical__gender_Male,categorical__gender_Other,categorical__target_role_Cloud Engineer,categorical__target_role_Data Analyst,categorical__target_role_Data Scientist,categorical__target_role_DevOps Engineer,categorical__target_role_Full Stack Developer,categorical__target_role_Software Developer,categorical__programming_language_C#,categorical__programming_language_C++,categorical__programming_language_Java,categorical__programming_language_JavaScript,categorical__programming_language_Python,placement_status
1.248451092782051,0.5665038791975414,0.27895167858551473,0.9497258268948607,0.9719520415789541,0.7848562351263942,1.4784768473536365,1.7717438388714135,1.3097141455894596,1.4973766290274104,0.10810565220438077,1.7585121831809554,1.7724613488773382,0.7358723752570921,0.1895661756341278,1.5595684948082624,0.5221821787047426,0.0,0.0,1.0,0.0,0.0,0.0,0.0,1.0,0.0,0.0,0.0,0.0,0.0,0.0,1.0,0.0,0.0,0.0,1.0,0.0,Placed
-1.1855721587832007,-2.1068924692392925,1.240247650176701,-1.309285059673688,-1.8385116931071779,-0.20031895540882869,-0.874536702811302,-0.8630035629069194,-1.5036325949760958,-1.2610144913568058,-2.339999839899757,-2.047501600275008,-0.3039886506849892,-1.8588504115344422,-1.257598286664773,-1.7650035394504622,-0.7392267865266182,0.0,1.0,0.0,0.0,0.0,0.0,0.0,1.0,0.0,0.0,1.0,0.0,0.0,0.0,0.0,0.0,0.0,0.0,0.0,1.0,Placed
0.031439466999425084,0.07573546740720476,-0.3189275232577833,-0.1797796163894137,1.9087732864743314,-1.1854941459440516,0.3019700722711672,0.09864014753443032,0.38258851517581055,0.013242276211989116,1.28654152573277,-0.4108384722980011,0.014866967225331394,-0.12903522034008633,1.6515733503668644,0.2750747542992098,-0.23192100703139706,0.0,1.0,0.0,0.0,0.0,0.0,0.0,1.0,0.0,0.0,0.0,1.0,0.0,0.0,0.0,0.0,0.0,0.0,1.0,0.0,Placed
0.031439466999425084,-1.887338179754142,1.4629869606673425,0.9497258268948607,0.9719520415789541,-1.1854941459440516,1.4784768473536365,-0.7066387319408463,-0.9857210359174366,-1.7332390581617125,-0.4468996301670539,0.013767527884712884,0.3726074165881289,1.1960984352996271,1.0281794281457997,1.1985669860377446,-0.38274164417862516,0.0,0.0,0.0,0.0,0.0,1.0,1.0,0.0,0.0,0.0,0.0,0.0,1.0,0.0,0.0,1.0,0.0,0.0,0.0,0.0,Placed
0.031439466999425084,1.4188911207281265,1.099570190919454,-1.309285059673688,0.035130796683576736,-1.1854941459440516,0.3019700722711672,-1.7542830994135363,-0.5253552056430727,0.425501818660717,-0.4545024422543345,-0.09431399943452384,-0.05512572938912952,1.346862144623905,-0.2260297725132486,1.3580792806107647,-0.4238745452187779,0.0,0.0,0.0,0.0,1.0,0.0,0.0,1.0,0.0,0.0,0.0,0.0,0.0,0.0,1.0,0.0,1.0,0.0,0.0,0.0,Placed
0.031439466999425084,1.4705509535481631,0.13827421932826764,-1.309285059673688,1.9087732864743314,-1.1854941459440516,0.3019700722711672,-0.5346374178781655,-0.9473572167279066,-0.024235864010622513,0.5186575049174963,0.19905014614626015,-2.1237987626609613,1.013594997696553,1.072707565447304,0.7116347183937901,-1.1437003134214565,0.0,0.0,1.0,0.0,0.0,0.0,1.0,0.0,0.0,0.0,0.0,0.0,0.0,1.0,0.0,0.0,0.0,0.0,1.0,0.0,Placed
1.248451092782051,1.2251667476529933,-1.2450541300346583,0.9497258268948607,0.9719520415789541,-0.20031895540882869,0.3019700722711672,1.6544702156468587,1.6230186689706243,1.0176564341779812,-0.1427871466758567,0.5464550553866625,1.1891888770901677,0.40260522832973894,1.7035228438852867,-0.5392774864156802,1.3311292324944195,0.0,0.0,1.0,0.0,0.0,0.0,0.0,0.0,1.0,1.0,0.0,0.0,0.0,0.0,0.0,1.0,0.0,0.0,0.0,0.0,Placed
1.248451092782051,-0.6345872338682825,-1.010591697939247,-0.1797796163894137,0.035130796683576736,0.7848562351263942,2.654983622436106,1.2166486889418542,0.09485987125433323,0.03572916034555695,-0.8650542949674506,0.7317376736482109,-0.3039886506849892,1.2675128239269162,-1.0498003125910849,-0.11111290624599517,0.14513058583667274,0.0,0.0,0.0,1.0,0.0,0.0,0.0,1.0,0.0,1.0,0.0,0.0,0.0,0.0,0.0,0.0,0.0,0.0,0.0,1.0,Placed
-1.1855721587832007,1.6771902848283051,0.9354464884526672,-0.1797796163894137,0.9719520415789541,0.7848562351263942,0.3019700722711672,-0.1280888573663751,0.01813223287527334,0.845256989153968,0.3742040752591783,-0.5729607632768562,1.2125197759616544,1.7753484763876453,-0.7826314887820568,-0.7743482363127615,-0.0948113368975535,0.0,0.0,0.0,0.0,0.0,1.0,1.0,0.0,0.0,0.0,0.0,1.0,0.0,0.0,0.0,1.0,0.0,0.0,0.0,0.0,Placed
1.248451092782051,0.4760991717624802,0.17344358414258065,-0.1797796163894137,-0.9016904482118007,-0.20031895540882869,0.3019700722711672,-1.1757332248390657,-2.034332093764599,-0.1966353090346358,0.8303728004959742,0.9942213828520697,0.3181686525546594,0.8787011525116718,-1.9180989899704255,-0.5224867185658885,-1.8635260816241352,0.0,1.0,0.0,0.0,0.0,0.0,1.0,0.0,0.0,0.0,0.0,1.0,0.0,0.0,0.0,0.0,0.0,0.0,0.0,1.0,Not Placed
0.031439466999425084,-1.474059517193858,0.05621236809487503,0.9497258268948607,-0.9016904482118007,0.7848562351263942,0.3019700722711672,0.10645838908273464,0.17158750963339403,1.0626302024451146,-0.7966289861819313,-1.5997352728096008,-0.039571796808138084,-1.6128675173737774,1.7035228438852867,-0.9506512987355723,0.4124944425976681,0.0,0.0,0.0,0.0,1.0,0.0,1.0,0.0,0.0,0.0,1.0,0.0,0.0,0.0,0.0,0.0,0.0,0.0,0.0,1.0,Placed
0.031439466999425084,1.6513603684182858,0.5720297187047787,-0.1797796163894137,0.035130796683576736,0.7848562351263942,-0.874536702811302,-0.8864582875518301,-1.4716627456514872,1.2350296474691291,0.8227699884086935,0.5464550553866625,1.7724613488773382,0.7596771714661886,1.050443496796552,-0.30420673651859764,-1.4521970712226047,0.0,1.0,0.0,0.0,0.0,0.0,1.0,0.0,0.0,0.0,0.0,0.0,0.0,0.0,1.0,0.0,0.0,0.0,0.0,1.0,Not Placed
0.031439466999425084,-0.89288639796846,-1.2919466164537396,-1.309285059673688,-1.8385116931071779,0.7848562351263942,0.3019700722711672,-1.214824432580584,-1.4908446552462526,-0.48896480277100585,0.43502657195741756,-1.5997352728096008,-1.2061167403824793,-1.3748195552828109,-0.8716877633850664,0.9634962361406633,-1.8772370486375198,0.0,1.0,0.0,0.0,0.0,0.0,0.0,1.0,0.0,0.0,0.0,0.0,1.0,0.0,0.0,0.0,0.0,0.0,1.0,0.0,Not Placed
1.248451092782051,-2.0164877618042314,-0.27203503683870206,0.9497258268948607,0.035130796683576736,-0.20031895540882869,1.4784768473536365,0.0048212489547873145,0.4465282138250277,-0.23411344925724742,-0.8802599191420102,-0.8354444724807151,0.014866967225331394,0.005858624844794876,-0.5748335147083686,0.526936272046083,-0.773504204060079,0.0,1.0,0.0,0.0,0.0,0.0,1.0,0.0,0.0,0.0,1.0,0.0,0.0,0.0,0.0,0.0,1.0,0.0,0.0,0.0,Not Placed
1.248451092782051,1.8967445743134559,-1.0574841843583282,-0.1797796163894137,0.035130796683576736,-0.20031895540882869,-0.874536702811302,-0.1280888573663751,-0.7491441509153333,0.29807614190383835,1.1648965323362903,-1.4916537454903644,-0.07845662826061611,1.6166498349936675,0.9391231535427902,0.7032393344688949,-0.1290887544310144,0.0,0.0,0.0,0.0,1.0,0.0,0.0,1.0,0.0,1.0,0.0,0.0,0.0,0.0,0.0,0.0,0.0,0.0,0.0,1.0,Placed
-1.1855721587832007,1.0831022073978964,-0.5651130769579661,0.9497258268948607,0.035130796683576736,-1.1854941459440516,-0.874536702811302,-0.04990644188333851,0.9260759536941566,0.635379403907343,0.6022884378775762,0.013767527884712884,0.9325489895038129,0.42641002453883536,0.6719543297337616,0.09037630795150262,-0.0879558533908617,1.0,0.0,0.0,0.0,0.0,0.0,0.0,1.0,0.0,1.0,0.0,0.0,0.0,0.0,0.0,0.0,1.0,0.0,0.0,0.0,Placed
0.031439466999425084,0.2952897568923553,0.4547985026570731,-0.1797796163894137,0.035130796683576736,-0.20031895540882869,0.3019700722711672,-0.1828165482045009,0.15240560003862905,0.125676696879824,-0.834643046618331,-0.38767814501530784,-0.2495498866515197,0.23597165486606175,-1.1388565871940939,-0.14469444194557873,0.26852928895713174,0.0,1.0,0.0,0.0,0.0,0.0,1.0,0.0,0.0,0.0,0.0,0.0,0.0,1.0,0.0,0.0,0.0,0.0,1.0,0.0,Placed
-1.1855721587832007,-1.3319949769387611,0.5368603538904674,-0.1797796163894137,-0.9016904482118007,-1.1854941459440516,0.3019700722711672,-1.1366420170975473,-1.1583582222703233,-1.3209795157129847,-0.11237589832673764,-1.0130069816480323,0.7614557311129093,-0.9542681555887699,-2.1258969640441143,-0.31260212044349417,-0.7872151710734636,0.0,1.0,0.0,0.0,0.0,0.0,0.0,1.0,0.0,0.0,0.0,0.0,1.0,0.0,0.0,1.0,0.0,0.0,0.0,0.0,Not Placed
1.248451092782051,0.721483377657649,0.19688982735212043,2.079231270179135,0.035130796683576736,-0.20031895540882869,-0.874536702811302,-0.7144569734891494,-0.9089933975383763,0.2231198614586151,-0.6217643081744931,0.09868872792125524,0.9792107872467861,0.6247833262813074,-0.2334511287301656,0.06519015617681555,-0.9174693577006149,0.0,0.0,0.0,0.0,0.0,1.0,0.0,1.0,0.0,0.0,0.0,1.0,0.0,0.0,0.0,1.0,0.0,0.0,0.0,0.0,Placed
1.248451092782051,-0.89288639796846,0.4782447458666146,-0.1797796163894137,0.035130796683576736,0.7848562351263942,0.3019700722711672,0.4504610172080949,0.12043575071402046,0.3805280503935835,-1.062727409236729,-0.2487161813191471,-1.6649577515217204,0.23597165486606175,-0.2557151973809188,-0.27902058474391056,0.14513058583667274,1.0,0.0,0.0,0.0,0.0,0.0,0.0,1.0,0.0,0.0,0.0,0.0,0.0,1.0,0.0,0.0,0.0,1.0,0.0,0.0,Placed
0.031439466999425084,0.011160676382160669,-1.8663795750874979,0.9497258268948607,0.035130796683576736,1.7700314256616172,-0.874536702811302,-0.667547524199328,0.6831050988271314,0.05821604447912371,-0.5609418114762529,-0.4571591268633887,1.391390000643053,0.4502148207479318,0.4641563556600734,0.9215193165161845,0.1656970363567491,0.0,0.0,0.0,0.0,0.0,1.0,1.0,0.0,0.0,0.0,0.0,1.0,0.0,0.0,0.0,0.0,0.0,0.0,0.0,1.0,Placed
0.031439466999425084,0.3082047150973651,1.7560650007866065,-0.1797796163894137,0.9719520415789541,-0.20031895540882869,0.3019700722711672,0.5911893650775617,0.6511352495025229,0.9277088976437131,1.20291059277269,0.2762512370885718,0.014866967225331394,1.0373997939056494,-0.37445689685159744,-0.40495134361734714,1.0500544087200405,0.0,0.0,0.0,0.0,1.0,0.0,1.0,0.0,0.0,0.0,0.0,1.0,0.0,0.0,0.0,0.0,0.0,0.0,0.0,1.0,Placed
-1.1855721587832007,-1.1253556456586191,0.6071990835190901,-0.1797796163894137,0.035130796683576736,1.7700314256616172,0.3019700722711672,-0.8317305967137043,-0.391081838479717,-0.4215041503703056,-0.5609418114762529,0.5232947281039693,-0.48285887536638794,0.8707662204419723,1.7035228438852867,-0.45532364716672247,0.30280670649059266,0.0,0.0,1.0,0.0,0.0,0.0,0.0,1.0,0.0,0.0,0.0,0.0,1.0,0.0,0.0,0.0,0.0,1.0,0.0,0.0,Placed
1.248451092782051,1.5609556609832234,-0.14308069918622485,0.9497258268948607,0.9719520415789541,2.75520661619684,-0.874536702811302,1.2244669304901574,1.6230186689706243,1.7297410984076023,-0.10477308623945705,1.0482621465116881,1.6946916859723822,1.5293655822269803,0.6645329735168446,-0.7911390041625527,0.5221821787047426,0.0,0.0,0.0,1.0,0.0,0.0,0.0,1.0,0.0,0.0,0.0,0.0,0.0,1.0,0.0,0.0,0.0,0.0,0.0,1.0,Placed
0.031439466999425084,-0.28588336233304257,-0.9050836034963113,-1.309285059673688,0.035130796683576736,1.7700314256616172,1.4784768473536365,-0.5893651087162913,-0.7043863618608811,-1.2610144913568058,-0.24162370381049667,-1.2600504726634296,0.014866967225331394,1.3389272125542067,0.004032270211191729,0.4010055131726464,0.2479628384370554,1.0,0.0,0.0,0.0,0.0,0.0,0.0,0.0,1.0,0.0,0.0,1.0,0.0,0.0,0.0,0.0,1.0,0.0,0.0,0.0,Placed
1.248451092782051,0.17905513304727574,0.17344358414258065,0.9497258268948607,0.035130796683576736,-0.20031895540882869,-0.874536702811302,0.9430102347512263,0.9005000742344703,-1.238527607223239,-0.17319839502497686,0.6390963645174367,0.3726074165881289,-0.010011239294603113,1.7035228438852867,0.08198092402660732,1.0020660241731951,0.0,1.0,0.0,0.0,0.0,0.0,0.0,1.0,0.0,0.0,0.0,0.0,0.0,1.0,0.0,0.0,0.0,0.0,0.0,1.0,Placed
0.031439466999425084,0.4115243807374361,-0.6940674146104416,-1.309285059673688,0.035130796683576736,-1.1854941459440516,1.4784768473536365,-2.098285727538897,-0.6020828440221335,-0.8937287171752119,-1.2832089597678467,0.23765069161741598,-0.17178022374656363,0.4343449566085338,-0.470934527671524,0.3758193613979593,-1.3836422361556828,1.0,0.0,0.0,0.0,0.0,0.0,0.0,1.0,0.0,0.0,0.0,0.0,0.0,1.0,0.0,0.0,0.0,0.0,1.0,0.0,Placed
-1.1855721587832007,-0.582927401048247,0.361013529818909,-0.1797796163894137,-0.9016904482118007,-0.20031895540882869,-0.874536702811302,0.9351919932029219,-0.03301952604410113,-0.23411344925724742,-0.6369699323490522,-0.4417189086749262,-1.3072173021589224,0.5057593452358242,0.6051621237815052,-0.22025289726963995,0.27538477246382453,1.0,0.0,0.0,0.0,0.0,0.0,1.0,0.0,0.0,0.0,0.0,1.0,0.0,0.0,0.0,0.0,0.0,0.0,0.0,1.0,Not Placed
1.248451092782051,-0.04049915643787483,-1.4326240757109867,-0.1797796163894137,0.035130796683576736,0.7848562351263942,-0.874536702811302,-1.3711892635466572,-1.0112969153771239,-0.3465478699250823,0.5262603170047769,-0.9666863270826451,-0.708390897790761,0.013793556914493306,0.5161058491784958,-0.9758374505102599,-1.4659080382359893,0.0,0.0,0.0,1.0,0.0,0.0,0.0,1.0,0.0,0.0,0.0,1.0,0.0,0.0,0.0,1.0,0.0,0.0,0.0,0.0,Placed
0.031439466999425084,-1.3836548097587966,-1.0926535491726415,0.9497258268948607,0.9719520415789541,-0.20031895540882869,-0.874536702811302,0.7397359544953305,0.855742285180018,0.29807614190383835,-0.5153249389525737,1.380226837563628,1.5624832590339566,0.616848394211609,-0.5599908022745336,0.258283986449418,0.8443899035192751,0.0,0.0,0.0,0.0,1.0,0.0,0.0,1.0,0.0,0.0,0.0,0.0,1.0,0.0,0.0,0.0,0.0,0.0,0.0,1.0,Placed
0.031439466999425084,-0.5441825264332201,-0.6120055633770474,-0.1797796163894137,0.035130796683576736,-1.1854941459440516,-0.874536702811302,-0.855185321358615,-0.5061732960483077,-0.5714167112607521,-1.7241720608300826,-0.7350830542557102,0.014866967225331394,-1.0018777480069632,0.27862245023713733,-0.6148359417397414,-1.6784280269434468,0.0,0.0,0.0,0.0,0.0,1.0,1.0,0.0,0.0,0.0,0.0,1.0,0.0,0.0,0.0,0.0,0.0,1.0,0.0,0.0,Placed
0.031439466999425084,-0.9445462307884955,-0.8464679954724585,0.9497258268948607,0.035130796683576736,-1.1854941459440516,-0.874536702811302,1.7717438388714135,1.0028035920732175,-1.2160407230896717,-0.8954655433165702,1.7585121831809554,-0.3973122461709367,-0.18457974482797873,-1.0275362439403322,-0.010368299147245675,0.8443899035192751,0.0,1.0,0.0,0.0,0.0,0.0,0.0,1.0,0.0,0.0,1.0,0.0,0.0,0.0,0.0,0.0,1.0,0.0,0.0,0.0,Placed
-1.1855721587832007,-0.5700124428432384,-0.6588980497961302,0.9497258268948607,1.9087732864743314,-1.1854941459440516,0.3019700722711672,1.545014833970607,1.4503814826177377,1.227534019424606,0.8531812367578137,0.46153385535012015,1.1580810119281848,0.005858624844794876,-0.470934527671524,-1.0094189862098428,1.221441496387345,1.0,0.0,0.0,0.0,0.0,0.0,1.0,0.0,0.0,0.0,0.0,0.0,0.0,0.0,1.0,0.0,0.0,1.0,0.0,0.0,Placed
1.248451092782051,1.8063398668783934,-1.0340379411487886,-1.309285059673688,0.035130796683576736,-1.1854941459440516,-0.874536702811302,-0.27663544678414503,-1.6890577210588256,0.8677438732875347,-0.08196464997761747,-0.9744064361768764,1.0803113490232288,1.2833826880663144,0.33057194375555965,1.6519177179821167,-1.3082319175820694,0.0,0.0,0.0,0.0,1.0,0.0,0.0,1.0,0.0,0.0,1.0,0.0,0.0,0.0,0.0,1.0,0.0,0.0,0.0,0.0,Placed
1.248451092782051,-1.0736958128385836,1.5684950551102765,2.079231270179135,-0.9016904482118007,-0.20031895540882869,0.3019700722711672,1.1853757227486392,0.7981965563957223,-0.4140085223257826,-0.2112124554613765,1.380226837563628,1.7724613488773382,0.751742239396489,-0.5377267336237814,1.206962369962641,1.1186092437869624,0.0,0.0,0.0,1.0,0.0,0.0,0.0,1.0,0.0,0.0,0.0,1.0,0.0,0.0,0.0,0.0,1.0,0.0,0.0,0.0,Placed
-1.1855721587832007,0.08865042561221449,-1.3271159812680526,-0.1797796163894137,-0.9016904482118007,-0.20031895540882869,0.3019700722711672,0.14554959682425292,1.0859252003171995,-1.17856258286706,0.5870828137030162,0.07552840063856198,0.7925635962748921,-1.4224291477010038,1.7035228438852867,0.845960861192122,0.36450605805082265,1.0,0.0,0.0,0.0,0.0,0.0,0.0,1.0,0.0,0.0,0.0,0.0,1.0,0.0,0.0,0.0,0.0,0.0,0.0,1.0,Placed
-1.1855721587832007,-0.45377781899815767,-0.0375726047432908,-1.309285059673688,0.035130796683576736,-1.1854941459440516,1.4784768473536365,-1.4806446452229083,-1.618724052544687,-1.680769661850056,-3.404393532118947,-0.3336373813556895,-1.1905628078014883,-0.47817223140683757,-1.650930166161398,0.686448566619103,-0.6021171163927751,1.0,0.0,0.0,0.0,0.0,0.0,0.0,1.0,0.0,0.0,0.0,0.0,0.0,0.0,1.0,0.0,0.0,1.0,0.0,0.0,Placed
-1.1855721587832007,-0.2213085713079985,0.208612948956892,-0.1797796163894137,-1.8385116931071779,-0.20031895540882869,0.3019700722711672,-2.4970160465023836,-2.4691220445792754,0.47047558692785163,-1.686158000393683,0.16816970976933615,0.17818325932573872,-2.6602785505740294,-1.257598286664773,1.6015454144327415,-2.795871838534272,0.0,0.0,0.0,1.0,0.0,0.0,0.0,1.0,0.0,1.0,0.0,0.0,0.0,0.0,0.0,0.0,0.0,0.0,1.0,0.0,Placed
0.031439466999425084,-2.132722385649311,-1.3740084676871338,-0.1797796163894137,0.9719520415789541,-0.20031895540882869,-0.874536702811302,1.0837385826206918,0.9324699235590789,-0.2790872175243809,-1.5036905102989646,-1.7232570183172995,0.31039168626416425,-0.7955695141947928,0.2044088880679629,-0.010368299147245675,1.4888053531483394,0.0,1.0,0.0,0.0,0.0,0.0,0.0,0.0,1.0,0.0,0.0,1.0,0.0,0.0,0.0,0.0,1.0,0.0,0.0,0.0,Placed
1.248451092782051,-1.1899304366836632,0.5016909890761561,-1.309285059673688,0.9719520415789541,-1.1854941459440516,0.3019700722711672,-1.0350048769695994,-0.18008083293730048,-1.4409095644253416,-1.1919752147204874,-1.136528727155731,0.45815404578358015,-1.1923161176797363,-2.3336949381178025,-1.5467235574031721,-0.46500744625893153,0.0,0.0,0.0,1.0,0.0,0.0,0.0,1.0,0.0,0.0,0.0,0.0,0.0,0.0,1.0,0.0,0.0,0.0,1.0,0.0,Not Placed
1.248451092782051,-2.0681475946242656,1.2636938933862425,-0.1797796163894137,1.9087732864743314,-1.1854941459440516,-0.874536702811302,-0.3469996207188773,-0.7107803317258029,-0.9312068573978235,-1.9598592355357605,1.2644252011501604,-0.2262189877800331,-1.8191757511859479,-1.131435230977177,-1.25288512003182,-1.0408680608210739,0.0,0.0,1.0,0.0,0.0,0.0,1.0,0.0,0.0,0.0,0.0,0.0,0.0,0.0,1.0,0.0,0.0,0.0,0.0,1.0,Placed
0.031439466999425084,-1.2286753112986901,1.6857262711579821,-1.309285059673688,-0.9016904482118007,-0.20031895540882869,-0.874536702811302,-1.2070061910322802,-1.727421540248356,-1.2610144913568058,-2.1727379739795984,-2.1247026912173195,-0.09401056084160755,-0.8907886990311785,-0.10728807304256992,1.0054731557651422,-1.3562203021289143,0.0,0.0,0.0,0.0,0.0,1.0,1.0,0.0,0.0,1.0,0.0,0.0,0.0,0.0,0.0,0.0,0.0,0.0,0.0,1.0,Not Placed
0.031439466999425084,1.0831022073978964,-0.6588980497961302,-0.1797796163894137,0.035130796683576736,-0.20031895540882869,0.3019700722711672,-0.33918137917057406,-0.03301952604410113,-1.4708920766034312,0.7923587400595745,1.7585121831809554,-0.4906358416568831,1.7753484763876453,0.13761668211570655,1.1314039146385786,0.7209912003988161,0.0,0.0,1.0,0.0,0.0,0.0,0.0,1.0,0.0,0.0,0.0,0.0,0.0,0.0,1.0,0.0,1.0,0.0,0.0,0.0,Placed
1.248451092782051,-0.479607735408176,1.9201887032533933,2.079231270179135,-1.8385116931071779,-1.1854941459440516,0.3019700722711672,-0.19063478975280412,0.06289002192972463,-0.36903475405864905,-0.3024462005087359,0.4769740735385827,1.7724613488773382,-0.5654564841735248,-0.2260297725132486,-2.612937315864935,0.570170563251588,0.0,1.0,0.0,0.0,0.0,0.0,0.0,1.0,0.0,0.0,0.0,0.0,0.0,0.0,1.0,0.0,0.0,1.0,0.0,0.0,Placed
-1.1855721587832007,2.1679586966186406,-0.717513657819983,-0.1797796163894137,0.9719520415789541,-1.1854941459440516,-0.874536702811302,0.020457732051393743,0.08846590138941188,0.3505455382154938,1.0052374785034124,1.117743128359769,0.10041359642078264,0.5930435980025114,1.7035228438852867,1.3161023609862859,0.11770865180990364,0.0,0.0,0.0,0.0,0.0,1.0,0.0,1.0,0.0,0.0,0.0,0.0,0.0,1.0,0.0,0.0,0.0,0.0,1.0,0.0,Placed
-1.1855721587832007,1.1476769984229416,-0.3540968880720946,-0.1797796163894137,0.035130796683576736,0.7848562351263942,-0.874536702811302,1.1384662734588178,1.0411674112627483,1.227534019424606,0.4046153236082974,0.16044960067510433,-0.1328953922940856,-0.5654564841735248,-1.257598286664773,1.8030346286302403,1.653336957308952,0.0,1.0,0.0,0.0,0.0,0.0,0.0,1.0,0.0,0.0,0.0,1.0,0.0,0.0,0.0,0.0,0.0,0.0,0.0,1.0,Placed
0.031439466999425084,1.0185274163728513,-1.3740084676871338,-0.1797796163894137,-0.9016904482118007,-0.20031895540882869,-0.874536702811302,-0.9724589445831705,-0.2951722905058912,-1.08111941828827,0.03207753133158147,0.39977298259627103,-1.1516779763490104,0.370865500050943,0.8129600978551934,-0.7071851649135951,-0.11537778741762984,0.0,0.0,1.0,0.0,0.0,0.0,0.0,1.0,0.0,0.0,0.0,0.0,0.0,0.0,1.0,0.0,0.0,0.0,1.0,0.0,Not Placed
1.248451092782051,0.6569085866326039,-0.41271249609594746,2.079231270179135,0.9719520415789541,0.7848562351263942,-0.874536702811302,1.7717438388714135,1.6230186689706243,0.08070292861269047,0.2677647060372589,1.7585121831809554,0.20151415819722532,1.0056600656268535,1.7035228438852867,1.2321485217373283,1.6259150232821828,0.0,0.0,0.0,0.0,0.0,1.0,1.0,0.0,0.0,0.0,0.0,1.0,0.0,0.0,0.0,1.0,0.0,0.0,0.0,0.0,Placed
1.248451092782051,0.721483377657649,0.3492904082141391,-1.309285059673688,-0.9016904482118007,-0.20031895540882869,-0.874536702811302,0.24718673695220025,0.21634529868784624,0.328058654081927,-0.6597783686108928,-0.4571591268633887,-0.45952797649490135,-0.7955695141947928,-1.9700484834888476,0.5185408881211877,-0.019401018323939926,0.0,1.0,0.0,0.0,0.0,0.0,1.0,0.0,0.0,0.0,0.0,0.0,0.0,1.0,0.0,0.0,0.0,0.0,0.0,1.0,Placed
1.248451092782051,-0.5570974846382287,0.4079060162379919,0.9497258268948607,-1.8385116931071779,-1.1854941459440516,-0.874536702811302,1.1150115488139059,1.1115010797768867,-0.8037811806409437,1.3777752707801294,-1.6846564728461435,-2.3959925828283075,0.03759835312358972,-0.7603674201313048,-1.4795604860040061,0.8238234529991988,0.0,0.0,0.0,1.0,0.0,0.0,0.0,1.0,0.0,0.0,0.0,0.0,0.0,1.0,0.0,0.0,0.0,0.0,1.0,0.0,Not Placed
-1.1855721587832007,-1.3319949769387611,0.5251372322856975,-0.1797796163894137,0.9719520415789541,-1.1854941459440516,-0.874536702811302,-0.730093456585757,-0.38468786861479565,-0.21162656512368067,-0.0667590258030574,-2.6342298914365765,-1.291663369577931,-1.1367715931918445,-0.12955214169332205,1.0138685396900373,-1.1437003134214565,1.0,0.0,0.0,0.0,0.0,0.0,0.0,1.0,0.0,0.0,0.0,0.0,0.0,0.0,1.0,0.0,0.0,1.0,0.0,0.0,Placed
1.248451092782051,1.9742343235435074,0.958892731662207,-1.309285059673688,0.035130796683576736,0.7848562351263942,0.3019700722711672,0.43482453411148847,0.9388638934240002,0.9576914098218028,-0.6749839927854518,1.2567050920559297,0.675909101917458,-0.5337167558947288,1.4140899514255059,-0.5896497899650543,0.8855228045594278,0.0,0.0,0.0,0.0,1.0,0.0,1.0,0.0,0.0,0.0,0.0,0.0,0.0,0.0,1.0,0.0,1.0,0.0,0.0,0.0,Placed
1.248451092782051,1.509295828163189,1.545048811900735,-1.309285059673688,0.035130796683576736,-0.20031895540882869,-0.874536702811302,-0.7457299396823645,0.29307293706690707,-0.21912219316820256,0.10050284011710019,0.7317376736482109,-0.008463931646156312,-0.8193743104038892,0.226672956718715,2.264780744499508,-0.29362035859162705,0.0,0.0,0.0,0.0,1.0,0.0,0.0,1.0,0.0,0.0,0.0,1.0,0.0,0.0,0.0,0.0,1.0,0.0,0.0,0.0,Placed
1.248451092782051,-1.6290390156539645,0.3258441650045976,0.9497258268948607,-0.9016904482118007,-1.1854941459440516,0.3019700722711672,-0.5424556594264688,0.49767997274440223,-0.3615391260141272,-2.347602651987037,0.7394577827424416,-1.8438279762031193,-0.2401242693158711,0.29346516267097245,0.5857039595203536,0.02858736622290552,0.0,0.0,0.0,0.0,1.0,0.0,1.0,0.0,0.0,0.0,1.0,0.0,0.0,0.0,0.0,0.0,0.0,0.0,0.0,1.0,Placed
0.031439466999425084,-0.8412265651484245,-0.6120055633770474,-0.1797796163894137,-0.9016904482118007,0.7848562351263942,-0.874536702811302,-1.5275540945127304,-1.81693711835726,-2.025568551898083,-0.49251650269073416,-0.3027569449787655,-0.3584274147184587,-0.30360372587346196,0.3231505875386426,-0.5644636381903673,-1.3699312691422987,0.0,1.0,0.0,0.0,0.0,0.0,0.0,1.0,0.0,1.0,0.0,0.0,0.0,0.0,0.0,0.0,0.0,0.0,1.0,0.0,Placed
-1.1855721587832007,-0.7249919413033449,0.2203360705616619,0.9497258268948607,0.9719520415789541,-0.20031895540882869,0.3019700722711672,0.0048212489547873145,0.4848920330145586,1.2650121596472177,0.8835924851069339,1.7585121831809554,0.4426001132025898,0.25184151900545976,-0.292821978465506,-0.1698805937202658,-0.17022165547116708,0.0,0.0,1.0,0.0,0.0,0.0,0.0,1.0,0.0,0.0,0.0,1.0,0.0,0.0,0.0,1.0,0.0,0.0,0.0,0.0,Placed
1.248451092782051,-1.1253556456586191,0.3492904082141391,-1.309285059673688,-1.8385116931071779,0.7848562351263942,0.3019700722711672,-1.4650081621263007,-1.6059361128148435,-1.3659532839801183,-1.7393776850046425,-3.32131960082315,-0.024017864227146645,-0.18457974482797873,-2.2149532386471233,-1.0094189862098428,-2.5216524982665844,1.0,0.0,0.0,0.0,0.0,0.0,0.0,1.0,0.0,1.0,0.0,0.0,0.0,0.0,0.0,0.0,0.0,0.0,1.0,0.0,Not Placed
-1.1855721587832007,-1.370739851553788,-0.9871454547297056,-0.1797796163894137,-0.9016904482118007,0.7848562351263942,1.4784768473536365,-0.04990644188333851,-0.2056567123969868,-1.238527607223239,-1.9370507992739208,-1.0670477453076506,0.302614719973668,-0.1607749486188823,0.3008865188878895,0.8879377808166009,-0.4992848637923924,0.0,0.0,1.0,0.0,0.0,0.0,1.0,0.0,0.0,0.0,0.0,1.0,0.0,0.0,0.0,0.0,0.0,1.0,0.0,0.0,Placed
-1.1855721587832007,0.17905513304727574,1.8029574872056877,0.9497258268948607,0.035130796683576736,-1.1854941459440516,0.3019700722711672,0.3488238770801476,-0.18008083293730048,1.7297410984076023,-0.4240911939052143,-0.0016726903037496612,1.7724613488773382,-0.3512133182916548,0.31572923132172453,-1.0597912897592177,-0.8214925886069245,0.0,0.0,0.0,0.0,0.0,1.0,1.0,0.0,0.0,0.0,0.0,1.0,0.0,0.0,0.0,0.0,1.0,0.0,0.0,0.0,Placed
0.031439466999425084,0.5277590045825157,1.0526777045003728,-1.309285059673688,-0.9016904482118007,-0.20031895540882869,-0.874536702811302,0.0908219059861271,0.6767111289622101,0.2231198614586151,-0.1503899587631373,-1.19828959990958,0.12374449529226925,0.4660846848873298,-0.7529460639143867,1.341288512760973,0.36450605805082265,1.0,0.0,0.0,0.0,0.0,0.0,0.0,1.0,0.0,0.0,0.0,0.0,1.0,0.0,0.0,0.0,1.0,0.0,0.0,0.0,Placed
1.248451092782051,-1.409484726168814,-0.45960498251503035,0.9497258268948607,-0.9016904482118007,-0.20031895540882869,-0.874536702811302,-1.1444602586458505,-0.5253552056430727,-0.12167902858941254,-0.19600683128681642,1.604110001296332,-0.14844932487507703,-1.089162000773651,-0.5970975833591208,0.753611638018269,-0.23877649053808886,1.0,0.0,0.0,0.0,0.0,0.0,1.0,0.0,0.0,0.0,0.0,0.0,0.0,1.0,0.0,0.0,0.0,1.0,0.0,0.0,Placed
-1.1855721587832007,0.6439936284275952,-0.6237286849818189,0.9497258268948607,0.035130796683576736,-0.20031895540882869,0.3019700722711672,0.020457732051393743,-0.12892907401792691,-0.781294296507377,0.4806434444810967,-1.514814072773058,-0.933922920215133,0.4660846848873298,0.9613872221935423,-0.5224867185658885,-0.759793237046695,0.0,0.0,0.0,1.0,0.0,0.0,0.0,1.0,0.0,0.0,0.0,0.0,0.0,0.0,1.0,0.0,0.0,0.0,0.0,1.0,Placed
1.248451092782051,-0.46669277720316743,-0.8230217522629171,-1.309285059673688,-0.9016904482118007,1.7700314256616172,-0.874536702811302,-0.06554292497994604,-0.5637190248326036,-0.9461981134868683,0.3285872027354981,-1.3835722181711283,-1.2683324707064445,-1.295470234585822,-0.6564684330944601,-0.8666974594866146,0.5496041127315117,0.0,1.0,0.0,0.0,0.0,0.0,1.0,0.0,0.0,0.0,0.0,1.0,0.0,0.0,0.0,0.0,0.0,0.0,1.0,0.0,Placed
-1.1855721587832007,-0.5054376518181932,0.11482797611872785,-0.1797796163894137,0.035130796683576736,-0.20031895540882869,0.3019700722711672,-0.6597292826510236,-0.6340526933467421,-0.18164405294559094,0.7391390554486147,1.7585121831809554,1.609145056776931,-1.0415524083554577,-0.5822548709252856,1.8953838518040933,-0.8009261380868476,0.0,0.0,0.0,0.0,0.0,1.0,1.0,0.0,0.0,0.0,0.0,0.0,1.0,0.0,0.0,0.0,0.0,1.0,0.0,0.0,Placed
-1.1855721587832007,1.3543163297030836,-0.6706211714009002,-0.1797796163894137,-0.9016904482118007,-0.20031895540882869,0.3019700722711672,0.23936849540389704,-1.0496607345666538,1.7297410984076023,-0.7358064894836921,0.986501273757839,-1.2061167403824793,0.30738604349335213,0.7906960292044414,-0.14469444194557873,-0.5472732483392369,0.0,0.0,0.0,0.0,0.0,1.0,0.0,1.0,0.0,0.0,0.0,1.0,0.0,0.0,0.0,0.0,0.0,1.0,0.0,0.0,Placed
1.248451092782051,1.0572722909878793,1.3340326230148654,-1.309285059673688,-0.9016904482118007,-1.1854941459440516,-0.874536702811302,-1.2695521234187093,-0.39747580834463836,-0.24160907730176934,-0.3252546367705755,0.2608110189001092,0.29483775368317283,-0.28773386173406396,0.13761668211570655,-0.010368299147245675,-1.0545790278344584,0.0,0.0,0.0,0.0,0.0,1.0,0.0,1.0,0.0,0.0,0.0,0.0,0.0,1.0,0.0,0.0,0.0,1.0,0.0,0.0,Placed
-1.1855721587832007,0.6569085866326039,-1.5381321701539223,-0.1797796163894137,0.035130796683576736,0.7848562351263942,0.3019700722711672,1.2635581382316758,0.7470447974763487,-0.2865828455689039,0.7391390554486147,-0.4339987995806955,-0.06290269567962468,0.8866360845813702,1.7035228438852867,1.3244977449111812,0.4741937941578971,1.0,0.0,0.0,0.0,0.0,0.0,0.0,0.0,1.0,1.0,0.0,0.0,0.0,0.0,0.0,0.0,1.0,0.0,0.0,0.0,Placed
1.248451092782051,-0.31171327874306093,-1.010591697939247,2.079231270179135,0.035130796683576736,-0.20031895540882869,0.3019700722711672,-0.12027061581807187,-1.3821471675425834,0.28308488581479346,0.44262938404469704,0.39977298259627103,0.8392253940178653,0.950115541138961,0.3528360124063118,-0.010368299147245675,-0.9517467752340758,0.0,0.0,1.0,0.0,0.0,0.0,1.0,0.0,0.0,0.0,0.0,0.0,1.0,0.0,0.0,0.0,0.0,1.0,0.0,0.0,Placed
-1.1855721587832007,0.14031025843224998,-0.5651130769579661,-1.309285059673688,-0.9016904482118007,1.7700314256616172,1.4784768473536365,0.5911893650775617,1.0923191701821218,-1.6133090094493552,0.06248877968070054,-1.0824879634961126,-0.7939375269862122,0.5771737338631145,0.4047855059247341,-0.22025289726963995,0.570170563251588,0.0,0.0,0.0,1.0,0.0,0.0,1.0,0.0,0.0,0.0,0.0,0.0,1.0,0.0,0.0,0.0,1.0,0.0,0.0,0.0,Placed
0.031439466999425084,-0.28588336233304257,-0.7761292658438359,-0.1797796163894137,0.035130796683576736,-0.20031895540882869,0.3019700722711672,-1.4180987128364786,-1.4205109867321137,0.7178313123970882,0.815167176321414,-0.3336373813556895,1.2980664051571067,1.7753484763876453,-0.4486704590207719,-0.6400220935144291,-1.6784280269434468,0.0,0.0,0.0,0.0,0.0,1.0,0.0,1.0,0.0,0.0,0.0,0.0,0.0,0.0,1.0,0.0,1.0,0.0,0.0,0.0,Placed
0.031439466999425084,-1.1770154784786546,-0.27203503683870206,-1.309285059673688,0.035130796683576736,-1.1854941459440516,0.3019700722711672,-0.9255494952933484,-0.27599038091112627,-0.21912219316820256,-1.2680033355932867,-1.2368901453807357,-0.5684055045618391,-1.6366723135828738,0.8352241665059456,0.7032393344688949,-0.8214925886069245,1.0,0.0,0.0,0.0,0.0,0.0,0.0,1.0,0.0,0.0,0.0,0.0,0.0,0.0,1.0,0.0,0.0,1.0,0.0,0.0,Not Placed
0.031439466999425084,0.3598645479174006,0.8533846372192729,2.079231270179135,0.9719520415789541,0.7848562351263942,0.3019700722711672,0.7866454037851531,0.35701263571612424,1.5648372814281108,1.689490566358606,0.02148763697894361,1.7724613488773382,1.2040333673693255,1.7035228438852867,1.52598695910868,0.5427486292248189,0.0,1.0,0.0,0.0,0.0,0.0,0.0,1.0,0.0,0.0,0.0,1.0,0.0,0.0,0.0,1.0,0.0,0.0,0.0,0.0,Placed
-1.1855721587832007,-1.409484726168814,0.5251372322856975,-0.1797796163894137,0.035130796683576736,0.7848562351263942,-0.874536702811302,-0.5346374178781655,-1.0368727948368106,-1.17856258286706,-0.19600683128681642,0.7394577827424416,-1.5405262908737907,-1.065357204564554,-1.235334218014021,0.9047285486663926,-1.5481738403162955,1.0,0.0,0.0,0.0,0.0,0.0,0.0,1.0,0.0,0.0,0.0,0.0,1.0,0.0,0.0,0.0,0.0,0.0,0.0,1.0,Placed
-1.1855721587832007,-0.014669240027856507,-0.7057905362152115,-1.309285059673688,-0.9016904482118007,-0.20031895540882869,-0.874536702811302,-1.7933743071550545,-0.7811140002399419,-0.1966353090346358,-0.8422458587056105,-0.8045640361037911,0.48926191094556304,-0.1607749486188823,0.8278028102890286,-0.8247205398621357,-1.2053996649816865,0.0,0.0,0.0,1.0,0.0,0.0,0.0,1.0,0.0,0.0,1.0,0.0,0.0,0.0,0.0,0.0,0.0,0.0,0.0,1.0,Placed
0.031439466999425084,1.1476769984229416,-0.40098937449117755,-0.1797796163894137,0.035130796683576736,-0.20031895540882869,0.3019700722711672,-0.010815234141820222,-0.05859540550378746,1.1001083426677263,-0.6749839927854518,0.14500938248664177,-0.933922920215133,1.3389272125542067,1.0133367157119646,0.1827255311253568,-0.45815196275223874,0.0,0.0,0.0,0.0,0.0,1.0,0.0,1.0,0.0,0.0,0.0,0.0,0.0,0.0,1.0,0.0,0.0,0.0,1.0,0.0,Placed
0.031439466999425084,-0.14381882207794583,1.5098794470864236,0.9497258268948607,-0.9016904482118007,0.7848562351263942,-0.874536702811302,-0.22972599749432243,1.1434709291014953,-1.036145650021136,1.719901814707726,1.7585121831809554,-0.25732685294201485,-0.08142562792189349,0.568055342696918,-0.8666974594866146,0.4399163766244362,1.0,0.0,0.0,0.0,0.0,0.0,0.0,1.0,0.0,0.0,0.0,1.0,0.0,0.0,0.0,0.0,0.0,1.0,0.0,0.0,Placed
-1.1855721587832007,-0.0017542818228479195,-0.0024032399289777785,-1.309285059673688,0.035130796683576736,0.7848562351263942,-0.874536702811302,0.2940961862420218,1.0091975619381397,-0.8112768086854667,-0.9258767916656898,0.7008572372712858,-0.6850599989192733,-0.05762083171279595,-0.5748335147083686,-0.6400220935144291,1.653336957308952,0.0,0.0,0.0,1.0,0.0,0.0,0.0,1.0,0.0,0.0,0.0,0.0,0.0,1.0,0.0,0.0,0.0,0.0,1.0,0.0,Placed
-1.1855721587832007,0.2823747986873468,1.439540717457801,-0.1797796163894137,0.035130796683576736,0.7848562351263942,0.3019700722711672,0.7631906791402412,-0.3591119891551084,-0.24160907730176934,0.18413377307718007,-0.904925454328796,-0.21066505519904166,1.624584767063366,-0.5599908022745336,-0.5392774864156802,0.7964015189724297,0.0,0.0,0.0,0.0,0.0,1.0,1.0,0.0,0.0,1.0,0.0,0.0,0.0,0.0,0.0,0.0,0.0,0.0,1.0,0.0,Placed
0.031439466999425084,-0.6733321084833094,0.958892731662207,0.9497258268948607,0.035130796683576736,-0.20031895540882869,-0.874536702811302,1.20883044739355,1.277744296264851,0.3880236784381054,0.556671565353896,0.9787811646636083,0.3492765177166423,0.6644579866298018,0.90943772867512,-1.0849774415339046,1.653336957308952,0.0,0.0,0.0,0.0,1.0,0.0,1.0,0.0,0.0,0.0,1.0,0.0,0.0,0.0,0.0,0.0,0.0,0.0,0.0,1.0,Placed
1.248451092782051,-2.7268104630797185,-0.025849483138519234,2.079231270179135,1.9087732864743314,-1.1854941459440516,1.4784768473536365,-0.1828165482045009,0.35701263571612424,0.7478138245751779,0.7011249950122151,0.45381374625588833,1.0180956186992642,-0.9542681555887699,-0.34477147198392727,0.41779628102243815,-0.1290887544310144,0.0,0.0,0.0,0.0,0.0,1.0,0.0,1.0,0.0,0.0,0.0,0.0,1.0,0.0,0.0,0.0,0.0,1.0,0.0,0.0,Placed
-1.1855721587832007,0.3082047150973651,-0.9636992115201641,-1.309285059673688,0.9719520415789541,-0.20031895540882869,0.3019700722711672,0.6068258481741681,0.08207193152449052,1.1300908548458162,0.18413377307718007,-0.5420803268999311,1.049203483861247,-0.3512133182916548,-1.406025411003122,1.5679638787331591,-0.5815506658726978,0.0,0.0,0.0,1.0,0.0,0.0,1.0,0.0,0.0,0.0,0.0,0.0,0.0,0.0,1.0,1.0,0.0,0.0,0.0,0.0,Placed
-1.1855721587832007,-0.686247066688318,-0.40098937449117755,-0.1797796163894137,1.9087732864743314,-1.1854941459440516,-0.874536702811302,1.2870128628765864,1.0091975619381397,0.830265733064923,-0.05915621371577791,0.013767527884712884,-2.3959925828283075,0.1645572662387725,1.7035228438852867,-1.1605358968579664,0.7004247498787388,0.0,0.0,0.0,0.0,0.0,1.0,1.0,0.0,0.0,0.0,0.0,0.0,0.0,1.0,0.0,0.0,0.0,1.0,0.0,0.0,Placed
0.031439466999425084,1.199336831242976,0.4782447458666146,-0.1797796163894137,-0.9016904482118007,-1.1854941459440516,-0.874536702811302,-0.3235448960739665,-0.8898114879436109,-1.290997003534895,1.088868411463491,-0.9975667634595702,1.5391523601624701,-1.0256825442160598,1.22855604600257,0.8291700933423314,0.021731882716213728,1.0,0.0,0.0,0.0,0.0,0.0,0.0,0.0,1.0,0.0,0.0,0.0,1.0,0.0,0.0,0.0,0.0,0.0,0.0,1.0,Placed
-1.1855721587832007,1.199336831242976,0.31412104339982605,0.9497258268948607,0.035130796683576736,-0.20031895540882869,0.3019700722711672,1.4042864861011415,1.6230186689706243,1.429915976626709,-0.19600683128681642,-0.773683599726866,-0.024017864227146645,0.553368937654017,-2.9570888603388674,0.661262414844416,1.653336957308952,0.0,0.0,0.0,1.0,0.0,0.0,1.0,0.0,0.0,0.0,0.0,1.0,0.0,0.0,0.0,0.0,0.0,1.0,0.0,0.0,Not Placed
0.031439466999425084,-0.9445462307884955,-0.9285298467058528,0.9497258268948607,0.9719520415789541,-0.20031895540882869,-0.874536702811302,0.23155025385559272,0.7790146468009572,0.6428750319518649,0.5490687532666165,0.5464550553866625,-0.2495498866515197,-0.23218933724617155,-0.5303053774068633,-0.3629744239928683,0.6250144313051252,0.0,0.0,0.0,0.0,0.0,1.0,1.0,0.0,0.0,1.0,0.0,0.0,0.0,0.0,0.0,0.0,0.0,0.0,0.0,1.0,Placed
-1.1855721587832007,0.9668675835528168,-0.15480382079099642,-0.1797796163894137,0.9719520415789541,-1.1854941459440516,1.4784768473536365,1.4981053846807855,0.10125384111925549,-0.7962855525964219,0.5490687532666165,-1.0593276362134192,-0.5839594371428306,0.8628312883722739,-2.044262045658022,2.264780744499508,1.653336957308952,0.0,1.0,0.0,0.0,0.0,0.0,0.0,1.0,0.0,0.0,1.0,0.0,0.0,0.0,0.0,0.0,1.0,0.0,0.0,0.0,Placed
-1.1855721587832007,-0.8024816905333976,-1.901548939901809,-0.1797796163894137,0.035130796683576736,0.7848562351263942,-0.874536702811302,-2.1999228676668445,-2.961457724178248,-0.04672274814418928,-0.24922651589777617,-0.032553126680674754,-0.3273195495564758,-0.716220193497804,-1.316969136400113,-0.648417477439325,-2.9192705416547313,1.0,0.0,0.0,0.0,0.0,0.0,0.0,1.0,0.0,0.0,0.0,0.0,0.0,0.0,1.0,0.0,0.0,0.0,1.0,0.0,Not Placed
1.248451092782051,0.3211196733023737,0.5368603538904674,-0.1797796163894137,-0.9016904482118007,0.7848562351263942,2.654983622436106,0.33318739398354,-0.14811098361269187,-0.3465478699250823,0.42742375987013803,-0.6656020724076304,-1.0894622460250452,0.2994511114236537,-1.0052721752895801,-1.521537405628485,-0.08110036988416895,0.0,0.0,0.0,1.0,0.0,0.0,1.0,0.0,0.0,1.0,0.0,0.0,0.0,0.0,0.0,0.0,0.0,0.0,0.0,1.0,Not Placed
-1.1855721587832007,-1.5902941410389386,-1.1160997923821812,-0.1797796163894137,-0.9016904482118007,-0.20031895540882869,0.3019700722711672,-1.8793749641863948,-1.7210275703834341,-1.2010494670006273,-0.4316940059924949,0.6545365827058992,-1.237224605544462,0.6089134621419094,1.1172357027488082,-0.8834882273364063,-1.7058499609702154,0.0,0.0,0.0,0.0,0.0,1.0,0.0,1.0,0.0,0.0,0.0,0.0,0.0,0.0,1.0,0.0,0.0,1.0,0.0,0.0,Placed
1.248451092782051,-1.6419539738589741,-0.15480382079099642,0.9497258268948607,0.9719520415789541,-0.20031895540882869,0.3019700722711672,-0.0029969925935170094,-0.0522014356388661,-0.3390522418805593,0.03207753133158147,-1.19828959990958,-0.2495498866515197,-0.27186399759466595,1.569938431980773,-0.010368299147245675,0.39192799207759077,0.0,0.0,0.0,0.0,1.0,0.0,1.0,0.0,0.0,0.0,0.0,0.0,0.0,1.0,0.0,0.0,0.0,0.0,0.0,1.0,Placed
-1.1855721587832007,-1.0349509382235567,-0.34237376646732476,-0.1797796163894137,0.9719520415789541,0.7848562351263942,-0.874536702811302,0.5208251911428283,-0.5829009344273686,-0.21912219316820256,0.7771531158850143,1.411107273940553,1.531375393871975,1.227838163578422,-0.634204364443708,1.139799298563474,-0.026256501830631714,0.0,0.0,0.0,1.0,0.0,0.0,1.0,0.0,0.0,0.0,0.0,0.0,1.0,0.0,0.0,0.0,0.0,0.0,1.0,0.0,Not Placed
-1.1855721587832007,0.7731432104776834,-0.3658200096768662,-0.1797796163894137,0.035130796683576736,-0.20031895540882869,0.3019700722711672,-1.61355475154407,-1.4524808360567223,1.7297410984076023,0.10810565220438077,-0.7659634906326352,0.04597483238731316,-1.9778743925799254,0.14503803833262358,0.845960861192122,-1.225966115501763,0.0,0.0,1.0,0.0,0.0,0.0,0.0,1.0,0.0,0.0,0.0,0.0,0.0,1.0,0.0,1.0,0.0,0.0,0.0,0.0,Placed
1.248451092782051,0.9410376671427997,0.6071990835190901,-0.1797796163894137,-1.8385116931071779,-1.1854941459440516,-0.874536702811302,-1.4337351959330862,-1.2798436497038357,-0.04672274814418928,0.009269095069741896,-0.9435259997999518,-1.5483032571642865,0.6961977149085977,-0.12955214169332205,1.0306593075398292,-0.9654577422474604,0.0,0.0,0.0,0.0,1.0,0.0,0.0,1.0,0.0,0.0,0.0,0.0,0.0,1.0,0.0,0.0,1.0,0.0,0.0,0.0,Not Placed
1.248451092782051,-0.24713848771801683,-1.2333310084298867,-1.309285059673688,0.9719520415789541,-0.20031895540882869,0.3019700722711672,-0.11245237426976755,0.17158750963339403,-0.5489298271271853,-0.8118346103564914,0.013767527884712884,0.6603551693364667,-1.962004528440528,-1.0201148877234152,0.9886823879153503,0.3302286405173618,1.0,0.0,0.0,0.0,0.0,0.0,1.0,0.0,0.0,0.0,1.0,0.0,0.0,0.0,0.0,0.0,0.0,0.0,1.0,0.0,Placed
0.031439466999425084,1.922574490723473,-1.1043766707774112,0.9497258268948607,-1.8385116931071779,1.7700314256616172,1.4784768473536365,-0.4017273115570031,0.037314142470038315,1.7297410984076023,0.4882462565683773,0.4460936371616576,0.6681321356269618,1.688064223620958,-0.2334511287301656,1.6267315662074298,-0.0605339193640926,0.0,0.0,0.0,1.0,0.0,0.0,0.0,1.0,0.0,0.0,0.0,0.0,1.0,0.0,0.0,0.0,0.0,0.0,0.0,1.0,Placed
1.248451092782051,0.2694598404823382,-0.5416668337484246,-1.309285059673688,0.9719520415789541,0.7848562351263942,0.3019700722711672,1.20883044739355,1.1434709291014953,1.6697760740514238,0.9976346664161327,0.49241429172704415,-0.9494768527961244,-0.19251467689767715,0.08566718859728424,0.8039839415676432,1.2077305293739604,0.0,0.0,0.0,0.0,1.0,0.0,0.0,1.0,0.0,0.0,0.0,0.0,1.0,0.0,0.0,1.0,0.0,0.0,0.0,0.0,Placed
1.248451092782051,-0.0017542818228479195,-0.33065064486255485,-0.1797796163894137,-0.9016904482118007,-1.1854941459440516,0.3019700722711672,-0.4408185192985214,-0.7619320906451764,-0.2865828455689039,0.15372252472805992,-0.642441745124936,0.1548523604542521,-0.27979892966436554,0.011453626428109806,0.08198092402660732,0.5153266951980507,0.0,0.0,0.0,1.0,0.0,0.0,1.0,0.0,0.0,0.0,0.0,0.0,0.0,1.0,0.0,0.0,0.0,0.0,1.0,0.0,Placed
0.031439466999425084,0.6052487538125695,0.16172046253780908,-1.309285059673688,-1.8385116931071779,-0.20031895540882869,-0.874536702811302,-0.8630035629069194,-0.6468406330765857,-1.395935796158208,-1.359237080640646,-0.2873167267903029,-1.5483032571642865,-0.8273092424735876,-1.5618738915583883,0.526936272046083,-0.8969029071805386,0.0,0.0,1.0,0.0,0.0,0.0,1.0,0.0,0.0,0.0,0.0,1.0,0.0,0.0,0.0,0.0,0.0,0.0,0.0,1.0,Placed
-1.1855721587832007,0.10156538381722308,-0.07274196955760215,2.079231270179135,-0.9016904482118007,-1.1854941459440516,-0.874536702811302,1.5841060417121253,1.3033201757245383,-0.2940784736134258,1.4690090158274876,-0.21783574494222202,0.5125928098170496,-0.27979892966436554,-1.1833847244955986,0.13235322757598147,0.6867137828653552,0.0,0.0,0.0,1.0,0.0,0.0,1.0,0.0,0.0,1.0,0.0,0.0,0.0,0.0,0.0,0.0,0.0,1.0,0.0,0.0,Placed
-1.1855721587832007,1.1476769984229416,-0.3658200096768662,0.9497258268948607,-0.9016904482118007,1.7700314256616172,-0.874536702811302,0.9195555101063144,1.6230186689706243,0.41800619061619515,1.7275046267950056,0.02148763697894361,1.7724613488773382,1.7356738160391507,1.7035228438852867,-0.45532364716672247,1.1186092437869624,1.0,0.0,0.0,0.0,0.0,0.0,0.0,1.0,0.0,0.0,0.0,0.0,1.0,0.0,0.0,0.0,0.0,0.0,1.0,0.0,Placed
1.248451092782051,1.5480407027782148,0.7713227859858787,-0.1797796163894137,0.035130796683576736,2.75520661619684,-0.874536702811302,0.7162812298504198,1.6230186689706243,1.7297410984076023,1.7275046267950056,0.9093001828155274,0.038197866096817995,1.7118690198300544,0.8278028102890286,1.341288512760973,1.5436492212018775,1.0,0.0,0.0,0.0,0.0,0.0,0.0,1.0,0.0,0.0,0.0,0.0,0.0,0.0,1.0,0.0,0.0,0.0,0.0,1.0,Placed
1.248451092782051,-0.28588336233304257,0.7009840563572559,2.079231270179135,0.9719520415789541,0.7848562351263942,-0.874536702811302,0.7631906791402412,1.0987131400470431,-1.3809445400691631,0.8835924851069339,-0.8045640361037911,-0.24177292036102455,-0.3908879786401492,-0.06275993574106463,-2.0168650571973354,1.036343441706656,1.0,0.0,0.0,0.0,0.0,0.0,0.0,1.0,0.0,0.0,1.0,0.0,0.0,0.0,0.0,0.0,0.0,0.0,0.0,1.0,Placed
1.248451092782051,0.928122708937791,-1.9367183047161205,-0.1797796163894137,0.9719520415789541,0.7848562351263942,-0.874536702811302,-0.16718006510789338,-0.07138334523363107,1.0026651780889364,-0.6977924290472924,1.7585121831809554,-0.7550526955337342,0.49782441316612575,0.226672956718715,1.2321485217373283,-0.4170190617120861,1.0,0.0,0.0,0.0,0.0,0.0,1.0,0.0,0.0,0.0,0.0,1.0,0.0,0.0,0.0,0.0,0.0,0.0,0.0,1.0,Not Placed
-1.1855721587832007,-0.272968404128034,0.31412104339982605,-1.309285059673688,0.035130796683576736,-1.1854941459440516,-0.874536702811302,-1.0428231185179033,-1.2798436497038357,-1.8231865946959802,0.19173658516445957,-0.8817651270461028,-1.5560802234547817,-0.9701380197281678,0.6571116172999276,0.5940993434452488,-0.773504204060079,0.0,1.0,0.0,0.0,0.0,0.0,1.0,0.0,0.0,0.0,0.0,0.0,0.0,0.0,1.0,0.0,0.0,0.0,1.0,0.0,Not Placed
-1.1855721587832007,0.8506329597077372,-0.1196344559766834,0.9497258268948607,-0.9016904482118007,-0.20031895540882869,1.4784768473536365,-0.010815234141820222,1.0731372605873568,1.5798285375171557,-0.2948433884214553,0.013767527884712884,-1.136124043768019,1.1088141825329387,1.5179889384623506,-0.1698805937202658,1.5505047047085694,0.0,0.0,0.0,0.0,1.0,0.0,0.0,1.0,0.0,0.0,0.0,1.0,0.0,0.0,0.0,0.0,1.0,0.0,0.0,0.0,Placed
-1.1855721587832007,-0.9703761471985126,0.4665216242618447,2.079231270179135,0.9719520415789541,-0.20031895540882869,-0.874536702811302,1.1697392396520316,0.29946690693182837,1.7297410984076023,0.41982094778285745,0.561895273575125,0.6059164053029972,-0.15284001654918275,1.7035228438852867,-0.6400220935144291,0.12456413531659641,0.0,0.0,0.0,1.0,0.0,0.0,0.0,1.0,0.0,0.0,1.0,0.0,0.0,0.0,0.0,0.0,0.0,1.0,0.0,0.0,Placed
1.248451092782051,-0.5441825264332201,-0.1079113343719135,2.079231270179135,-0.9016904482118007,-0.20031895540882869,0.3019700722711672,1.7326526311298953,1.5654729401863283,1.7297410984076023,0.10810565220438077,-0.3027569449787655,0.8858871917608385,-0.1211002882703879,-0.797474201215892,-1.4207927985297355,0.9952105406665033,0.0,0.0,1.0,0.0,0.0,0.0,0.0,1.0,0.0,0.0,0.0,0.0,0.0,1.0,0.0,0.0,0.0,0.0,1.0,0.0,Placed
-1.1855721587832007,0.14031025843224998,-0.6354518065865887,0.9497258268948607,0.035130796683576736,0.7848562351263942,1.4784768473536365,-0.2844536883324482,0.16519353976847267,-0.18913968099011283,-1.1463583421968078,1.1795040011136182,0.2792838211021814,0.07727301347208414,-0.09986671682565185,0.30865628999879335,0.04915381674298186,0.0,0.0,0.0,0.0,0.0,1.0,0.0,1.0,0.0,1.0,0.0,0.0,0.0,0.0,0.0,0.0,0.0,1.0,0.0,0.0,Placed
1.248451092782051,0.3598645479174006,-0.23686567202438902,-0.1797796163894137,0.035130796683576736,-1.1854941459440516,1.4784768473536365,-0.4408185192985214,0.05010208219988193,0.6503706599963868,0.4502321961319776,-0.009392799397981483,0.27150685481168624,-0.6210010086614172,-0.30766469089934007,2.264780744499508,0.7895460354657379,0.0,0.0,1.0,0.0,0.0,0.0,0.0,1.0,0.0,0.0,1.0,0.0,0.0,0.0,0.0,0.0,1.0,0.0,0.0,0.0,Placed
0.031439466999425084,1.94840440713349,0.44307538105230326,-0.1797796163894137,0.9719520415789541,-1.1854941459440516,1.4784768473536365,-0.19063478975280412,-0.09056525482839606,1.1600733670239058,0.009269095069741896,-0.7042026178787862,-0.09401056084160755,0.5930435980025114,-1.4505535483046268,0.2163070668249392,0.45362734363782076,0.0,0.0,0.0,1.0,0.0,0.0,0.0,0.0,1.0,0.0,0.0,0.0,0.0,1.0,0.0,1.0,0.0,0.0,0.0,0.0,Placed
0.031439466999425084,-1.2415902695036987,0.3375672866093675,-0.1797796163894137,-0.9016904482118007,-0.20031895540882869,1.4784768473536365,0.07518542288951957,0.14601163017370772,-0.5639210832162291,-0.5305305631271338,-0.7968439270095593,-0.972807751667611,-1.565257924955584,-0.4412491028038549,-0.38816057576755536,0.5633150797448953,0.0,0.0,1.0,0.0,0.0,0.0,0.0,1.0,0.0,0.0,1.0,0.0,0.0,0.0,0.0,0.0,1.0,0.0,0.0,0.0,Not Placed
0.031439466999425084,0.721483377657649,-0.3775431312816361,0.9497258268948607,-1.8385116931071779,-0.20031895540882869,-0.874536702811302,1.3104675875214973,1.3800478141035992,0.02823353230103398,1.1040740356380512,0.2608110189001092,0.9947647198277775,-1.5335181966767886,-1.0201148877234152,-0.6316267095895332,1.0843318262535013,0.0,0.0,1.0,0.0,0.0,0.0,1.0,0.0,0.0,0.0,0.0,1.0,0.0,0.0,0.0,0.0,0.0,0.0,1.0,0.0,Not Placed
0.031439466999425084,-0.32462823694806947,-2.3821969256974023,-0.1797796163894137,0.035130796683576736,-1.1854941459440516,-0.874536702811302,-1.7073736501237142,-0.6084768138870553,0.4929624710614184,-0.8954655433165702,-1.5997352728096008,-0.3584274147184587,0.9739203373480586,0.44931364322623835,0.8291700933423314,-1.767549312530445,1.0,0.0,0.0,0.0,0.0,0.0,0.0,1.0,0.0,1.0,0.0,0.0,0.0,0.0,0.0,1.0,0.0,0.0,0.0,0.0,Placed
0.031439466999425084,-0.04049915643787483,1.298863258200554,-0.1797796163894137,-0.9016904482118007,-0.20031895540882869,-0.874536702811302,0.3175509108869336,1.1626528386962605,-0.09919214445584577,1.23332184112181,-0.8740450179518715,-0.5606285382713441,0.42641002453883536,0.10050990103111933,-1.0513959058343219,0.631869914811817,0.0,0.0,1.0,0.0,0.0,0.0,1.0,0.0,0.0,0.0,0.0,0.0,0.0,1.0,0.0,0.0,1.0,0.0,0.0,0.0,Placed
-1.1855721587832007,-0.5700124428432384,0.2672285569807448,2.079231270179135,0.9719520415789541,0.7848562351263942,1.4784768473536365,0.8335548530749746,1.4120176634282078,1.1900558792019944,-0.38607713346881467,1.5655094558251763,1.5935911241959395,0.021728488984192863,0.7758533167706062,-0.9926282183600511,1.653336957308952,1.0,0.0,0.0,0.0,0.0,0.0,0.0,1.0,0.0,0.0,0.0,0.0,0.0,0.0,1.0,0.0,0.0,1.0,0.0,0.0,Placed
-1.1855721587832007,-0.686247066688318,-0.9636992115201641,-0.1797796163894137,0.035130796683576736,-0.20031895540882869,-0.874536702811302,0.8335548530749746,0.5808015809883844,-1.290997003534895,-1.7621861212664822,-0.8277243633864844,0.26372988852118995,-0.35914825036135434,-1.2279128617971033,-1.7482127716006706,0.7347021674121997,0.0,1.0,0.0,0.0,0.0,0.0,1.0,0.0,0.0,0.0,1.0,0.0,0.0,0.0,0.0,0.0,1.0,0.0,0.0,0.0,Placed
1.248451092782051,-1.4998894336038762,-0.23686567202438902,0.9497258268948607,-0.9016904482118007,-0.20031895540882869,-0.874536702811302,-1.1288237755492436,-0.1736868630723782,-0.5189473149490956,0.3133815785609391,-0.8277243633864844,0.10041359642078264,-0.15284001654918275,1.7035228438852867,-0.24543904904432823,-0.6089725998994668,1.0,0.0,0.0,0.0,0.0,0.0,0.0,1.0,0.0,0.0,0.0,0.0,0.0,1.0,0.0,0.0,0.0,1.0,0.0,0.0,Placed
1.248451092782051,0.928122708937791,0.3492904082141391,0.9497258268948607,0.035130796683576736,-0.20031895540882869,0.3019700722711672,1.0759203410723874,1.6230186689706243,1.0776214585341597,0.4730406323938172,0.5696153826693557,1.4458287646765227,1.7753484763876453,-0.6564684330944601,-1.1605358968579664,1.0637653757334251,1.0,0.0,0.0,0.0,0.0,0.0,0.0,1.0,0.0,0.0,1.0,0.0,0.0,0.0,0.0,0.0,0.0,0.0,1.0,0.0,Placed
1.248451092782051,0.4115243807374361,0.5837528403095503,-0.1797796163894137,-0.9016904482118007,0.7848562351263942,0.3019700722711672,0.3957333263699702,0.5232558522040885,-0.6688598758395421,0.4730406323938172,1.1795040011136182,-0.8328223584386902,1.4658861256693883,1.5550957195469377,0.9299147004410797,0.8581008705326597,1.0,0.0,0.0,0.0,0.0,0.0,0.0,0.0,1.0,0.0,0.0,0.0,0.0,0.0,1.0,0.0,0.0,0.0,1.0,0.0,Placed
-1.1855721587832007,-1.577379182833929,0.8299383940097315,0.9497258268948607,1.9087732864743314,0.7848562351263942,-0.874536702811302,1.3964682445528382,1.6230186689706243,1.3999334644486194,1.7046961905331661,0.724017564553979,0.2248450570687119,0.6803278507691998,-0.13697349791023905,1.0894269950140998,1.1323202108003467,1.0,0.0,0.0,0.0,0.0,0.0,1.0,0.0,0.0,0.0,0.0,1.0,0.0,0.0,0.0,1.0,0.0,0.0,0.0,0.0,Placed
1.248451092782051,-0.19547865489798133,-0.729236779424753,-0.1797796163894137,-0.9016904482118007,-1.1854941459440516,0.3019700722711672,-1.0193683938729925,-0.6084768138870553,-1.4858833326924754,-0.31765182468329595,-0.009392799397981483,0.31039168626416425,0.2835812472842557,-0.5006199525391942,0.3002609060738969,-0.9311803247139995,0.0,0.0,1.0,0.0,0.0,0.0,1.0,0.0,0.0,0.0,0.0,0.0,0.0,1.0,0.0,1.0,0.0,0.0,0.0,0.0,Placed
-1.1855721587832007,-0.40211798617812333,1.0057852180812898,-1.309285059673688,0.9719520415789541,0.7848562351263942,-0.874536702811302,-1.339916297353442,-1.7146336005185128,-0.8937287171752119,0.8075643642341346,0.7703382191193667,-0.47508190907589276,1.7753484763876453,-0.2854006222485879,-1.3872112628301525,-1.3219428845954533,0.0,0.0,0.0,0.0,1.0,0.0,0.0,1.0,0.0,0.0,1.0,0.0,0.0,0.0,0.0,0.0,0.0,0.0,1.0,0.0,Placed
1.248451092782051,0.3727795061224092,-0.729236779424753,-0.1797796163894137,-0.9016904482118007,-0.20031895540882869,2.654983622436106,-1.8402837564448766,-1.6698758114640606,-0.39152163819221586,-0.203609643374097,0.29941156437126504,-0.14067235858458077,-0.5575215521038264,-0.5080413087561112,0.014817852627441399,-2.2131557404654365,0.0,1.0,0.0,0.0,0.0,0.0,0.0,1.0,0.0,0.0,0.0,0.0,0.0,1.0,0.0,0.0,1.0,0.0,0.0,0.0,Not Placed
0.031439466999425084,-0.04049915643787483,1.3574788662244068,0.9497258268948607,0.9719520415789541,-0.20031895540882869,-0.874536702811302,-0.7691846643272753,1.053955350992591,-0.5714167112607521,-1.8458170542265615,0.4152132007847325,0.528146742398041,0.49782441316612575,1.2730841833040751,0.8795423968917055,0.6592918488385862,0.0,0.0,0.0,0.0,0.0,1.0,1.0,0.0,0.0,0.0,1.0,0.0,0.0,0.0,0.0,0.0,0.0,1.0,0.0,0.0,Placed
-1.1855721587832007,-0.169648738487963,-0.38926625288640765,-1.309285059673688,-0.9016904482118007,-0.20031895540882869,1.4784768473536365,1.3730135199079274,1.6230186689706243,-2.9700176855078966,0.19933939725174016,-0.6656020724076304,-1.9138206728175797,0.5771737338631145,-0.9681653942049929,-0.027159066997037455,1.529938254188493,0.0,0.0,0.0,1.0,0.0,0.0,1.0,0.0,0.0,0.0,0.0,0.0,1.0,0.0,0.0,0.0,1.0,0.0,0.0,0.0,Placed
-1.1855721587832007,0.6439936284275952,-0.8581911170772302,-0.1797796163894137,-0.9016904482118007,-0.20031895540882869,-0.874536702811302,1.4981053846807855,0.49128600287947993,-0.5189473149490956,-0.2796377642468963,-1.391292327265359,-1.0272465157010804,0.33119083970244856,-0.06275993574106463,-0.31260212044349417,0.755268617932277,0.0,0.0,0.0,0.0,0.0,1.0,1.0,0.0,0.0,0.0,1.0,0.0,0.0,0.0,0.0,1.0,0.0,0.0,0.0,0.0,Placed
0.031439466999425084,1.3155714550880555,0.3844597730284504,-0.1797796163894137,0.9719520415789541,-0.20031895540882869,0.3019700722711672,0.24718673695220025,0.011738263010351076,1.1975515072465175,-1.3212230202042463,-0.549800435994163,-0.3973122461709367,-0.30360372587346196,-0.07760264817489973,-0.010368299147245675,0.8649563540393514,0.0,0.0,0.0,0.0,1.0,0.0,0.0,1.0,0.0,0.0,1.0,0.0,0.0,0.0,0.0,0.0,1.0,0.0,0.0,0.0,Placed
1.248451092782051,1.1089321238079135,-2.5111512633498787,-1.309285059673688,0.035130796683576736,0.7848562351263942,1.4784768473536365,-0.16718006510789338,0.30586087679675067,1.4598984888047988,-0.994302100451209,-0.6192814178422428,-0.21844202148953684,-1.09709693284335,0.7535892481198542,-0.4721144150165131,0.06286478375636641,0.0,0.0,0.0,0.0,0.0,1.0,0.0,1.0,0.0,0.0,0.0,0.0,1.0,0.0,0.0,0.0,0.0,1.0,0.0,0.0,Placed
-1.1855721587832007,0.6569085866326039,0.8182152724049615,0.9497258268948607,-0.9016904482118007,0.7848562351263942,-0.874536702811302,0.966464959396137,-0.8514476687540808,0.043224788390078844,0.3133815785609391,0.06780829154433016,-0.6150673023048135,1.6642594274118603,-0.02565315465647741,1.0054731557651422,0.3096621899972854,1.0,0.0,0.0,0.0,0.0,0.0,1.0,0.0,0.0,0.0,0.0,0.0,0.0,0.0,1.0,0.0,1.0,0.0,0.0,0.0,Placed
-1.1855721587832007,-0.996206063608531,-1.0574841843583282,0.9497258268948607,0.035130796683576736,-1.1854941459440516,0.3019700722711672,-1.2226426741288872,-1.9000587266012425,-0.5114516869045737,-0.11997871041401713,0.7548980009309041,-1.3538790999018961,-0.6606756690099116,-0.6713111455282952,0.5437270398958747,-1.5550293238229873,0.0,0.0,1.0,0.0,0.0,0.0,1.0,0.0,0.0,0.0,0.0,0.0,1.0,0.0,0.0,1.0,0.0,0.0,0.0,0.0,Placed
-1.1855721587832007,1.1218470820129223,0.021043003280562012,2.079231270179135,0.035130796683576736,1.7700314256616172,-0.874536702811302,1.0759203410723874,0.7470447974763487,0.2231198614586151,1.7275046267950056,1.0791425828886132,1.7724613488773382,1.5690402425754748,1.6664160628006994,-0.5728590221152625,0.4810492776645899,1.0,0.0,0.0,0.0,0.0,0.0,0.0,1.0,0.0,0.0,0.0,0.0,1.0,0.0,0.0,0.0,0.0,1.0,0.0,0.0,Placed
1.248451092782051,-0.33754319515307807,0.3492904082141391,0.9497258268948607,0.035130796683576736,0.7848562351263942,2.654983622436106,-0.3939090700086999,0.6383473097726793,-0.878737461086167,-0.8574514828801706,-0.0016726903037496612,1.0258725849897603,0.8787011525116718,1.3398763892563315,0.24149321859962744,0.816967969492506,0.0,0.0,1.0,0.0,0.0,0.0,0.0,1.0,0.0,0.0,0.0,0.0,0.0,0.0,1.0,0.0,0.0,0.0,1.0,0.0,Placed
0.031439466999425084,0.07573546740720476,-1.4912396837348394,0.9497258268948607,-1.8385116931071779,0.7848562351263942,0.3019700722711672,-0.15936182355959017,-0.045807465773943845,-0.8187724367299887,-0.9258767916656898,1.2335447647732365,-0.14067235858458077,-0.3274085220825584,-0.7084179266128824,0.7620070219431643,-0.6158280834061587,0.0,1.0,0.0,0.0,0.0,0.0,0.0,1.0,0.0,0.0,1.0,0.0,0.0,0.0,0.0,0.0,0.0,1.0,0.0,0.0,Placed
-1.1855721587832007,-0.6733321084833094,1.9084655816486236,-1.309285059673688,0.035130796683576736,-1.1854941459440516,0.3019700722711672,0.3175509108869336,-0.3143542001006562,-0.8262680647745111,-2.1803407860668784,-0.8817651270461028,-2.722625167029123,-2.0096141208587213,0.2489370253694682,-0.22864828119453642,-0.046822952350708054,0.0,0.0,0.0,1.0,0.0,0.0,1.0,0.0,0.0,0.0,0.0,0.0,0.0,1.0,0.0,0.0,0.0,0.0,0.0,1.0,Not Placed
1.248451092782051,0.7085684194526405,0.3258441650045976,0.9497258268948607,0.035130796683576736,0.7848562351263942,0.3019700722711672,-0.42518203620191386,0.2227392685527676,-1.1485800706889708,0.8455784246705342,-0.6887623996903236,1.243627641123637,1.3309922804845082,-0.09244536060873482,-0.4301374953920342,-0.10166682040424528,0.0,0.0,0.0,0.0,1.0,0.0,1.0,0.0,0.0,0.0,0.0,1.0,0.0,0.0,0.0,0.0,0.0,0.0,0.0,1.0,Placed
1.248451092782051,1.8063398668783934,-1.1043766707774112,0.9497258268948607,0.9719520415789541,0.7848562351263942,-0.874536702811302,1.4981053846807855,1.117895049641808,1.1900558792019944,0.9064009213687734,0.5464550553866625,-0.5917364034333269,0.7200025111176942,0.7535892481198542,1.2573346735120152,1.5367937376951848,0.0,1.0,0.0,0.0,0.0,0.0,0.0,1.0,0.0,0.0,0.0,1.0,0.0,0.0,0.0,0.0,0.0,1.0,0.0,0.0,Placed
0.031439466999425084,-2.972194668974886,-0.9285298467058528,-0.1797796163894137,-0.9016904482118007,-0.20031895540882869,0.3019700722711672,-0.730093456585757,-0.953751186592828,-3.449737880357325,-1.7697889333537622,-0.5652406541826244,-2.2560071895993863,-0.470237299337138,-0.9904294628557451,-0.9842328344351559,-0.5541287318459296,0.0,1.0,0.0,0.0,0.0,0.0,1.0,0.0,0.0,0.0,0.0,0.0,0.0,1.0,0.0,0.0,1.0,0.0,0.0,0.0,Not Placed
-1.1855721587832007,-0.36337311156309643,0.8768308804288144,-1.309285059673688,0.9719520415789541,0.7848562351263942,-0.874536702811302,-2.25465055850497,-1.6059361128148435,0.1181810688353021,0.5186575049174963,-0.032553126680674754,-1.1905628078014883,0.30738604349335213,0.731325179469102,-0.9926282183600511,-1.6235841588899091,0.0,0.0,0.0,0.0,1.0,0.0,0.0,1.0,0.0,0.0,0.0,0.0,1.0,0.0,0.0,0.0,0.0,0.0,0.0,1.0,Not Placed
-1.1855721587832007,0.3082047150973651,1.099570190919454,-0.1797796163894137,0.9719520415789541,0.7848562351263942,1.4784768473536365,0.9430102347512263,1.2457744469402425,0.4929624710614184,1.5678455729621275,1.7585121831809554,-0.9183689876341421,0.48195454902672774,-0.12955214169332205,-1.840561994774524,1.036343441706656,1.0,0.0,0.0,0.0,0.0,0.0,1.0,0.0,0.0,0.0,0.0,0.0,0.0,0.0,1.0,0.0,0.0,0.0,0.0,1.0,Placed
0.031439466999425084,3.1236656037892967,0.5485834754952373,2.079231270179135,-1.8385116931071779,0.7848562351263942,-0.874536702811302,1.2479216551350683,0.2099513288229249,0.8677438732875347,1.316952774081889,1.4188273830347837,0.90144112434183,1.0612045901147458,1.7035228438852867,2.264780744499508,0.9266557055995814,0.0,0.0,0.0,0.0,1.0,0.0,0.0,1.0,0.0,1.0,0.0,0.0,0.0,0.0,0.0,0.0,0.0,0.0,0.0,1.0,Placed
0.031439466999425084,-0.32462823694806947,1.240247650176701,0.9497258268948607,-1.8385116931071779,0.7848562351263942,-0.874536702811302,-0.15936182355959017,-0.42305168780432556,0.2381111175476589,1.7275046267950056,-0.1792351994710662,0.9325489895038129,1.0612045901147458,-0.30766469089934007,-0.8079297720123445,-0.7186603360065418,1.0,0.0,0.0,0.0,0.0,0.0,0.0,0.0,1.0,0.0,0.0,0.0,1.0,0.0,0.0,0.0,0.0,0.0,0.0,1.0,Not Placed
1.248451092782051,-0.04049915643787483,-0.01412636153374934,-1.309285059673688,0.9719520415789541,1.7700314256616172,-0.874536702811302,-0.0889976496248568,-0.18008083293730048,-1.3434663998465515,1.674284942184046,1.3570665102809347,-1.120570111187028,0.7041326469782963,-0.3596141844177624,-0.7155805488384909,-0.5061403472990842,1.0,0.0,0.0,0.0,0.0,0.0,0.0,1.0,0.0,0.0,1.0,0.0,0.0,0.0,0.0,0.0,0.0,1.0,0.0,0.0,Placed
1.248451092782051,0.3986094225324263,0.12655109772349774,-0.1797796163894137,0.9719520415789541,-1.1854941459440516,0.3019700722711672,-0.2688172052358407,0.23552720828261123,0.537936239328552,-1.5949242553463239,0.6082159281405116,1.7724613488773382,1.4579511935996898,0.4270495745754862,-0.4217421114671389,-0.11537778741762984,0.0,0.0,0.0,0.0,0.0,1.0,1.0,0.0,0.0,0.0,0.0,1.0,0.0,0.0,0.0,0.0,0.0,0.0,1.0,0.0,Placed
-1.1855721587832007,0.7473132940676662,1.1933551637576183,0.9497258268948607,1.9087732864743314,-0.20031895540882869,-0.874536702811302,0.4426427756597917,-0.3463240494252648,1.6322979338288122,-0.5153249389525737,1.7585121831809554,-0.039571796808138084,0.7200025111176942,1.7035228438852867,1.1817762181879528,-0.48557389677900786,0.0,0.0,1.0,0.0,0.0,0.0,0.0,1.0,0.0,0.0,0.0,0.0,0.0,1.0,0.0,0.0,0.0,1.0,0.0,0.0,Placed
-1.1855721587832007,0.7343983358626577,-0.5416668337484246,-0.1797796163894137,0.9719520415789541,-0.20031895540882869,-0.874536702811302,-1.1913697079356727,-0.6276587234818207,-0.1441659127229793,0.4730406323938172,-0.9589662179884144,-0.335096515846971,-0.18457974482797873,0.2044088880679629,0.26667937037431455,-1.068289994847843,0.0,0.0,0.0,0.0,0.0,1.0,0.0,1.0,0.0,0.0,0.0,0.0,0.0,0.0,1.0,0.0,1.0,0.0,0.0,0.0,Placed
0.031439466999425084,1.431806078933135,-0.6002824417722774,0.9497258268948607,0.9719520415789541,-0.20031895540882869,-0.874536702811302,0.6459170559156864,0.7598327372061923,0.7927875928423115,0.7847559279722939,0.3843327644078085,0.3570534840071375,1.1246840466723367,0.09308854481420126,1.609940798357638,1.2282969798940366,0.0,0.0,0.0,0.0,1.0,0.0,1.0,0.0,0.0,0.0,0.0,0.0,0.0,1.0,0.0,1.0,0.0,0.0,0.0,0.0,Placed
0.031439466999425084,1.3414013714980728,-0.3775431312816361,-0.1797796163894137,0.035130796683576736,-1.1854941459440516,-0.874536702811302,-0.5737286256196839,-0.7299622413205679,0.03572916034555695,-0.5685446235635334,-1.036167308930726,0.014866967225331394,-0.5257818238250304,1.7035228438852867,0.526936272046083,-0.7118048524998496,0.0,0.0,0.0,0.0,1.0,0.0,0.0,1.0,0.0,0.0,0.0,0.0,1.0,0.0,0.0,0.0,0.0,1.0,0.0,0.0,Placed
0.031439466999425084,-0.0017542818228479195,0.2203360705616619,0.9497258268948607,-0.9016904482118007,-0.20031895540882869,-0.874536702811302,0.043912456696305606,-0.9217813372682194,-0.0017489798770546838,0.9672234180670126,-0.9898466543653389,0.5125928098170496,0.38673536419034094,0.4122068621416511,0.9131239325912891,-0.5198513143124688,0.0,0.0,0.0,0.0,1.0,0.0,0.0,1.0,0.0,0.0,1.0,0.0,0.0,0.0,0.0,0.0,0.0,0.0,0.0,1.0,Placed
-1.1855721587832007,-0.32462823694806947,-0.8347448738676887,2.079231270179135,-0.9016904482118007,-0.20031895540882869,0.3019700722711672,0.45827925875639924,1.1498648989664166,-1.4858833326924754,0.19173658516445957,0.2762512370885718,1.7724613488773382,0.013793556914493306,0.49384178052774363,0.6780531826942066,1.187164078853884,0.0,1.0,0.0,0.0,0.0,0.0,0.0,1.0,0.0,0.0,0.0,0.0,0.0,0.0,1.0,0.0,0.0,0.0,0.0,1.0,Placed
-1.1855721587832007,-0.1825636966929716,1.0057852180812898,-0.1797796163894137,1.9087732864743314,0.7848562351263942,-0.874536702811302,-1.113187292452636,-1.55478435389547,1.1225952268012942,1.30174714990733,-0.4648792359576195,1.7257995511343651,0.0693380814023857,-0.3299287595500932,-1.0513959058343219,-1.7469828620103687,1.0,0.0,0.0,0.0,0.0,0.0,1.0,0.0,0.0,0.0,0.0,0.0,0.0,0.0,1.0,1.0,0.0,0.0,0.0,0.0,Placed
-1.1855721587832007,-1.1253556456586191,-0.27203503683870206,-1.309285059673688,1.9087732864743314,-1.1854941459440516,0.3019700722711672,-1.12100553400094,0.1332236904438641,-0.9237112293533011,-1.2984145839424064,-0.9589662179884144,-1.4316487628068524,0.354995635911545,-1.3763399861354524,-1.0094189862098428,-0.21135455651132073,0.0,0.0,0.0,1.0,0.0,0.0,0.0,1.0,0.0,0.0,0.0,0.0,1.0,0.0,0.0,1.0,0.0,0.0,0.0,0.0,Placed
-1.1855721587832007,0.04990555099718758,0.13827421932826764,-1.309285059673688,-0.9016904482118007,-1.1854941459440516,-0.874536702811302,-0.9880954276797774,-1.2222979209195404,-1.3134838876684622,-1.1007414696731286,-2.927594037017361,0.02264393351582656,-0.28773386173406396,-0.649047076877543,0.5437270398958747,-1.3356538516088379,0.0,0.0,1.0,0.0,0.0,0.0,1.0,0.0,0.0,0.0,0.0,1.0,0.0,0.0,0.0,0.0,0.0,1.0,0.0,0.0,Not Placed
-1.1855721587832007,-1.848593305139115,1.6622800279484407,2.079231270179135,-1.8385116931071779,-0.20031895540882869,-0.874536702811302,-1.3477345389017459,-1.8233310882221818,-0.9536937415313903,-0.9714936641893696,-2.4566673822692597,-0.05512572938912952,0.005858624844794876,1.7035228438852867,-0.1614852097953705,-1.609873191876525,0.0,1.0,0.0,0.0,0.0,0.0,0.0,1.0,0.0,0.0,0.0,0.0,1.0,0.0,0.0,1.0,0.0,0.0,0.0,0.0,Placed
1.248451092782051,0.04990555099718758,0.17344358414258065,-1.309285059673688,-0.9016904482118007,0.7848562351263942,-0.874536702811302,0.8804643023647961,1.1818347482910254,-1.036145650021136,-1.6329383157827235,0.561895273575125,0.05375179867780944,0.3629305679812445,-0.21118706007941349,0.49335473634650057,-0.046822952350708054,0.0,0.0,1.0,0.0,0.0,0.0,1.0,0.0,0.0,0.0,0.0,0.0,1.0,0.0,0.0,0.0,0.0,0.0,0.0,1.0,Not Placed
0.031439466999425084,-0.14381882207794583,-0.2485887936291606,0.9497258268948607,-0.9016904482118007,0.7848562351263942,-0.874536702811302,-0.4799097270400397,-0.6084768138870553,0.1781460931914805,0.5642743774411766,-0.032553126680674754,-0.07845662826061611,1.1405539108117346,-1.8735708526689212,-0.7491620845380739,0.13827510232998097,0.0,0.0,0.0,0.0,1.0,0.0,0.0,1.0,0.0,0.0,1.0,0.0,0.0,0.0,0.0,0.0,1.0,0.0,0.0,0.0,Placed
-1.1855721587832007,1.1864218730379674,0.9120002452431257,2.079231270179135,0.035130796683576736,-0.20031895540882869,1.4784768473536365,1.1853757227486392,0.4848920330145586,1.339968440092441,1.0964712235507716,0.5310148371982,0.26372988852118995,1.426211465320894,1.5031462260285156,-0.4301374953920342,0.974644090146426,0.0,0.0,0.0,1.0,0.0,0.0,0.0,1.0,0.0,1.0,0.0,0.0,0.0,0.0,0.0,0.0,0.0,1.0,0.0,0.0,Placed
1.248451092782051,-0.1825636966929716,0.6775378131477144,-1.309285059673688,0.9719520415789541,-0.20031895540882869,2.654983622436106,-1.5197358529644265,-1.9895743047101466,-0.8712418330416452,-2.2487660948523973,-0.26415639950760966,-1.5794111223262688,0.11694767382057854,-0.06275993574106463,-1.2025128164824455,-2.028057685784748,0.0,0.0,0.0,1.0,0.0,0.0,1.0,0.0,0.0,0.0,1.0,0.0,0.0,0.0,0.0,0.0,0.0,0.0,1.0,0.0,Placed
1.248451092782051,-0.49252269361318457,0.03276612488533357,-0.1797796163894137,0.035130796683576736,-1.1854941459440516,0.3019700722711672,-0.5033644516849505,-0.371899928884952,-0.2041309370791577,-0.7282036773964116,0.5850556008578183,-1.2838864032874353,-0.7955695141947928,-0.5525694460576165,-0.6987897809886991,0.008020915702829179,0.0,0.0,0.0,1.0,0.0,0.0,0.0,1.0,0.0,1.0,0.0,0.0,0.0,0.0,0.0,0.0,0.0,0.0,0.0,1.0,Placed
0.031439466999425084,-0.9703761471985126,-0.6237286849818189,0.9497258268948607,0.9719520415789541,-0.20031895540882869,-0.874536702811302,1.4355594522943564,1.6230186689706243,-0.24910470534629228,0.49584906865565676,0.13728927339241107,-1.237224605544462,1.0056600656268535,1.072707565447304,-0.8415113077119275,0.6113034642917407,0.0,0.0,0.0,0.0,1.0,0.0,1.0,0.0,0.0,0.0,0.0,1.0,0.0,0.0,0.0,1.0,0.0,0.0,0.0,0.0,Not Placed
-1.1855721587832007,-0.06632907284789201,-0.8347448738676887,-0.1797796163894137,0.035130796683576736,-1.1854941459440516,0.3019700722711672,-0.7222752150374537,-0.25680847131636125,0.20812860536957023,1.3853780828674087,-0.4725993450518513,-2.458208313152272,0.3629305679812445,0.6571116172999276,-0.8247205398621357,-0.47871841327231507,0.0,0.0,1.0,0.0,0.0,0.0,0.0,0.0,1.0,0.0,0.0,0.0,0.0,0.0,1.0,0.0,0.0,1.0,0.0,0.0,Not Placed
1.248451092782051,-0.0017542818228479195,-0.0024032399289777785,-1.309285059673688,0.035130796683576736,-0.20031895540882869,-0.874536702811302,0.544279915787739,0.7790146468009572,-1.0136587658875693,1.3777752707801294,-0.27187650860184037,-1.3227712347399134,0.41847509246913694,0.026296338861944903,0.55212242382077,0.5427486292248189,0.0,0.0,0.0,0.0,1.0,0.0,1.0,0.0,0.0,0.0,0.0,1.0,0.0,0.0,0.0,1.0,0.0,0.0,0.0,0.0,Placed
0.031439466999425084,-0.24713848771801683,-0.1196344559766834,-0.1797796163894137,-0.9016904482118007,0.7848562351263942,-0.874536702811302,-0.33918137917057406,-0.28877832064096987,0.09569418470173534,0.5262603170047769,0.013767527884712884,0.18596022561623388,0.2756463152145562,-1.3095477801831954,-0.30420673651859764,-0.38274164417862516,0.0,0.0,0.0,0.0,0.0,1.0,1.0,0.0,0.0,1.0,0.0,0.0,0.0,0.0,0.0,0.0,0.0,0.0,1.0,0.0,Placed
1.248451092782051,-0.6216722756632739,-0.21341942881484924,-0.1797796163894137,0.9719520415789541,0.7848562351263942,1.4784768473536365,0.5911893650775617,-0.5061732960483077,-0.7438161562847654,0.047283155506141546,-0.6192814178422428,0.3959383154596155,-0.7320900576372008,-0.3967209655023496,-0.8583020755617192,0.49476024467797347,0.0,0.0,0.0,0.0,1.0,0.0,0.0,1.0,0.0,0.0,0.0,0.0,1.0,0.0,0.0,0.0,1.0,0.0,0.0,0.0,Placed
1.248451092782051,-0.9445462307884955,0.6892609347524844,-1.309285059673688,0.9719520415789541,-0.20031895540882869,0.3019700722711672,-0.941185978389956,-0.6788104824011943,-0.8337636928190335,-0.39367994555609526,-1.4530532000192087,-0.5372976393998574,-1.4541688759797997,-0.5377267336237814,-0.8331159237870316,0.1314196188232882,0.0,0.0,0.0,0.0,0.0,1.0,1.0,0.0,0.0,0.0,0.0,0.0,0.0,0.0,1.0,0.0,0.0,0.0,0.0,1.0,Placed
-1.1855721587832007,-0.2342235295130071,-0.16652694239576632,-1.309285059673688,0.9719520415789541,-1.1854941459440516,1.4784768473536365,-3.0677476795285505,-3.3067320968840206,1.3099859279143524,-0.8954655433165702,-1.32953145451151,0.014866967225331394,-0.5575215521038264,0.575476698913835,0.5185408881211877,-2.693039585933889,0.0,0.0,0.0,1.0,0.0,0.0,1.0,0.0,0.0,1.0,0.0,0.0,0.0,0.0,0.0,0.0,0.0,0.0,0.0,1.0,Not Placed
0.031439466999425084,0.4890141299674887,0.25550543537597326,2.079231270179135,0.035130796683576736,1.7700314256616172,-0.874536702811302,-0.19063478975280412,1.2074106277507126,0.5229449832395081,0.4654378203065377,1.7507920740867247,0.3959383154596155,1.7753484763876453,1.7035228438852867,0.753611638018269,0.6867137828653552,0.0,0.0,0.0,0.0,0.0,1.0,1.0,0.0,0.0,0.0,0.0,0.0,0.0,0.0,1.0,0.0,1.0,0.0,0.0,0.0,Placed
1.248451092782051,-0.49252269361318457,0.5134141106809259,-0.1797796163894137,1.9087732864743314,1.7700314256616172,-0.874536702811302,1.7717438388714135,1.6230186689706243,0.6428750319518649,0.3133815785609391,0.3843327644078085,-0.4906358416568831,-1.2002510497494352,0.90943772867512,-2.142795816070772,1.5710711552286456,0.0,1.0,0.0,0.0,0.0,0.0,0.0,1.0,0.0,0.0,1.0,0.0,0.0,0.0,0.0,0.0,0.0,0.0,0.0,1.0,Placed
0.031439466999425084,1.7546800340583568,0.30239792179505615,-0.1797796163894137,0.9719520415789541,0.7848562351263942,2.654983622436106,0.06736718134121636,-1.0560547044315756,1.7297410984076023,0.26016189394997935,0.29941156437126504,1.648029888229409,0.42641002453883536,1.7035228438852867,0.07358554010171203,-1.225966115501763,0.0,0.0,0.0,0.0,1.0,0.0,1.0,0.0,0.0,0.0,1.0,0.0,0.0,0.0,0.0,0.0,0.0,1.0,0.0,0.0,Placed
-1.1855721587832007,-0.41503294438313193,-1.5733015349682338,-1.309285059673688,0.035130796683576736,0.7848562351263942,0.3019700722711672,-0.5737286256196839,-0.9025994276734545,-1.8156909666514578,-0.7434093015709716,-0.21783574494222202,-2.5126470771857417,-0.08142562792189349,-0.797474201215892,-0.6568128613642202,-0.7803596875667713,0.0,0.0,1.0,0.0,0.0,0.0,0.0,1.0,0.0,0.0,0.0,0.0,1.0,0.0,0.0,0.0,0.0,1.0,0.0,0.0,Placed
0.031439466999425084,1.3414013714980728,1.4629869606673425,-0.1797796163894137,-1.8385116931071779,-0.20031895540882869,1.4784768473536365,-1.058459601614511,-0.6212647536168989,1.7297410984076023,-0.1427871466758567,-0.711922726973017,-0.5839594371428306,-1.1605763894009409,-1.8587281402350861,0.8039839415676432,-0.3210422926183952,1.0,0.0,0.0,0.0,0.0,0.0,0.0,1.0,0.0,0.0,0.0,0.0,0.0,0.0,1.0,0.0,0.0,0.0,1.0,0.0,Placed
-1.1855721587832007,-0.1825636966929716,0.9237233668478956,0.9497258268948607,0.9719520415789541,-0.20031895540882869,0.3019700722711672,-0.7457299396823645,-0.5892949042922904,0.6653619160854317,1.7275046267950056,1.7585121831809554,1.7724613488773382,0.9580504732086607,1.7035228438852867,0.7620070219431643,-0.2730539080715497,0.0,0.0,0.0,0.0,0.0,1.0,0.0,1.0,0.0,0.0,0.0,0.0,0.0,1.0,0.0,1.0,0.0,0.0,0.0,0.0,Placed
1.248451092782051,0.21780000766230267,0.947169610057437,-1.309285059673688,-0.9016904482118007,0.7848562351263942,-0.874536702811302,-0.40954555310530744,0.4593161535548714,-1.6432915216274444,-0.8574514828801706,0.13728927339241107,-0.8717071898911684,-0.8511140386826841,0.44931364322623835,0.8207747094174349,0.08343123427644275,0.0,0.0,0.0,1.0,0.0,0.0,0.0,1.0,0.0,0.0,0.0,0.0,0.0,1.0,0.0,0.0,0.0,0.0,0.0,1.0,Placed
-1.1855721587832007,-0.07924403105290174,-0.2837581584434719,-1.309285059673688,0.9719520415789541,-0.20031895540882869,0.3019700722711672,-2.4970160465023836,-2.1941813403876416,1.339968440092441,-0.720600865309132,-0.7814037088210978,0.7459017985319178,-0.6765455331493095,1.0059153594950465,0.955100852215768,-2.110323487865054,0.0,0.0,0.0,1.0,0.0,0.0,1.0,0.0,0.0,0.0,0.0,1.0,0.0,0.0,0.0,1.0,0.0,0.0,0.0,0.0,Not Placed
1.248451092782051,-0.28588336233304257,-3.1559229516122596,-0.1797796163894137,0.9719520415789541,-1.1854941459440516,1.4784768473536365,-0.7848211474238828,-1.2095099811896968,0.9352045256882361,1.1268824718998907,0.5850556008578183,-0.09401056084160755,-0.255994133455268,0.6496902610830095,1.1901716021128492,-0.5129958308057759,0.0,0.0,1.0,0.0,0.0,0.0,0.0,1.0,0.0,1.0,0.0,0.0,0.0,0.0,0.0,0.0,1.0,0.0,0.0,0.0,Placed
0.031439466999425084,0.6698235448376124,-0.8581911170772302,-1.309285059673688,-0.9016904482118007,-0.20031895540882869,-0.874536702811302,0.08300366443782389,-0.7811140002399419,0.6878488002189984,-0.8954655433165702,-2.171023345782707,-1.3538790999018961,-0.11316535620068835,-0.07760264817489973,1.047450075389621,-0.20449907300462797,0.0,0.0,0.0,0.0,1.0,0.0,1.0,0.0,0.0,1.0,0.0,0.0,0.0,0.0,0.0,0.0,1.0,0.0,0.0,0.0,Placed
0.031439466999425084,1.4447210371381438,-2.4290894121164843,-0.1797796163894137,-0.9016904482118007,0.7848562351263942,-0.874536702811302,1.2635581382316758,1.6230186689706243,-0.4589822905929172,1.3093499619946094,-1.3758521090768971,1.7724613488773382,-0.5892612803826213,-0.12955214169332205,1.685499253681699,1.653336957308952,0.0,0.0,0.0,1.0,0.0,0.0,1.0,0.0,0.0,0.0,0.0,0.0,1.0,0.0,0.0,1.0,0.0,0.0,0.0,0.0,Not Placed
1.248451092782051,-0.8670564815584416,0.5251372322856975,0.9497258268948607,0.035130796683576736,-0.20031895540882869,0.3019700722711672,-0.4408185192985214,0.6767111289622101,-0.8712418330416452,1.5526399487875675,1.4188273830347837,-0.8483762910196817,-1.4541688759797997,-0.9459013255542408,-0.5308821024907837,0.5564595962382034,1.0,0.0,0.0,0.0,0.0,0.0,0.0,1.0,0.0,0.0,0.0,0.0,0.0,1.0,0.0,0.0,0.0,0.0,1.0,0.0,Placed
0.031439466999425084,0.3340346315073823,-0.0024032399289777785,0.9497258268948607,0.9719520415789541,-0.20031895540882869,1.4784768473536365,1.427741210746052,1.1818347482910254,-0.08420088836680091,1.7275046267950056,0.06780829154433016,-1.3616560661923913,1.5293655822269803,1.7035228438852867,0.3002609060738969,1.653336957308952,1.0,0.0,0.0,0.0,0.0,0.0,1.0,0.0,0.0,0.0,0.0,1.0,0.0,0.0,0.0,0.0,0.0,0.0,0.0,1.0,Placed
-1.1855721587832007,-0.9058013561734686,-1.6201940213873167,-0.1797796163894137,0.9719520415789541,1.7700314256616172,1.4784768473536365,0.5990076066258648,1.277744296264851,1.2874990437807845,-0.7738205499200917,-0.36451781773261455,0.27150685481168624,-0.6924153972887065,-0.7900528449989739,-2.50379732484129,1.2282969798940366,0.0,0.0,0.0,0.0,0.0,1.0,1.0,0.0,0.0,0.0,0.0,0.0,0.0,0.0,1.0,0.0,0.0,0.0,1.0,0.0,Placed
1.248451092782051,-0.49252269361318457,0.16172046253780908,-0.1797796163894137,-1.8385116931071779,0.7848562351263942,0.3019700722711672,-0.730093456585757,-0.7427501810504115,0.20063297732504726,0.7391390554486147,0.368892546219346,0.038197866096817995,0.9183758128601662,-1.5544525353414709,-1.294862039656299,-0.38274164417862516,0.0,0.0,0.0,0.0,0.0,1.0,0.0,1.0,0.0,0.0,0.0,0.0,1.0,0.0,0.0,1.0,0.0,0.0,0.0,0.0,Placed
0.031439466999425084,0.618163712017578,-0.9050836034963113,-0.1797796163894137,-0.9016904482118007,-0.20031895540882869,1.4784768473536365,-2.301560007794792,-1.1263883729457145,-0.4215041503703056,-1.0779330334112884,-1.3063711272288168,-0.9805847179581068,-0.01794617136430154,-0.14439485412715714,-0.5560682542654708,-0.7049493689931573,0.0,0.0,0.0,1.0,0.0,0.0,0.0,1.0,0.0,0.0,0.0,0.0,0.0,0.0,1.0,1.0,0.0,0.0,0.0,0.0,Placed
-1.1855721587832007,-0.7249919413033449,0.7478765427763372,-0.1797796163894137,-0.9016904482118007,2.75520661619684,-0.874536702811302,0.6850082636572047,1.6230186689706243,0.53044061128403,-1.1387555301095282,0.5001344008212759,-0.6228442685953086,-1.0098126800766623,-0.4486704590207719,-1.8069804590749412,0.18626348687682542,0.0,0.0,0.0,0.0,0.0,1.0,0.0,1.0,0.0,0.0,1.0,0.0,0.0,0.0,0.0,0.0,1.0,0.0,0.0,0.0,Placed
0.031439466999425084,0.6569085866326039,-0.0024032399289777785,0.9497258268948607,-0.9016904482118007,-0.20031895540882869,-0.874536702811302,-1.2695521234187093,-0.9153873674032981,-0.3465478699250823,0.9368121697178925,0.2530909098058785,1.7724613488773382,-1.065357204564554,0.4418922870093213,0.04000400440212847,-1.5207519062895265,0.0,0.0,1.0,0.0,0.0,0.0,0.0,1.0,0.0,0.0,1.0,0.0,0.0,0.0,0.0,0.0,1.0,0.0,0.0,0.0,Placed
-1.1855721587832007,-0.32462823694806947,0.07965861130441482,-0.1797796163894137,0.035130796683576736,-1.1854941459440516,1.4784768473536365,-1.2617338818704054,-1.8297250580871036,0.4929624710614184,-0.47731087851617404,-0.27187650860184037,-0.7939375269862122,-0.10523042413098992,0.06340311994653212,-0.12790367409578696,-1.3287983681021456,0.0,0.0,1.0,0.0,0.0,0.0,1.0,0.0,0.0,0.0,0.0,0.0,0.0,1.0,0.0,0.0,0.0,0.0,0.0,1.0,Not Placed
1.248451092782051,-0.6345872338682825,-2.0422263991590563,2.079231270179135,-0.9016904482118007,-0.20031895540882869,2.654983622436106,0.0908219059861271,1.2585623866700861,-1.2010494670006273,-0.6293671202617727,-0.29503683588453367,0.675909101917458,0.18836206244786893,1.7035228438852867,0.4681685845718123,0.03544284972959828,0.0,1.0,0.0,0.0,0.0,0.0,0.0,1.0,0.0,0.0,1.0,0.0,0.0,0.0,0.0,0.0,1.0,0.0,0.0,0.0,Placed
0.031439466999425084,0.4115243807374361,-0.6120055633770474,-0.1797796163894137,-0.9016904482118007,-0.20031895540882869,0.3019700722711672,-1.3008250896119238,-1.9448165156556942,-0.3540434979696042,-0.203609643374097,-0.7196428360672477,0.3181686525546594,-0.0655557637824955,-0.46351317145460696,1.022263923614934,-1.6235841588899091,1.0,0.0,0.0,0.0,0.0,0.0,0.0,1.0,0.0,0.0,1.0,0.0,0.0,0.0,0.0,0.0,0.0,0.0,0.0,1.0,Placed
-1.1855721587832007,-1.3578248933487784,-0.8464679954724585,0.9497258268948607,0.035130796683576736,-0.20031895540882869,-0.874536702811302,-1.1444602586458505,-0.27599038091112627,-1.5458483570486545,-1.3668398927279262,-0.2487161813191471,-0.786160560695717,-0.5971962124523208,0.17472346320029378,-1.227698968257133,-1.6167286753832173,0.0,0.0,1.0,0.0,0.0,0.0,0.0,1.0,0.0,0.0,0.0,0.0,0.0,1.0,0.0,0.0,0.0,0.0,0.0,1.0,Placed
-1.1855721587832007,-0.0017542818228479195,0.9237233668478956,-1.309285059673688,1.9087732864743314,1.7700314256616172,-0.874536702811302,0.9273737516546187,0.5424377617988535,-0.578912339305274,-0.11997871041401713,1.712191528615569,0.6292473041744837,-1.3906894194222084,1.7035228438852867,0.686448566619103,0.5633150797448953,0.0,0.0,0.0,1.0,0.0,0.0,1.0,0.0,0.0,0.0,0.0,1.0,0.0,0.0,0.0,0.0,0.0,1.0,0.0,0.0,Placed
0.031439466999425084,1.0701872491928879,-0.6354518065865887,-0.1797796163894137,1.9087732864743314,1.7700314256616172,1.4784768473536365,0.2237320123072895,0.28667896720198477,1.1076039707122494,0.0852972159425412,1.7585121831809554,-1.0739083134440541,1.2040333673693255,1.5254102946792676,0.8291700933423314,0.18626348687682542,0.0,0.0,0.0,0.0,0.0,1.0,0.0,1.0,0.0,0.0,0.0,0.0,1.0,0.0,0.0,0.0,0.0,0.0,1.0,0.0,Placed
0.031439466999425084,-0.32462823694806947,-0.40098937449117755,0.9497258268948607,-0.9016904482118007,-0.20031895540882869,-0.874536702811302,1.0446473748791736,0.5808015809883844,1.0776214585341597,-0.5837502477380935,0.6854170190828233,-1.0350234819915762,-0.3353434541522568,-0.18892299142866137,0.7452162540933737,0.30280670649059266,0.0,0.0,0.0,1.0,0.0,0.0,0.0,1.0,0.0,0.0,1.0,0.0,0.0,0.0,0.0,1.0,0.0,0.0,0.0,0.0,Placed
0.031439466999425084,1.6513603684182858,-0.6354518065865887,-0.1797796163894137,0.9719520415789541,1.7700314256616172,-0.874536702811302,0.0048212489547873145,0.6703171590972878,0.4929624710614184,-0.38607713346881467,1.1486235647366931,0.598139439012502,0.6803278507691998,-0.26313655359783583,-1.2109082004073413,0.22054090441028631,1.0,0.0,0.0,0.0,0.0,0.0,0.0,1.0,0.0,0.0,1.0,0.0,0.0,0.0,0.0,0.0,0.0,0.0,1.0,0.0,Placed
-1.1855721587832007,-0.0017542818228479195,-1.4795165621300697,-0.1797796163894137,0.035130796683576736,-1.1854941459440516,-0.874536702811302,-0.8473670798103118,-0.8898114879436109,-0.6538686197504973,-0.5305305631271338,-0.7196428360672477,-0.8950380887626549,-0.9622030876584688,-0.8791091196019833,-1.1605358968579664,-1.1505557969281488,0.0,0.0,0.0,0.0,1.0,0.0,0.0,1.0,0.0,1.0,0.0,0.0,0.0,0.0,0.0,0.0,0.0,0.0,0.0,1.0,Placed
1.248451092782051,-1.202845394888672,0.6658146915429429,-0.1797796163894137,-0.9016904482118007,-1.1854941459440516,0.3019700722711672,-1.1600967417424581,-1.3054195291635224,-0.8187724367299887,-1.229989275156887,0.30713167346549686,-1.3616560661923913,-1.1050318649130486,-0.7826314887820568,0.0987716918763991,-0.9997351597809212,0.0,0.0,0.0,0.0,1.0,0.0,0.0,1.0,0.0,1.0,0.0,0.0,0.0,0.0,0.0,1.0,0.0,0.0,0.0,0.0,Placed
1.248451092782051,-1.0091210218135396,1.2636938933862425,-1.309285059673688,0.035130796683576736,-1.1854941459440516,1.4784768473536365,1.7404708726781986,0.5808015809883844,-1.4109270522472523,0.18413377307718007,0.8706996373443716,-0.6306212348858049,-1.3986243514919072,-0.5451480898406984,-1.4963512538537973,1.5025163201617238,0.0,0.0,0.0,0.0,1.0,0.0,0.0,1.0,0.0,1.0,0.0,0.0,0.0,0.0,0.0,0.0,0.0,1.0,0.0,0.0,Not Placed
0.031439466999425084,-1.5515492664239117,0.23205919216643345,-1.309285059673688,-1.8385116931071779,1.7700314256616172,-0.874536702811302,0.270641461597111,0.1779814794983163,-0.991171881754002,-1.7089664366555228,-2.603349455059652,-1.408317863935365,0.09314287761148211,-3.0980946284602995,-0.027159066997037455,-0.0331119853373235,0.0,0.0,0.0,0.0,1.0,0.0,0.0,1.0,0.0,0.0,0.0,0.0,0.0,1.0,0.0,0.0,0.0,0.0,0.0,1.0,Not Placed
1.248451092782051,-0.1825636966929716,1.251970771781471,0.9497258268948607,0.035130796683576736,-0.20031895540882869,0.3019700722711672,1.7717438388714135,1.6230186689706243,1.0026651780889364,0.655508122488536,1.7585121831809554,0.9092180906323263,-1.0256825442160598,1.0578648530134689,-0.03555445092193394,1.653336957308952,0.0,0.0,0.0,1.0,0.0,0.0,0.0,0.0,1.0,0.0,0.0,0.0,0.0,0.0,1.0,1.0,0.0,0.0,0.0,0.0,Placed
0.031439466999425084,-1.7711035559090622,-0.2954812800482418,-0.1797796163894137,-1.8385116931071779,-0.20031895540882869,-0.874536702811302,-0.06554292497994604,-0.47420344672369913,-0.3390522418805593,-0.25682932798505564,-0.9666863270826451,0.48926191094556304,-0.486107163476536,-1.0869070936756722,0.09037630795150262,1.0706208592401167,0.0,0.0,0.0,1.0,0.0,0.0,1.0,0.0,0.0,1.0,0.0,0.0,0.0,0.0,0.0,0.0,0.0,0.0,0.0,1.0,Placed
0.031439466999425084,0.4631842135574716,1.4278175958530295,0.9497258268948607,-0.9016904482118007,-1.1854941459440516,-0.874536702811302,0.15336783837255616,1.3608659045088343,-0.32406098579151554,-0.5837502477380935,1.0019414919463017,0.1548523604542521,1.426211465320894,-0.5006199525391942,2.264780744499508,1.0569098922267324,0.0,1.0,0.0,0.0,0.0,0.0,1.0,0.0,0.0,0.0,1.0,0.0,0.0,0.0,0.0,0.0,1.0,0.0,0.0,0.0,Placed
0.031439466999425084,-1.099525729248601,2.119481770534493,-0.1797796163894137,0.035130796683576736,-1.1854941459440516,-0.874536702811302,0.10645838908273464,-0.42305168780432556,-0.8562505769526002,-0.07436183789033798,-0.11747432671721711,1.2980664051571067,-0.0258811034340011,-1.4802389731722965,-0.681999013138908,0.3370841240240535,0.0,0.0,1.0,0.0,0.0,0.0,1.0,0.0,0.0,0.0,0.0,1.0,0.0,0.0,0.0,0.0,0.0,0.0,1.0,0.0,Placed
-1.1855721587832007,1.7288501176483395,-0.0024032399289777785,0.9497258268948607,-0.9016904482118007,0.7848562351263942,1.4784768473536365,1.7717438388714135,1.1626528386962605,0.9876739219998915,0.6783165587503756,1.3570665102809347,0.014866967225331394,1.0691395221844442,-0.8791091196019833,1.6267315662074298,1.3585511665211885,0.0,0.0,0.0,0.0,1.0,0.0,1.0,0.0,0.0,0.0,1.0,0.0,0.0,0.0,0.0,1.0,0.0,0.0,0.0,0.0,Placed
1.248451092782051,0.24362992407231984,-0.9519760899153943,0.9497258268948607,0.035130796683576736,0.7848562351263942,0.3019700722711672,0.9742832009444402,0.9900156523433737,-0.39901726623673883,0.19173658516445957,0.824378982778985,-1.2294476392539664,1.545235446366377,1.7035228438852867,0.33384244177348044,0.6867137828653552,0.0,0.0,0.0,0.0,0.0,1.0,1.0,0.0,0.0,0.0,0.0,0.0,0.0,1.0,0.0,1.0,0.0,0.0,0.0,0.0,Placed
1.248451092782051,0.19197009125228548,-0.44788186091026044,-0.1797796163894137,-0.9016904482118007,-0.20031895540882869,-0.874536702811302,-0.4799097270400397,0.6191654001779143,-0.4065128942812607,0.8683868609323737,1.2412648738674672,-0.45175101020440506,-0.3274085220825584,0.2637797378033022,1.5175915751837836,-0.22506552352470527,0.0,0.0,1.0,0.0,0.0,0.0,1.0,0.0,0.0,0.0,0.0,0.0,1.0,0.0,0.0,0.0,0.0,1.0,0.0,0.0,Placed
-1.1855721587832007,0.6052487538125695,-0.5768361985627359,0.9497258268948607,-0.9016904482118007,1.7700314256616172,-0.874536702811302,0.5677346404326498,0.005344293145429722,1.7297410984076023,1.332158398256449,0.48469418263281344,0.20151415819722532,0.616848394211609,0.90943772867512,0.22470245074983566,0.2548183219437472,0.0,0.0,0.0,0.0,0.0,1.0,1.0,0.0,0.0,0.0,1.0,0.0,0.0,0.0,0.0,0.0,0.0,0.0,0.0,1.0,Placed
0.031439466999425084,-0.29879832053805233,1.4864332038768822,-1.309285059673688,0.035130796683576736,0.7848562351263942,-0.874536702811302,0.1768225630174669,0.433740274095185,-0.37653038210317097,0.9824290422415727,0.7548980009309041,-1.2061167403824793,-0.36708318243105276,0.5086844929615787,0.24149321859962744,0.5838815302649726,0.0,0.0,0.0,0.0,1.0,0.0,1.0,0.0,0.0,0.0,0.0,0.0,0.0,0.0,1.0,0.0,0.0,0.0,0.0,1.0,Placed
0.031439466999425084,0.618163712017578,0.05621236809487503,-0.1797796163894137,-0.9016904482118007,-1.1854941459440516,-0.874536702811302,0.6302805728190799,1.6230186689706243,0.06571167252364561,0.6403024983139759,-2.116982582123089,-1.1827858415109926,-0.5257818238250304,0.15988075076645866,1.3328931288360777,0.570170563251588,0.0,0.0,1.0,0.0,0.0,0.0,0.0,1.0,0.0,0.0,0.0,0.0,1.0,0.0,0.0,0.0,0.0,0.0,1.0,0.0,Not Placed
1.248451092782051,0.17905513304727574,-0.18997318560530776,0.9497258268948607,-0.9016904482118007,-0.20031895540882869,2.654983622436106,-1.2304609156771908,-0.13532304388284827,0.9127176415546682,-0.3556658851196956,-1.2832107999461229,0.31039168626416425,-0.6130660765917176,0.2637797378033022,1.139799298563474,-1.0888564453679193,1.0,0.0,0.0,0.0,0.0,0.0,0.0,1.0,0.0,0.0,0.0,1.0,0.0,0.0,0.0,0.0,0.0,0.0,0.0,1.0,Placed
0.031439466999425084,-1.3449099351437697,-1.209884765220347,0.9497258268948607,0.035130796683576736,-1.1854941459440516,-0.874536702811302,0.028275973599698065,0.05010208219988193,-2.332889301723499,0.6022884378775762,-0.9589662179884144,-0.45175101020440506,0.9580504732086607,-0.5154626649730293,-0.38816057576755536,-0.11537778741762984,0.0,0.0,0.0,0.0,0.0,1.0,0.0,1.0,0.0,0.0,0.0,0.0,0.0,1.0,0.0,1.0,0.0,0.0,0.0,0.0,Placed
-1.1855721587832007,-1.164100520273646,0.8651077588240428,-1.309285059673688,-0.9016904482118007,-0.20031895540882869,-0.874536702811302,-1.597918268447463,-1.414117016867192,-1.890647247096681,0.17653096098989948,-0.3336373813556895,-1.4783105605498255,-0.9780729517978669,0.6793756859506797,-0.9002789951861981,-1.4179196536891436,0.0,0.0,1.0,0.0,0.0,0.0,0.0,1.0,0.0,0.0,0.0,0.0,1.0,0.0,0.0,0.0,0.0,1.0,0.0,0.0,Not Placed
-1.1855721587832007,2.0904689473885867,0.16172046253780908,-1.309285059673688,-1.8385116931071779,1.7700314256616172,0.3019700722711672,0.6146440897224724,0.7534387673412709,-0.5639210832162291,1.4081865191292484,-0.20239552675376057,-0.5450746056903526,-1.263730506307026,-0.30024333468242304,1.4840100394842013,1.248863430414113,0.0,0.0,0.0,1.0,0.0,0.0,0.0,1.0,0.0,0.0,0.0,0.0,0.0,0.0,1.0,0.0,0.0,1.0,0.0,0.0,Placed
-1.1855721587832007,-1.164100520273646,-0.7057905362152115,-0.1797796163894137,-0.9016904482118007,-0.20031895540882869,0.3019700722711672,-1.1913697079356727,-0.9217813372682194,-0.5714167112607521,-0.5077221268652942,0.4229333098789643,-0.9572538190866201,0.18836206244786893,0.15988075076645866,0.43458704887222993,-0.46500744625893153,0.0,0.0,0.0,0.0,1.0,0.0,1.0,0.0,0.0,0.0,1.0,0.0,0.0,0.0,0.0,0.0,0.0,1.0,0.0,0.0,Not Placed
1.248451092782051,0.82480304329772,-1.6670865078063979,0.9497258268948607,0.035130796683576736,-0.20031895540882869,-0.874536702811302,1.1853757227486392,-1.024084855106967,0.5079537271504633,0.15372252472805992,0.8706996373443716,0.21706809077821676,-0.6527407369402121,0.4418922870093213,-0.060740602696621016,0.30280670649059266,1.0,0.0,0.0,0.0,0.0,0.0,1.0,0.0,0.0,1.0,0.0,0.0,0.0,0.0,0.0,1.0,0.0,0.0,0.0,0.0,Placed
-1.1855721587832007,-0.42794790258814047,-0.14308069918622485,0.9497258268948607,-0.9016904482118007,-0.20031895540882869,-0.874536702811302,0.4739157418530068,-0.5317491755079949,-1.283501375490373,-2.127121101455919,-0.3104770540729962,-1.1127931448965322,0.751742239396489,-1.4134467672200395,0.9383100843659762,-0.6432500174329278,0.0,0.0,0.0,1.0,0.0,0.0,1.0,0.0,0.0,0.0,1.0,0.0,0.0,0.0,0.0,0.0,0.0,0.0,0.0,1.0,Placed
-1.1855721587832007,-1.1770154784786546,0.16172046253780908,0.9497258268948607,-1.8385116931071779,-1.1854941459440516,0.3019700722711672,-0.14372534046298263,0.24831514801245483,0.3955193064826284,0.556671565353896,-0.4648792359576195,-1.5249723582927992,-1.3906894194222084,1.050443496796552,0.55212242382077,0.4399163766244362,0.0,0.0,0.0,0.0,0.0,1.0,0.0,1.0,0.0,1.0,0.0,0.0,0.0,0.0,0.0,0.0,0.0,0.0,0.0,1.0,Placed
-1.1855721587832007,2.2196185294386774,-1.7022558726207093,0.9497258268948607,0.9719520415789541,0.7848562351263942,-0.874536702811302,1.0681020995240844,1.296926205859617,-0.6388773636614524,1.7275046267950056,1.7585121831809554,1.7724613488773382,1.7753484763876453,1.2730841833040751,0.5017501202713959,1.1665976283338078,1.0,0.0,0.0,0.0,0.0,0.0,0.0,1.0,0.0,0.0,0.0,0.0,0.0,0.0,1.0,0.0,0.0,0.0,1.0,0.0,Placed
1.248451092782051,-1.1124406874536106,-0.6471749281913587,0.9497258268948607,-0.9016904482118007,-0.20031895540882869,0.3019700722711672,0.37227860172505833,0.49128600287947993,1.145082110934861,-0.5077221268652942,1.7585121831809554,-0.2728807855230063,0.29151617935395413,0.2860438064540554,-1.1269543611583837,0.1656970363567491,1.0,0.0,0.0,0.0,0.0,0.0,1.0,0.0,0.0,0.0,1.0,0.0,0.0,0.0,0.0,0.0,0.0,1.0,0.0,0.0,Not Placed
0.031439466999425084,-0.8024816905333976,-0.4947743473293417,-0.1797796163894137,-0.9016904482118007,-1.1854941459440516,-0.874536702811302,-2.051376278249075,-2.0023622444399902,0.7403181965306549,-1.5417045707353643,-1.6306157091865252,-2.3182229199233513,-0.19251467689767715,-0.7677887763482217,-0.9422559148106769,-1.349364818622222,0.0,0.0,0.0,1.0,0.0,0.0,0.0,1.0,0.0,0.0,0.0,0.0,1.0,0.0,0.0,0.0,0.0,1.0,0.0,0.0,Placed
1.248451092782051,-0.5054376518181932,1.0644008261051427,-0.1797796163894137,0.035130796683576736,0.7848562351263942,2.654983622436106,0.8726460608164929,1.4184116332931291,0.4854668430168965,0.8531812367578137,0.06008818245009943,0.6292473041744837,-0.4226277069189452,0.8129600978551934,-0.4385328793169307,1.0843318262535013,0.0,0.0,0.0,0.0,0.0,1.0,0.0,1.0,0.0,1.0,0.0,0.0,0.0,0.0,0.0,0.0,0.0,0.0,0.0,1.0,Placed
0.031439466999425084,-0.36337311156309643,1.4278175958530295,-0.1797796163894137,-0.9016904482118007,-0.20031895540882869,1.4784768473536365,-1.3008250896119238,-1.9576044553855378,0.14066795296886886,-0.021142153279378257,1.2026643283963114,-0.8561532573101769,-0.3194735900128599,0.048560407512697024,0.6024947273701453,-2.3296989600792037,0.0,0.0,1.0,0.0,0.0,0.0,0.0,1.0,0.0,0.0,0.0,0.0,0.0,1.0,0.0,0.0,0.0,0.0,1.0,0.0,Placed
-1.1855721587832007,-0.11798890566792751,1.0175083396860598,-0.1797796163894137,0.035130796683576736,-0.20031895540882869,0.3019700722711672,0.10645838908273464,-0.2632024411812826,-0.15915716881202416,-0.7282036773964116,1.7585121831809554,-0.11734145971309416,0.13281753795997653,0.5457912740461659,-0.7995343880874486,0.0011654321961373898,1.0,0.0,0.0,0.0,0.0,0.0,1.0,0.0,0.0,0.0,0.0,1.0,0.0,0.0,0.0,0.0,0.0,0.0,0.0,1.0,Placed
-1.1855721587832007,0.11448034202223166,-1.010591697939247,-0.1797796163894137,0.9719520415789541,-0.20031895540882869,0.3019700722711672,-0.37827258691209237,-0.7363562111854897,1.6922629581849906,0.4730406323938172,0.6004958190462809,0.27150685481168624,-0.501977027615934,0.4122068621416511,-1.555118941328068,-0.46500744625893153,0.0,0.0,1.0,0.0,0.0,0.0,1.0,0.0,0.0,0.0,1.0,0.0,0.0,0.0,0.0,0.0,0.0,0.0,1.0,0.0,Placed
-1.1855721587832007,-0.37628806976810497,-0.6120055633770474,0.9497258268948607,0.9719520415789541,-1.1854941459440516,-0.874536702811302,-0.37045434536378913,0.5168618823391672,1.5798285375171557,-0.6369699323490522,0.0832485097327927,0.31039168626416425,-0.01794617136430154,1.1988706211349007,-0.06913598662151631,-0.20449907300462797,1.0,0.0,0.0,0.0,0.0,0.0,1.0,0.0,0.0,0.0,0.0,0.0,0.0,0.0,1.0,0.0,0.0,0.0,1.0,0.0,Placed
-1.1855721587832007,0.5019290881724974,-0.33065064486255485,-1.309285059673688,0.035130796683576736,-0.20031895540882869,-0.874536702811302,0.23155025385559272,-0.845053698889159,-0.6238861075724086,1.1344852839871713,-0.3722379268268453,0.2326220233592082,0.4581497528176313,-0.14439485412715714,-1.6978404680512964,-0.32789777612508797,0.0,0.0,0.0,0.0,1.0,0.0,0.0,1.0,0.0,0.0,0.0,0.0,1.0,0.0,0.0,0.0,0.0,0.0,0.0,1.0,Placed
1.248451092782051,-0.0017542818228479195,0.5485834754952373,-1.309285059673688,-1.8385116931071779,-1.1854941459440516,1.4784768473536365,-1.504099369867819,0.14601163017370772,-0.991171881754002,-2.165135161892319,-1.7464173455999927,0.18596022561623388,1.0373997939056494,-2.6528132554452526,0.4849593524216041,-0.8420590391270009,1.0,0.0,0.0,0.0,0.0,0.0,1.0,0.0,0.0,0.0,0.0,0.0,0.0,0.0,1.0,0.0,1.0,0.0,0.0,0.0,Not Placed
-1.1855721587832007,-0.7120769830983351,-1.3153928596632811,-1.309285059673688,-0.9016904482118007,-0.20031895540882869,0.3019700722711672,-2.1764681430219337,-3.364277825668316,0.10318981274625724,1.0508543510270913,-2.3331456367615613,-2.62152460525268,0.8628312883722739,-0.470934527671524,0.09037630795150262,-2.7478834539874266,0.0,0.0,0.0,0.0,0.0,1.0,0.0,1.0,0.0,0.0,0.0,1.0,0.0,0.0,0.0,0.0,0.0,0.0,1.0,0.0,Not Placed
-1.1855721587832007,0.9539526253478082,-0.09618821276714361,-1.309285059673688,0.035130796683576736,-1.1854941459440516,0.3019700722711672,-0.307908412977359,0.2674970576072198,0.23061548950313698,-0.8802599191420102,-0.5343602178057004,-0.05512572938912952,-0.5892612803826213,-1.502503041823049,-0.5308821024907837,0.46733831065120535,0.0,0.0,0.0,0.0,0.0,1.0,0.0,1.0,0.0,0.0,0.0,0.0,0.0,0.0,1.0,0.0,0.0,1.0,0.0,0.0,Placed
1.248451092782051,0.7602282522726749,-1.6436402645968564,-1.309285059673688,0.9719520415789541,1.7700314256616172,-0.874536702811302,1.0055561671376554,1.053955350992591,-0.8412593208635554,-0.8422458587056105,-1.3140912363230475,0.8781102254703435,1.2833826880663144,-1.754829153198242,1.5679638787331591,0.3096621899972854,1.0,0.0,0.0,0.0,0.0,0.0,0.0,1.0,0.0,0.0,0.0,1.0,0.0,0.0,0.0,0.0,0.0,1.0,0.0,0.0,Placed
-1.1855721587832007,-0.5700124428432384,-0.13135757758145497,2.079231270179135,0.035130796683576736,0.7848562351263942,1.4784768473536365,0.15336783837255616,0.6703171590972878,-0.7138336441066756,0.6098912499648557,-0.009392799397981483,1.7724613488773382,-1.5890627211646804,-1.406025411003122,1.3244977449111812,0.04915381674298186,0.0,1.0,0.0,0.0,0.0,0.0,0.0,1.0,0.0,1.0,0.0,0.0,0.0,0.0,0.0,1.0,0.0,0.0,0.0,0.0,Placed
0.031439466999425084,0.8506329597077372,0.4079060162379919,2.079231270179135,-0.9016904482118007,-0.20031895540882869,-0.874536702811302,1.2479216551350683,1.117895049641808,0.425501818660717,1.3777752707801294,0.02148763697894361,-0.5528515719808489,0.6723929186995002,1.280505539520992,-0.06913598662151631,1.6396259902955674,0.0,0.0,0.0,0.0,0.0,1.0,0.0,1.0,0.0,1.0,0.0,0.0,0.0,0.0,0.0,0.0,0.0,1.0,0.0,0.0,Placed
0.031439466999425084,0.7602282522726749,0.27895167858551473,-1.309285059673688,-0.9016904482118007,-1.1854941459440516,1.4784768473536365,-0.0420882003350353,0.7086809782868188,-1.335970771802029,1.7275046267950056,-0.8508846906691776,0.02264393351582656,-1.0415524083554577,-2.3856444316362246,-0.27902058474391056,0.07657575076975096,0.0,0.0,0.0,1.0,0.0,0.0,0.0,1.0,0.0,0.0,0.0,0.0,1.0,0.0,0.0,0.0,0.0,1.0,0.0,0.0,Placed
-1.1855721587832007,-0.0017542818228479195,0.8299383940097315,-0.1797796163894137,0.035130796683576736,1.7700314256616172,-0.874536702811302,0.8726460608164929,0.9644397728836874,0.5229449832395081,0.41221813569557797,-0.38767814501530784,0.598139439012502,-0.010011239294603113,-0.40414232171926767,-0.3629744239928683,0.24110735493036364,0.0,0.0,0.0,0.0,0.0,1.0,1.0,0.0,0.0,0.0,0.0,1.0,0.0,0.0,0.0,1.0,0.0,0.0,0.0,0.0,Placed
0.031439466999425084,1.845084741493419,0.9237233668478956,2.079231270179135,-0.9016904482118007,0.7848562351263942,-0.874536702811302,1.7717438388714135,1.6230186689706243,0.7927875928423115,0.7087278070994946,0.29169145527703433,1.461382697257514,1.7753484763876453,0.6719543297337616,0.9718916200655585,0.8992337715728124,0.0,0.0,0.0,0.0,0.0,1.0,1.0,0.0,0.0,0.0,0.0,0.0,0.0,0.0,1.0,0.0,0.0,0.0,1.0,0.0,Placed
0.031439466999425084,-0.6733321084833094,0.06793548969964493,0.9497258268948607,0.9719520415789541,-1.1854941459440516,1.4784768473536365,0.08300366443782389,0.6063774604480707,-0.17414842490106902,0.556671565353896,0.19905014614626015,-0.23399595407052828,0.354995635911545,-0.06275993574106463,1.8953838518040933,0.6592918488385862,0.0,0.0,1.0,0.0,0.0,0.0,0.0,0.0,1.0,1.0,0.0,0.0,0.0,0.0,0.0,0.0,1.0,0.0,0.0,0.0,Placed
1.248451092782051,-0.6991620248933266,-0.8464679954724585,-0.1797796163894137,0.9719520415789541,-0.20031895540882869,1.4784768473536365,-1.3008250896119238,-1.4013290771373483,0.7028400563080434,-0.9030683554038502,-0.06343356305759874,0.17818325932573872,-0.0655557637824955,-0.5080413087561112,-2.0084696732724394,-2.1651673559185913,1.0,0.0,0.0,0.0,0.0,0.0,1.0,0.0,0.0,0.0,0.0,1.0,0.0,0.0,0.0,0.0,0.0,1.0,0.0,0.0,Not Placed
-1.1855721587832007,-0.07924403105290174,2.119481770534493,-0.1797796163894137,0.9719520415789541,-0.20031895540882869,0.3019700722711672,-1.386825746643264,-2.2133632499824065,0.5004580991059403,0.1461197126407804,1.117743128359769,0.24817595594019962,1.0453347259753478,1.6961014876683695,-1.2780712718065077,-1.842959631104059,0.0,0.0,0.0,0.0,1.0,0.0,1.0,0.0,0.0,1.0,0.0,0.0,0.0,0.0,0.0,0.0,0.0,1.0,0.0,0.0,Placed
0.031439466999425084,-1.5902941410389386,-0.16652694239576632,0.9497258268948607,0.9719520415789541,-1.1854941459440516,0.3019700722711672,-1.339916297353442,-1.433298926461957,-1.8231865946959802,-2.4312335849471163,-1.3758521090768971,0.16262932674474728,-1.7239565663495615,0.18214481941721078,-1.286466655731403,-1.568740290836372,0.0,1.0,0.0,0.0,0.0,0.0,1.0,0.0,0.0,0.0,0.0,0.0,1.0,0.0,0.0,0.0,0.0,0.0,0.0,1.0,Not Placed
-1.1855721587832007,-0.5312675682282115,1.498156325481654,0.9497258268948607,1.9087732864743314,-0.20031895540882869,-0.874536702811302,1.7717438388714135,1.6230186689706243,1.7297410984076023,1.1648965323362903,1.0637023647001507,1.010318652408769,1.2357730956481214,0.30830787510480756,-0.7323713166882827,1.653336957308952,0.0,0.0,0.0,0.0,0.0,1.0,1.0,0.0,0.0,0.0,0.0,0.0,0.0,0.0,1.0,0.0,1.0,0.0,0.0,0.0,Placed
-1.1855721587832007,-0.5570974846382287,-0.424435617700719,-0.1797796163894137,0.9719520415789541,1.7700314256616172,-0.874536702811302,-0.5346374178781655,0.09485987125433323,0.34304991017097186,0.9900318543288522,0.8089387645905225,0.7847866299843959,0.3629305679812445,-1.2947050677493603,-0.14469444194557873,-0.38274164417862516,0.0,0.0,0.0,0.0,1.0,0.0,1.0,0.0,0.0,0.0,0.0,0.0,1.0,0.0,0.0,0.0,0.0,0.0,0.0,1.0,Placed
1.248451092782051,0.9022927925277716,1.0175083396860598,0.9497258268948607,0.035130796683576736,0.7848562351263942,-0.874536702811302,0.6771900221089014,0.9644397728836874,-0.6838511319285869,1.0812655993762117,0.5232947281039693,0.9247720232133166,0.8707662204419723,0.8723309475905328,-1.1353497450832795,1.4133950345747257,0.0,0.0,0.0,0.0,1.0,0.0,1.0,0.0,0.0,0.0,0.0,0.0,1.0,0.0,0.0,0.0,0.0,0.0,1.0,0.0,Placed
-1.1855721587832007,0.7085684194526405,-1.162992278801264,2.079231270179135,-0.9016904482118007,-0.20031895540882869,-0.874536702811302,-1.0193683938729925,-1.3629652579478184,0.4554843308388068,1.6818877542713264,-1.229170036286505,0.8936641580513348,-0.36708318243105276,1.050443496796552,-0.5728590221152625,-2.3571208941059725,0.0,0.0,1.0,0.0,0.0,0.0,1.0,0.0,0.0,0.0,0.0,1.0,0.0,0.0,0.0,0.0,0.0,1.0,0.0,0.0,Placed
-1.1855721587832007,2.8266215650740927,-1.6319171429920865,-0.1797796163894137,0.9719520415789541,0.7848562351263942,-0.874536702811302,-0.24536248059092997,-0.5892949042922904,-0.5939035953943188,1.4538033916529285,1.2721453102443923,0.21706809077821676,1.7753484763876453,0.3602573686232298,-0.354579040067973,-0.47186292976562333,0.0,0.0,0.0,0.0,1.0,0.0,0.0,1.0,0.0,0.0,0.0,0.0,0.0,0.0,1.0,0.0,0.0,1.0,0.0,0.0,Not Placed
0.031439466999425084,-0.29879832053805233,0.6189222051238616,-1.309285059673688,0.035130796683576736,-1.1854941459440516,-0.874536702811302,0.012639490503090529,-1.2414798305143053,0.3880236784381054,0.18413377307718007,-0.009392799397981483,-2.4348774142807854,-0.7241551255675024,-0.7232606390467174,1.2321485217373283,-0.2524874575514734,0.0,0.0,0.0,0.0,1.0,0.0,1.0,0.0,0.0,1.0,0.0,0.0,0.0,0.0,0.0,0.0,0.0,1.0,0.0,0.0,Placed
1.248451092782051,0.24362992407231984,0.021043003280562012,0.9497258268948607,0.9719520415789541,1.7700314256616172,-0.874536702811302,-0.9880954276797774,-1.0624486742964974,0.6128925197737752,0.22975064560085923,1.1717838920193875,0.9247720232133166,-0.08936055999159193,1.7035228438852867,-0.13629905802068223,-0.4992848637923924,0.0,0.0,0.0,0.0,1.0,0.0,0.0,1.0,0.0,0.0,1.0,0.0,0.0,0.0,0.0,0.0,0.0,1.0,0.0,0.0,Placed
-1.1855721587832007,-1.0349509382235567,-0.717513657819983,0.9497258268948607,0.035130796683576736,-0.20031895540882869,-0.874536702811302,0.30191442779032607,0.2674970576072198,-0.8262680647745111,1.2105134048599706,0.6004958190462809,-0.4906358416568831,-1.3906894194222084,-0.37445689685159744,0.14074861150087797,0.5153266951980507,0.0,0.0,0.0,1.0,0.0,0.0,1.0,0.0,0.0,0.0,0.0,0.0,0.0,1.0,0.0,0.0,1.0,0.0,0.0,0.0,Placed
-1.1855721587832007,-0.9187163143784771,0.7947690291954201,-0.1797796163894137,0.9719520415789541,-0.20031895540882869,0.3019700722711672,0.9039190270097079,0.06289002192972463,0.5454318673730749,-0.22641807963593658,1.6890312013328745,1.0336495512802555,0.6565230545601034,0.10793125724803636,-0.48890518286630485,1.1734531118404994,0.0,0.0,0.0,1.0,0.0,0.0,1.0,0.0,0.0,0.0,0.0,1.0,0.0,0.0,0.0,0.0,1.0,0.0,0.0,0.0,Placed
-1.1855721587832007,-0.8412265651484245,-0.7057905362152115,-0.1797796163894137,-0.9016904482118007,-1.1854941459440516,-0.874536702811302,-0.2688172052358407,-0.5445371152378385,0.8677438732875347,-2.400822336597996,-0.11747432671721711,-0.8172684258576989,-0.5495866200341268,-0.9681653942049929,-0.7323713166882827,-0.8283480721136168,0.0,0.0,1.0,0.0,0.0,0.0,0.0,1.0,0.0,0.0,0.0,0.0,0.0,0.0,1.0,0.0,0.0,1.0,0.0,0.0,Not Placed
0.031439466999425084,-0.0017542818228479195,0.7713227859858787,2.079231270179135,-0.9016904482118007,-1.1854941459440516,-0.874536702811302,-0.3469996207188773,-0.10974716442316103,-0.3390522418805593,0.07769440385526062,-1.985740727521159,1.7724613488773382,-0.7558948538462984,-1.0126935315064978,-0.6987897809886991,-0.7666487205533867,0.0,1.0,0.0,0.0,0.0,0.0,1.0,0.0,0.0,0.0,0.0,0.0,0.0,1.0,0.0,1.0,0.0,0.0,0.0,0.0,Placed
1.248451092782051,0.82480304329772,0.958892731662207,-1.309285059673688,0.035130796683576736,-0.20031895540882869,2.654983622436106,0.4504610172080949,-0.7555381207802551,-0.12917465663393443,0.17653096098989948,-0.7891238179153286,0.8703332591798483,0.6485881224904038,0.219251600501798,0.9718916200655585,-0.5404177648325451,0.0,0.0,0.0,0.0,1.0,0.0,0.0,1.0,0.0,0.0,0.0,0.0,1.0,0.0,0.0,1.0,0.0,0.0,0.0,0.0,Placed
0.031439466999425084,-0.49252269361318457,-0.8112986306581472,-1.309285059673688,0.9719520415789541,-1.1854941459440516,0.3019700722711672,-0.6050015918128989,0.4657101234197936,-0.2790872175243809,-0.1351843345885772,-1.1905694908153492,0.10041359642078264,0.029663421053891293,-0.01823179843956039,1.4084515841601388,-0.3416087431384715,0.0,0.0,0.0,1.0,0.0,0.0,1.0,0.0,0.0,1.0,0.0,0.0,0.0,0.0,0.0,1.0,0.0,0.0,0.0,0.0,Placed
1.248451092782051,1.6255304520082685,-2.2297963448353855,-0.1797796163894137,-0.9016904482118007,-1.1854941459440516,1.4784768473536365,-0.10463413272146434,0.005344293145429722,-0.22661782121272445,-0.36326869720697513,-0.6887623996903236,-0.8017144932767074,-0.7796996500553948,-0.12213078547640396,1.660313101907012,-0.0948113368975535,0.0,0.0,0.0,0.0,0.0,1.0,0.0,1.0,0.0,1.0,0.0,0.0,0.0,0.0,0.0,0.0,0.0,0.0,1.0,0.0,Not Placed
0.031439466999425084,1.405976162523118,-1.0809304275678697,-0.1797796163894137,0.035130796683576736,-1.1854941459440516,-0.874536702811302,0.03609421514800128,-0.06498937536870972,1.339968440092441,0.6479053104012553,0.16044960067510433,-0.6383982011763001,1.4817559898087864,0.2712010940202203,1.5847546465829507,0.39192799207759077,0.0,0.0,0.0,0.0,1.0,0.0,0.0,1.0,0.0,0.0,0.0,1.0,0.0,0.0,0.0,0.0,0.0,0.0,0.0,1.0,Placed
1.248451092782051,0.4373542971474532,1.6271106631341292,-0.1797796163894137,0.035130796683576736,-1.1854941459440516,-0.874536702811302,0.15336783837255616,-0.41026374807448196,0.28308488581479346,0.298175954386379,-1.0979281816845752,-0.039571796808138084,-0.6368708728008152,1.1766065524841487,-0.018763683072142164,-0.16336617196447528,1.0,0.0,0.0,0.0,0.0,0.0,0.0,1.0,0.0,0.0,0.0,0.0,0.0,0.0,1.0,0.0,0.0,0.0,1.0,0.0,Placed
1.248451092782051,-0.0017542818228479195,0.5016909890761561,-0.1797796163894137,0.035130796683576736,1.7700314256616172,-0.874536702811302,0.0908219059861271,-1.593148173085,0.6128925197737752,0.36660126317189773,-1.5302542909615204,1.196965843380663,1.3389272125542067,1.7035228438852867,1.5175915751837836,-0.9448912917273835,0.0,0.0,0.0,1.0,0.0,0.0,1.0,0.0,0.0,0.0,0.0,0.0,1.0,0.0,0.0,0.0,0.0,1.0,0.0,0.0,Placed
-1.1855721587832007,1.031442374577862,1.8732962168343121,2.079231270179135,0.035130796683576736,0.7848562351263942,0.3019700722711672,0.9821014424927446,-0.19926274253206544,-0.7663030404183321,1.7275046267950056,1.3184659648097787,0.559254607560024,1.4579511935996898,1.7035228438852867,-0.648417477439325,-0.10166682040424528,1.0,0.0,0.0,0.0,0.0,0.0,0.0,1.0,0.0,0.0,0.0,0.0,0.0,1.0,0.0,0.0,0.0,0.0,0.0,1.0,Placed
-1.1855721587832007,0.8764628761177544,-0.47132810411980025,0.9497258268948607,0.035130796683576736,-0.20031895540882869,0.3019700722711672,1.3417405537147125,1.597442789510937,1.7297410984076023,1.332158398256449,-0.20239552675376057,1.1891888770901677,-0.501977027615934,1.050443496796552,0.6024947273701453,1.653336957308952,0.0,0.0,1.0,0.0,0.0,0.0,1.0,0.0,0.0,0.0,0.0,1.0,0.0,0.0,0.0,0.0,0.0,1.0,0.0,0.0,Placed
0.031439466999425084,-0.6991620248933266,2.119481770534493,-0.1797796163894137,0.9719520415789541,-1.1854941459440516,1.4784768473536365,0.8882825439131005,1.5335030908617198,-0.39152163819221586,0.3209843906482186,0.5232947281039693,0.9169950569228215,1.3786018729027012,1.1246570589657263,-1.8321666108496282,1.557360188215261,0.0,0.0,0.0,0.0,1.0,0.0,1.0,0.0,0.0,0.0,0.0,0.0,1.0,0.0,0.0,0.0,1.0,0.0,0.0,0.0,Placed
-1.1855721587832007,1.0701872491928879,0.9706158532669785,2.079231270179135,-0.9016904482118007,-1.1854941459440516,1.4784768473536365,1.5293783508740006,0.24831514801245483,1.047638946356071,0.016871907157021394,1.2567050920559297,0.7459017985319178,1.5293655822269803,1.7035228438852867,1.4084515841601388,0.3782170250642072,0.0,0.0,0.0,0.0,1.0,0.0,0.0,0.0,1.0,1.0,0.0,0.0,0.0,0.0,0.0,1.0,0.0,0.0,0.0,0.0,Placed
0.031439466999425084,-0.5570974846382287,1.4629869606673425,0.9497258268948607,0.035130796683576736,0.7848562351263942,-0.874536702811302,0.28627794469371853,0.9196819838292353,-0.5339385710381405,1.0280459147652519,0.7008572372712858,0.341499551426146,0.8390264921631774,0.011453626428109806,-1.3116528075060907,1.3585511665211885,0.0,0.0,0.0,1.0,0.0,0.0,1.0,0.0,0.0,1.0,0.0,0.0,0.0,0.0,0.0,0.0,0.0,0.0,0.0,1.0,Placed
0.031439466999425084,0.8635479179127458,-1.1981616436155753,0.9497258268948607,0.035130796683576736,-0.20031895540882869,-0.874536702811302,1.3808317614562307,0.19076941922815902,0.9352045256882361,0.7239334312740546,0.7857784373078293,-0.8094914595672037,1.4024066691117976,1.4660394449439282,0.845960861192122,0.9609331231330424,0.0,1.0,0.0,0.0,0.0,0.0,1.0,0.0,0.0,0.0,0.0,0.0,0.0,1.0,0.0,0.0,0.0,0.0,0.0,1.0,Placed
-1.1855721587832007,0.3986094225324263,0.3844597730284504,2.079231270179135,1.9087732864743314,0.7848562351263942,-0.874536702811302,-0.612819833361202,-0.6276587234818207,1.7297410984076023,0.3437928269100582,1.7585121831809554,1.7724613488773382,0.6406531904207053,0.8129600978551934,-0.5896497899650543,-0.9517467752340758,0.0,0.0,0.0,0.0,1.0,0.0,1.0,0.0,0.0,1.0,0.0,0.0,0.0,0.0,0.0,0.0,0.0,0.0,1.0,0.0,Placed
-1.1855721587832007,-0.28588336233304257,0.3492904082141391,-0.1797796163894137,0.9719520415789541,-0.20031895540882869,-0.874536702811302,0.8101001284300638,1.2713503263999297,-0.10668777250036768,-0.31004901259601536,0.013767527884712884,-0.6772830326287781,1.5134957180875823,0.49384178052774363,-0.010368299147245675,0.8306789365058905,0.0,0.0,1.0,0.0,0.0,0.0,0.0,1.0,0.0,0.0,0.0,0.0,0.0,1.0,0.0,0.0,1.0,0.0,0.0,0.0,Placed
0.031439466999425084,-0.0017542818228479195,2.119481770534493,-0.1797796163894137,0.035130796683576736,-0.20031895540882869,2.654983622436106,0.028275973599698065,0.8365603755852531,-0.1966353090346358,-0.8422458587056105,1.0019414919463017,1.7724613488773382,0.3629305679812445,0.41962821835856917,1.4420331198597225,1.6053485727621066,0.0,0.0,0.0,0.0,1.0,0.0,1.0,0.0,0.0,0.0,0.0,0.0,0.0,1.0,0.0,0.0,1.0,0.0,0.0,0.0,Not Placed
-1.1855721587832007,0.024075634587169256,0.19688982735212043,0.9497258268948607,0.035130796683576736,0.7848562351263942,0.3019700722711672,0.6380988143673831,0.612771430312993,0.09569418470173534,1.0812655993762117,1.187224110207849,1.313620337738097,0.7914168997449834,-0.7677887763482217,-0.648417477439325,1.1665976283338078,0.0,0.0,0.0,0.0,1.0,0.0,0.0,1.0,0.0,1.0,0.0,0.0,0.0,0.0,0.0,1.0,0.0,0.0,0.0,0.0,Placed
-1.1855721587832007,1.1476769984229416,-0.27203503683870206,-1.309285059673688,0.035130796683576736,0.7848562351263942,1.4784768473536365,0.23155025385559272,0.7086809782868188,0.08070292861269047,-0.591353059825373,-0.16379498128260475,-1.2294476392539664,0.9421806090692626,1.1988706211349007,1.7190807893812827,0.49476024467797347,0.0,1.0,0.0,0.0,0.0,0.0,0.0,1.0,0.0,0.0,0.0,1.0,0.0,0.0,0.0,0.0,0.0,0.0,0.0,1.0,Placed
-1.1855721587832007,-0.38920302797311357,1.498156325481654,-0.1797796163894137,0.035130796683576736,-1.1854941459440516,1.4784768473536365,-0.05772468343164284,0.24192117814753347,-0.7138336441066756,-1.6785551883064027,-1.5688548364326762,-0.5450746056903526,0.04553328519328928,1.1617638400503134,0.6108901112950407,0.2479628384370554,0.0,0.0,0.0,0.0,1.0,0.0,0.0,1.0,0.0,1.0,0.0,0.0,0.0,0.0,0.0,0.0,0.0,0.0,1.0,0.0,Not Placed
-1.1855721587832007,-0.9574611889935041,1.4629869606673425,-0.1797796163894137,0.9719520415789541,-1.1854941459440516,0.3019700722711672,0.0908219059861271,0.16519353976847267,0.6053968917292533,0.3894096994337384,0.631376255423206,-0.7161678640812562,0.767612103535887,1.3176123206055794,-1.4207927985297355,-0.11537778741762984,0.0,0.0,0.0,0.0,1.0,0.0,0.0,1.0,0.0,0.0,1.0,0.0,0.0,0.0,0.0,0.0,0.0,0.0,0.0,1.0,Placed
1.248451092782051,1.0185274163728513,-0.3072044016530134,-1.309285059673688,0.9719520415789541,-0.20031895540882869,-0.874536702811302,-1.4337351959330862,-0.9857210359174366,-0.09919214445584577,1.3093499619946094,-1.005286872553801,1.1503040456376896,-0.35914825036135434,-0.9978508190726626,0.7620070219431643,-1.1368448299147649,0.0,0.0,0.0,1.0,0.0,0.0,1.0,0.0,0.0,1.0,0.0,0.0,0.0,0.0,0.0,1.0,0.0,0.0,0.0,0.0,Placed
0.031439466999425084,-0.05341411464288342,0.9237233668478956,-0.1797796163894137,0.035130796683576736,-1.1854941459440516,0.3019700722711672,-0.37827258691209237,-0.39747580834463836,-0.9012243452197343,-0.4392968180797744,-0.9821265452711077,0.4192692143311021,-0.7796996500553948,0.6645329735168446,-0.1614852097953705,-0.9311803247139995,0.0,0.0,1.0,0.0,0.0,0.0,0.0,1.0,0.0,0.0,0.0,0.0,1.0,0.0,0.0,1.0,0.0,0.0,0.0,0.0,Placed
0.031439466999425084,-0.5312675682282115,0.04448924649010347,2.079231270179135,-0.9016904482118007,-1.1854941459440516,-0.874536702811302,-0.8708218044552226,-1.7210275703834341,0.05072041643460074,-0.2796377642468963,-0.6656020724076304,0.3959383154596155,-0.6210010086614172,-1.3986040547862044,-0.3461836561430765,-1.2396770825151475,0.0,0.0,0.0,0.0,0.0,1.0,1.0,0.0,0.0,0.0,0.0,0.0,0.0,0.0,1.0,0.0,0.0,0.0,1.0,0.0,Not Placed
1.248451092782051,-0.0017542818228479195,0.17344358414258065,-1.309285059673688,-0.9016904482118007,-0.20031895540882869,0.3019700722711672,-0.8708218044552226,-1.2606617401090707,-1.2160407230896717,-0.7890261740946507,-1.7464173455999927,-0.8017144932767074,-0.3353434541522568,0.4641563556600734,0.13235322757598147,-1.1985441814749942,1.0,0.0,0.0,0.0,0.0,0.0,1.0,0.0,0.0,1.0,0.0,0.0,0.0,0.0,0.0,0.0,0.0,0.0,1.0,0.0,Placed
1.248451092782051,-1.5644642246289202,-0.0024032399289777785,-1.309285059673688,0.9719520415789541,-1.1854941459440516,1.4784768473536365,0.0908219059861271,-0.33993007956034343,-1.6732740338055336,-0.8726571070547307,-2.364026073138486,-0.747275729243239,0.815221695954081,-0.2334511287301656,0.9383100843659762,-0.8763364566604618,0.0,1.0,0.0,0.0,0.0,0.0,0.0,1.0,0.0,0.0,0.0,0.0,0.0,0.0,1.0,0.0,0.0,1.0,0.0,0.0,Placed
-1.1855721587832007,0.3727795061224092,0.208612948956892,0.9497258268948607,0.9719520415789541,1.7700314256616172,0.3019700722711672,-1.2539156403221023,-1.4269049565970355,-1.1410844426444484,-0.15799277085041677,0.631376255423206,1.4769366298385054,-2.0175490529284197,0.7981173854213583,-0.5056959507160966,-1.4521970712226047,0.0,0.0,0.0,1.0,0.0,0.0,0.0,1.0,0.0,0.0,1.0,0.0,0.0,0.0,0.0,0.0,0.0,0.0,1.0,0.0,Placed
1.248451092782051,1.0443573327828706,-1.7843177238541035,0.9497258268948607,0.035130796683576736,-1.1854941459440516,-0.874536702811302,1.2010122058452468,0.29946690693182837,-0.878737461086167,1.5982568213112467,1.7585121831809554,-0.3662043810089538,0.8469614242328758,0.1673021069833757,1.542777726958472,0.46733831065120535,0.0,0.0,0.0,0.0,1.0,0.0,0.0,1.0,0.0,1.0,0.0,0.0,0.0,0.0,0.0,0.0,0.0,0.0,1.0,0.0,Placed
-1.1855721587832007,-0.8670564815584416,0.3258441650045976,-1.309285059673688,0.035130796683576736,0.7848562351263942,-0.874536702811302,0.45827925875639924,-1.2798436497038357,-2.392854326079677,-0.46970806642889457,0.12956916429818033,-1.2216706729634708,0.5136942773055226,-1.0275362439403322,-1.219303584332237,-0.17707713897785984,0.0,0.0,0.0,0.0,0.0,1.0,1.0,0.0,0.0,0.0,0.0,0.0,0.0,1.0,0.0,0.0,0.0,0.0,0.0,1.0,Placed
0.031439466999425084,0.57941883740255,-0.8230217522629171,-1.309285059673688,-0.9016904482118007,-1.1854941459440516,-0.874536702811302,-0.10463413272146434,-0.07138334523363107,-0.15915716881202416,-0.5001193147780136,-1.622895600092294,0.8392253940178653,-0.716220193497804,-0.6267830082267909,-0.05234521877172453,0.0011654321961373898,0.0,0.0,1.0,0.0,0.0,0.0,1.0,0.0,0.0,0.0,0.0,0.0,1.0,0.0,0.0,0.0,0.0,0.0,1.0,0.0,Placed
1.248451092782051,-0.6733321084833094,-1.5850246565730037,-0.1797796163894137,0.035130796683576736,1.7700314256616172,-0.874536702811302,-0.15154358201128584,-0.2823843507760476,-0.2566003333908142,-0.705395241134572,-0.38767814501530784,0.21706809077821676,-1.16851132147064,0.8352241665059456,0.5940993434452488,0.3507950910374381,0.0,0.0,0.0,1.0,0.0,0.0,0.0,1.0,0.0,0.0,0.0,0.0,1.0,0.0,0.0,0.0,1.0,0.0,0.0,0.0,Placed
-1.1855721587832007,-0.169648738487963,0.25550543537597326,0.9497258268948607,-0.9016904482118007,1.7700314256616172,1.4784768473536365,1.7013796649366801,1.5462910305915634,0.5679187515066416,1.7275046267950056,1.4188273830347837,0.8547793265988568,0.7993518318146831,-0.2334511287301656,0.6444716469946242,1.1734531118404994,0.0,0.0,0.0,1.0,0.0,0.0,0.0,1.0,0.0,1.0,0.0,0.0,0.0,0.0,0.0,1.0,0.0,0.0,0.0,0.0,Placed
1.248451092782051,0.7731432104776834,-0.7995755090533773,-0.1797796163894137,-0.9016904482118007,-0.20031895540882869,1.4784768473536365,-0.3548178622671816,-0.6084768138870553,-1.8456734788295475,0.5946856257902956,0.6622566918001299,-0.7783835944052209,-2.295271675367881,0.6274261924322574,-1.4459789503044231,-0.39645261119200975,0.0,0.0,0.0,1.0,0.0,0.0,1.0,0.0,0.0,1.0,0.0,0.0,0.0,0.0,0.0,1.0,0.0,0.0,0.0,0.0,Placed
0.031439466999425084,-2.0681475946242656,0.4547985026570731,-0.1797796163894137,1.9087732864743314,-0.20031895540882869,-0.874536702811302,1.7639255973231103,1.277744296264851,-0.8862330891306894,-2.3171914036379175,0.7548980009309041,-1.3694330324828872,-0.1607749486188823,1.6886801314514515,-0.6064405578148461,1.619059539775491,1.0,0.0,0.0,0.0,0.0,0.0,0.0,1.0,0.0,1.0,0.0,0.0,0.0,0.0,0.0,0.0,0.0,1.0,0.0,0.0,Not Placed
1.248451092782051,-0.5183526100232029,2.037419919301099,-0.1797796163894137,-0.9016904482118007,-0.20031895540882869,-0.874536702811302,0.6850082636572047,0.3889824850407328,-0.5114516869045737,-0.2872405763341758,-0.4648792359576195,-1.0194695494105848,-1.0494873404251566,0.7684319605536892,0.5689131916705618,0.14513058583667274,0.0,0.0,1.0,0.0,0.0,0.0,0.0,1.0,0.0,1.0,0.0,0.0,0.0,0.0,0.0,0.0,1.0,0.0,0.0,0.0,Placed
-1.1855721587832007,1.5480407027782148,0.4196291378427618,0.9497258268948607,0.035130796683576736,2.75520661619684,-0.874536702811302,1.7717438388714135,1.6230186689706243,0.7852919647977895,0.27536751812453947,1.1100230192655371,1.0258725849897603,-0.5337167558947288,0.5235272053954128,-0.010368299147245675,1.5984930892554148,1.0,0.0,0.0,0.0,0.0,0.0,0.0,1.0,0.0,0.0,0.0,1.0,0.0,0.0,0.0,0.0,1.0,0.0,0.0,0.0,Placed
1.248451092782051,0.23071496586731124,0.04448924649010347,0.9497258268948607,0.9719520415789541,-0.20031895540882869,-0.874536702811302,1.451195935390964,1.3544719346439118,0.36553679430453867,1.7275046267950056,1.3030257466213162,1.5624832590339566,0.32325590763275014,0.8871736600243679,-0.010368299147245675,1.3448401995078039,0.0,0.0,0.0,0.0,1.0,0.0,0.0,1.0,0.0,0.0,0.0,1.0,0.0,0.0,0.0,0.0,0.0,1.0,0.0,0.0,Placed
1.248451092782051,0.19197009125228548,0.10310485451395628,0.9497258268948607,1.9087732864743314,-0.20031895540882869,-0.874536702811302,1.1384662734588178,0.49767997274440223,-0.7288249001957205,0.13091408846622035,-0.04027323577490548,1.165857978218681,0.7358723752570921,1.2730841833040751,1.1733808342630576,0.8032570024791215,1.0,0.0,0.0,0.0,0.0,0.0,1.0,0.0,0.0,0.0,0.0,0.0,1.0,0.0,0.0,1.0,0.0,0.0,0.0,0.0,Not Placed
0.031439466999425084,-0.272968404128034,0.4313522594475317,0.9497258268948607,-0.9016904482118007,-1.1854941459440516,-0.874536702811302,-0.6050015918128989,-0.7427501810504115,1.137586482890338,-1.5417045707353643,-0.35679770863838384,-0.8872611224721597,0.04553328519328928,-0.4412491028038549,-1.1185589772334876,-1.301376434075377,0.0,0.0,0.0,0.0,1.0,0.0,1.0,0.0,0.0,0.0,1.0,0.0,0.0,0.0,0.0,0.0,0.0,0.0,0.0,1.0,Placed
0.031439466999425084,0.7731432104776834,-0.0024032399289777785,-0.1797796163894137,0.035130796683576736,0.7848562351263942,-0.874536702811302,0.5599163988843465,0.03092017260511605,1.1825602511574727,0.7543446796231749,0.724017564553979,-0.7783835944052209,-0.18457974482797873,0.5086844929615787,0.955100852215768,0.07657575076975096,0.0,0.0,1.0,0.0,0.0,0.0,1.0,0.0,0.0,0.0,0.0,0.0,0.0,1.0,0.0,0.0,1.0,0.0,0.0,0.0,Placed
1.248451092782051,1.1089321238079135,1.1699089205480784,-0.1797796163894137,0.9719520415789541,-1.1854941459440516,-0.874536702811302,-0.37045434536378913,-0.18008083293730048,1.4973766290274104,0.07769440385526062,0.6468164736116674,0.6448012367554752,1.5214306501572807,0.5012631367446606,-0.7491620845380739,-0.5267067978191605,0.0,0.0,0.0,0.0,1.0,0.0,1.0,0.0,0.0,0.0,0.0,1.0,0.0,0.0,0.0,0.0,1.0,0.0,0.0,0.0,Placed
-1.1855721587832007,-1.0478658964285665,-0.424435617700719,-0.1797796163894137,-0.9016904482118007,-0.20031895540882869,2.654983622436106,-0.44863676084682574,-1.094418523621106,-1.3809445400691631,0.4654378203065377,-0.5420803268999311,0.862556292889352,-1.1209017290524466,-0.9236372569034882,-1.529932789553381,-0.2524874575514734,0.0,0.0,0.0,0.0,1.0,0.0,0.0,1.0,0.0,0.0,1.0,0.0,0.0,0.0,0.0,0.0,1.0,0.0,0.0,0.0,Placed
0.031439466999425084,0.10156538381722308,-1.5029628053396111,-1.309285059673688,0.9719520415789541,0.7848562351263942,1.4784768473536365,1.0524656164274768,0.6063774604480707,0.3730324223490616,0.5110546928302169,1.1100230192655371,0.6836860682079532,-0.3274085220825584,-1.1240138747602593,0.367423977473064,-0.039967468844016266,0.0,0.0,0.0,1.0,0.0,0.0,0.0,1.0,0.0,0.0,0.0,0.0,1.0,0.0,0.0,0.0,0.0,1.0,0.0,0.0,Placed
0.031439466999425084,-1.0349509382235567,1.1699089205480784,-1.309285059673688,0.9719520415789541,0.7848562351263942,1.4784768473536365,-1.0115501523246888,-0.48059741658862143,-0.2940784736134258,0.02447471924430089,-0.6192814178422428,0.07708269754929603,0.5136942773055226,-0.21860841629633157,-1.3116528075060907,-0.6021171163927751,0.0,0.0,0.0,0.0,1.0,0.0,0.0,1.0,0.0,0.0,0.0,1.0,0.0,0.0,0.0,1.0,0.0,0.0,0.0,0.0,Placed
-1.1855721587832007,-0.19547865489798133,-0.9988685763344756,-1.309285059673688,0.9719520415789541,1.7700314256616172,-0.874536702811302,-0.010815234141820222,-0.3463240494252648,-0.15915716881202416,-1.6785551883064027,-0.9975667634595702,0.5903624727220057,-0.7876345821250933,-0.9310586131204057,0.55212242382077,-1.5138964227828346,0.0,0.0,0.0,0.0,1.0,0.0,1.0,0.0,0.0,0.0,0.0,1.0,0.0,0.0,0.0,1.0,0.0,0.0,0.0,0.0,Not Placed
1.248451092782051,0.928122708937791,0.23205919216643345,-0.1797796163894137,-1.8385116931071779,-1.1854941459440516,1.4784768473536365,-0.6284563164578096,0.005344293145429722,-1.5608396131376987,0.3818068873464578,-0.05571345396336803,0.7147939333699361,-0.26392906552496753,-1.7474077969813244,0.33384244177348044,-1.2602435330352237,0.0,0.0,0.0,1.0,0.0,0.0,1.0,0.0,0.0,0.0,1.0,0.0,0.0,0.0,0.0,1.0,0.0,0.0,0.0,0.0,Placed
1.248451092782051,0.618163712017578,0.7009840563572559,-1.309285059673688,0.035130796683576736,0.7848562351263942,-0.874536702811302,-0.42518203620191386,-1.2095099811896968,-0.9087199732642568,0.3437928269100582,-0.38767814501530784,1.0180956186992642,0.7438073073267906,-0.38929960928543256,0.39261012924775107,-1.2396770825151475,0.0,1.0,0.0,0.0,0.0,0.0,0.0,1.0,0.0,0.0,1.0,0.0,0.0,0.0,0.0,0.0,0.0,1.0,0.0,0.0,Placed
1.248451092782051,0.57941883740255,0.44307538105230326,-1.309285059673688,0.035130796683576736,-1.1854941459440516,-0.874536702811302,-0.3235448960739665,-0.8962054578085327,0.732822568486133,-0.23402089172321608,0.0832485097327927,-0.7394987629527427,-0.24805920138556956,-2.259481375948628,0.6192854952199371,-1.068289994847843,0.0,0.0,0.0,0.0,0.0,1.0,1.0,0.0,0.0,0.0,1.0,0.0,0.0,0.0,0.0,0.0,1.0,0.0,0.0,0.0,Placed
1.248451092782051,0.3598645479174006,0.6775378131477144,-1.309285059673688,1.9087732864743314,-1.1854941459440516,1.4784768473536365,-0.5737286256196839,0.24831514801245483,0.7478138245751779,-0.09717027415217756,-0.5343602178057004,0.20151415819722532,-1.0732921366342532,1.7035228438852867,-1.0597912897592177,-0.45815196275223874,0.0,0.0,0.0,0.0,0.0,1.0,0.0,1.0,0.0,0.0,0.0,0.0,0.0,1.0,0.0,0.0,1.0,0.0,0.0,0.0,Not Placed
-1.1855721587832007,0.7473132940676662,0.12655109772349774,-0.1797796163894137,-0.9016904482118007,1.7700314256616172,-0.874536702811302,-1.2382791572254948,-0.6468406330765857,-0.0916965164113228,0.16892814890262,-0.951246108894183,0.05375179867780944,-0.0655557637824955,-0.6638897893113782,0.3254470578485852,-1.3082319175820694,0.0,1.0,0.0,0.0,0.0,0.0,1.0,0.0,0.0,1.0,0.0,0.0,0.0,0.0,0.0,0.0,0.0,1.0,0.0,0.0,Placed
1.248451092782051,1.5738706191882341,0.5251372322856975,-0.1797796163894137,-0.9016904482118007,-0.20031895540882869,0.3019700722711672,-0.6206380749095053,-0.48059741658862143,0.6653619160854317,0.815167176321414,1.4265474921290155,-0.3506504484279624,-1.1288366611221454,-0.4486704590207719,0.08198092402660732,-0.19078810599124438,0.0,0.0,1.0,0.0,0.0,0.0,1.0,0.0,0.0,0.0,0.0,0.0,0.0,1.0,0.0,1.0,0.0,0.0,0.0,0.0,Placed
0.031439466999425084,0.7343983358626577,-1.901548939901809,0.9497258268948607,-0.9016904482118007,-0.20031895540882869,-0.874536702811302,0.8570095777198854,1.175440778426104,0.1181810688353021,-0.6749839927854518,0.10640883701548597,0.014866967225331394,0.5930435980025114,0.3973641497078171,0.44298243279712524,1.1391756943070386,0.0,0.0,0.0,1.0,0.0,0.0,0.0,1.0,0.0,0.0,1.0,0.0,0.0,0.0,0.0,1.0,0.0,0.0,0.0,0.0,Not Placed
-1.1855721587832007,-0.09215898925791033,1.240247650176701,-0.1797796163894137,0.035130796683576736,-0.20031895540882869,-0.874536702811302,-0.3469996207188773,0.18437544936323766,0.9202132695991911,0.1613253368153405,0.06780829154433016,-1.1672319089300012,0.013793556914493306,1.2953482519548272,0.8207747094174349,-0.5335622813258533,1.0,0.0,0.0,0.0,0.0,0.0,0.0,1.0,0.0,0.0,0.0,1.0,0.0,0.0,0.0,0.0,0.0,0.0,1.0,0.0,Not Placed
0.031439466999425084,-1.0349509382235567,0.6306453267286316,2.079231270179135,0.035130796683576736,-1.1854941459440516,-0.874536702811302,0.28627794469371853,0.44013424396010636,1.542350397294544,-1.3060173960296864,1.7585121831809554,0.8858871917608385,0.6247833262813074,-0.6564684330944601,-1.2109082004073413,-0.2524874575514734,0.0,1.0,0.0,0.0,0.0,0.0,1.0,0.0,0.0,0.0,1.0,0.0,0.0,0.0,0.0,0.0,1.0,0.0,0.0,0.0,Placed
1.248451092782051,-1.0349509382235567,-0.16652694239576632,-0.1797796163894137,1.9087732864743314,0.7848562351263942,0.3019700722711672,0.6928265052055089,0.47849806314963633,-1.4858833326924754,-0.5685446235635334,-0.21783574494222202,-1.688288650393207,-0.9304633593796735,-0.07760264817489973,-0.7659528523878657,0.6867137828653552,0.0,0.0,0.0,0.0,0.0,1.0,0.0,1.0,0.0,1.0,0.0,0.0,0.0,0.0,0.0,0.0,0.0,1.0,0.0,0.0,Placed
-1.1855721587832007,-0.10507394746291891,2.119481770534493,-1.309285059673688,0.035130796683576736,-0.20031895540882869,0.3019700722711672,-0.12027061581807187,0.08207193152449052,-1.3209795157129847,0.23735345768813979,-0.7814037088210978,-0.972807751667611,0.5454340055843185,1.243398758436405,-0.8666974594866146,0.1656970363567491,0.0,0.0,0.0,0.0,1.0,0.0,1.0,0.0,0.0,0.0,0.0,0.0,1.0,0.0,0.0,1.0,0.0,0.0,0.0,0.0,Placed
1.248451092782051,-1.1253556456586191,1.0409545828956013,2.079231270179135,1.9087732864743314,-1.1854941459440516,0.3019700722711672,-1.2382791572254948,-0.020231586314257515,0.29807614190383835,1.1648965323362903,1.7585121831809554,1.7724613488773382,0.5136942773055226,1.280505539520992,-0.7323713166882827,-0.8763364566604618,0.0,1.0,0.0,0.0,0.0,0.0,1.0,0.0,0.0,0.0,0.0,0.0,0.0,1.0,0.0,1.0,0.0,0.0,0.0,0.0,Placed
0.031439466999425084,1.0572722909878793,0.9354464884526672,-0.1797796163894137,0.9719520415789541,1.7700314256616172,-0.874536702811302,1.7717438388714135,1.6230186689706243,-0.6838511319285869,-0.0059365291048181805,-0.16379498128260475,1.4924905624194968,0.15662233416907295,0.6125834799984223,-2.461820405216811,1.310562781974343,0.0,1.0,0.0,0.0,0.0,0.0,0.0,1.0,0.0,0.0,1.0,0.0,0.0,0.0,0.0,0.0,0.0,0.0,1.0,0.0,Placed
-1.1855721587832007,0.4502692553524618,-0.1196344559766834,-0.1797796163894137,0.035130796683576736,-0.20031895540882869,-0.874536702811302,-1.2226426741288872,-0.33353610969542113,1.227534019424606,-0.19600683128681642,-0.26415639950760966,0.5514776412695277,-0.27979892966436554,1.7035228438852867,-0.6148359417397414,0.05600930024967462,1.0,0.0,0.0,0.0,0.0,0.0,1.0,0.0,0.0,0.0,0.0,0.0,0.0,0.0,1.0,0.0,1.0,0.0,0.0,0.0,Placed
1.248451092782051,0.5535889209925329,0.19688982735212043,-0.1797796163894137,-0.9016904482118007,-0.20031895540882869,0.3019700722711672,0.5286434326911315,-0.48059741658862143,-1.0436412780656583,0.1461197126407804,-1.5920151637153694,1.196965843380663,0.4740196169570282,-0.0701812919579827,0.5857039595203536,-0.17022165547116708,0.0,0.0,1.0,0.0,0.0,0.0,0.0,1.0,0.0,0.0,0.0,0.0,0.0,0.0,1.0,0.0,0.0,1.0,0.0,0.0,Placed
-1.1855721587832007,-0.15673378028295443,-0.8112986306581472,-1.309285059673688,0.035130796683576736,0.7848562351263942,-0.874536702811302,-1.386825746643264,-1.5228145045708612,0.9352045256882361,0.9368121697178925,0.43837352806742685,-1.6338498863597377,-1.8509154794647438,-1.3095477801831954,0.5940993434452488,-1.0477235443277662,1.0,0.0,0.0,0.0,0.0,0.0,1.0,0.0,0.0,0.0,0.0,0.0,1.0,0.0,0.0,0.0,0.0,0.0,1.0,0.0,Placed
0.031439466999425084,-0.11798890566792751,-2.053949520763826,-0.1797796163894137,0.035130796683576736,-0.20031895540882869,0.3019700722711672,-0.07336116652824927,-1.2478738003792271,-0.39152163819221586,-0.25682932798505564,-0.7350830542557102,-1.408317863935365,-0.23218933724617155,-0.9310586131204057,0.39261012924775107,-0.026256501830631714,0.0,1.0,0.0,0.0,0.0,0.0,0.0,1.0,0.0,0.0,0.0,0.0,1.0,0.0,0.0,0.0,0.0,0.0,0.0,1.0,Placed
-1.1855721587832007,2.1162988637986064,-1.209884765220347,-1.309285059673688,-0.9016904482118007,-0.20031895540882869,0.3019700722711672,0.5990076066258648,0.19076941922815902,0.14066795296886886,1.7275046267950056,0.21449036433472268,-1.6649577515217204,0.17249219830847093,0.15988075076645866,1.1481946824883704,0.06286478375636641,0.0,0.0,0.0,0.0,0.0,1.0,0.0,1.0,0.0,0.0,1.0,0.0,0.0,0.0,0.0,0.0,1.0,0.0,0.0,0.0,Not Placed
0.031439466999425084,-1.5128043918088847,0.5954759619143202,-1.309285059673688,-0.9016904482118007,-0.20031895540882869,0.3019700722711672,-0.9333677368416522,-0.5829009344273686,-0.5714167112607521,-0.021142153279378257,-1.3835722181711283,-2.2171223581469084,-1.6208024494434758,-0.9236372569034882,-0.5308821024907837,0.11085316830321186,1.0,0.0,0.0,0.0,0.0,0.0,1.0,0.0,0.0,0.0,0.0,0.0,1.0,0.0,0.0,0.0,0.0,1.0,0.0,0.0,Not Placed
-1.1855721587832007,0.7085684194526405,-0.5885593201675059,-1.309285059673688,1.9087732864743314,-0.20031895540882869,-0.874536702811302,-0.10463413272146434,-0.2632024411812826,1.257516531602696,-2.2715745311142377,0.013767527884712884,0.9092180906323263,0.8548963563025754,-0.5154626649730293,-0.10271752232109987,-0.32789777612508797,0.0,0.0,1.0,0.0,0.0,0.0,1.0,0.0,0.0,1.0,0.0,0.0,0.0,0.0,0.0,1.0,0.0,0.0,0.0,0.0,Not Placed
-1.1855721587832007,-2.4426813825695226,1.8029574872056877,2.079231270179135,-1.8385116931071779,-1.1854941459440516,0.3019700722711672,-0.22972599749432243,0.14601163017370772,-0.024235864010622513,-0.40128275764337473,-0.15607487218837293,-1.3227712347399134,-1.2399257100979297,0.018874982645026826,0.3590285935481675,-0.1222332709243226,0.0,0.0,0.0,1.0,0.0,0.0,0.0,1.0,0.0,1.0,0.0,0.0,0.0,0.0,0.0,0.0,1.0,0.0,0.0,0.0,Placed
1.248451092782051,-1.5902941410389386,0.37273665142367884,0.9497258268948607,0.9719520415789541,-1.1854941459440516,-0.874536702811302,-0.3939090700086999,-1.3693592278127398,-1.3584576559355963,-0.39367994555609526,-1.4376129818307462,-0.45952797649490135,-0.1211002882703879,1.7035228438852867,-0.48890518286630485,-0.883191940167154,1.0,0.0,0.0,0.0,0.0,0.0,1.0,0.0,0.0,0.0,0.0,0.0,1.0,0.0,0.0,0.0,0.0,0.0,1.0,0.0,Placed
-1.1855721587832007,0.682738503042621,-0.21341942881484924,-1.309285059673688,-0.9016904482118007,-0.20031895540882869,-0.874536702811302,-1.1913697079356727,0.20355735895800262,-0.8337636928190335,1.1801021565108505,0.6159360372347434,0.7847866299843959,-0.4226277069189452,-0.8568450509512313,2.264780744499508,-1.2945209505686848,0.0,0.0,0.0,0.0,1.0,0.0,1.0,0.0,0.0,0.0,0.0,0.0,0.0,0.0,1.0,0.0,1.0,0.0,0.0,0.0,Placed
1.248451092782051,-0.2083936131029899,-0.27203503683870206,-0.1797796163894137,0.9719520415789541,1.7700314256616172,1.4784768473536365,0.05954893979291203,-0.0522014356388661,-0.24910470534629228,-0.4392968180797744,-0.39539825410953966,0.3259456188451557,-2.025483984998119,-1.0275362439403322,-0.48890518286630485,-0.012545534817247161,0.0,0.0,0.0,0.0,1.0,0.0,0.0,1.0,0.0,1.0,0.0,0.0,0.0,0.0,0.0,0.0,0.0,1.0,0.0,0.0,Placed
-1.1855721587832007,2.335853153283757,-0.6002824417722774,0.9497258268948607,1.9087732864743314,-0.20031895540882869,0.3019700722711672,1.7717438388714135,1.3352900250491468,1.2350296474691291,1.3093499619946094,0.5078545099155067,1.4069439332240445,0.5454340055843185,0.17472346320029378,-0.10271752232109987,1.653336957308952,0.0,0.0,0.0,0.0,0.0,1.0,0.0,1.0,0.0,1.0,0.0,0.0,0.0,0.0,0.0,1.0,0.0,0.0,0.0,0.0,Placed
1.248451092782051,-0.6087573174582641,-0.0024032399289777785,0.9497258268948607,1.9087732864743314,1.7700314256616172,0.3019700722711672,-0.7222752150374537,0.45292218368995,0.3205630260374051,0.9216065455433335,0.4769740735385827,0.17818325932573872,0.6644579866298018,1.7035228438852867,0.39261012924775107,-0.3210422926183952,0.0,0.0,0.0,0.0,1.0,0.0,0.0,1.0,0.0,0.0,0.0,0.0,0.0,1.0,0.0,0.0,0.0,0.0,1.0,0.0,Placed
0.031439466999425084,-0.0017542818228479195,-1.655363386201628,0.9497258268948607,1.9087732864743314,-1.1854941459440516,1.4784768473536365,1.6857431818400737,1.520715151131877,1.7297410984076023,-0.11997871041401713,1.7585121831809554,0.7381248322414227,1.7753484763876453,-0.04791722330722953,-0.22864828119453642,1.653336957308952,0.0,0.0,1.0,0.0,0.0,0.0,0.0,1.0,0.0,0.0,0.0,1.0,0.0,0.0,0.0,0.0,0.0,0.0,0.0,1.0,Placed
-1.1855721587832007,0.12739530022724024,-0.5299437121436531,-0.1797796163894137,0.035130796683576736,-1.1854941459440516,0.3019700722711672,-1.7230101332203218,-0.5765069645624468,0.1781460931914805,-1.237592087244167,-0.8045640361037911,0.823671461436874,-0.35914825036135434,-0.5080413087561112,-0.5476728703405754,-1.2602435330352237,0.0,0.0,1.0,0.0,0.0,0.0,0.0,1.0,0.0,0.0,0.0,0.0,0.0,1.0,0.0,1.0,0.0,0.0,0.0,0.0,Not Placed
-1.1855721587832007,-0.29879832053805233,-1.2333310084298867,0.9497258268948607,0.035130796683576736,-1.1854941459440516,1.4784768473536365,1.4121047276494456,1.3097141455894596,-0.04672274814418928,0.15372252472805992,-0.0788737812460613,-2.7926178636435837,1.4579511935996898,0.4122068621416511,0.5101455041962911,1.0431989252133478,0.0,0.0,0.0,0.0,1.0,0.0,1.0,0.0,0.0,1.0,0.0,0.0,0.0,0.0,0.0,0.0,1.0,0.0,0.0,0.0,Placed
0.031439466999425084,-0.07924403105290174,1.4278175958530295,0.9497258268948607,1.9087732864743314,0.7848562351263942,0.3019700722711672,-0.9802771861314742,-0.19926274253206544,0.7852919647977895,0.4806434444810967,-0.4648792359576195,0.9092180906323263,0.9342456769995642,-0.2779792660316709,1.1230085307136835,-0.4375855122321624,0.0,0.0,1.0,0.0,0.0,0.0,0.0,1.0,0.0,0.0,0.0,1.0,0.0,0.0,0.0,0.0,0.0,1.0,0.0,0.0,Placed
-1.1855721587832007,-0.2213085713079985,2.119481770534493,-0.1797796163894137,0.035130796683576736,-0.20031895540882869,-0.874536702811302,0.6850082636572047,0.6831050988271314,0.537936239328552,-0.40888556973065426,-1.2754906908518917,1.7724613488773382,-0.041750967573399085,-0.15923756656099117,-0.20346212941984937,1.2899963314542666,0.0,0.0,0.0,1.0,0.0,0.0,0.0,1.0,0.0,0.0,0.0,1.0,0.0,0.0,0.0,0.0,0.0,0.0,0.0,1.0,Placed
-1.1855721587832007,-2.197297176674355,-1.010591697939247,0.9497258268948607,-0.9016904482118007,0.7848562351263942,-0.874536702811302,-0.8082758720687936,-0.49338535631846414,-0.8712418330416452,-0.1275815225012977,1.7430719649924928,-0.5061897742378746,-1.6208024494434758,0.08566718859728424,-1.529932789553381,0.021731882716213728,0.0,0.0,1.0,0.0,0.0,0.0,1.0,0.0,0.0,1.0,0.0,0.0,0.0,0.0,0.0,0.0,0.0,0.0,0.0,1.0,Not Placed
-1.1855721587832007,0.57941883740255,0.24378231377120335,-0.1797796163894137,0.9719520415789541,0.7848562351263942,-0.874536702811302,0.4895522249496132,0.30586087679675067,-0.0916965164113228,1.2181162169472501,0.013767527884712884,0.20151415819722532,-0.5337167558947288,0.21183024428488098,-0.060740602696621016,1.098042793266886,0.0,0.0,0.0,0.0,0.0,1.0,1.0,0.0,0.0,0.0,1.0,0.0,0.0,0.0,0.0,0.0,0.0,1.0,0.0,0.0,Placed
1.248451092782051,0.9668675835528168,0.04448924649010347,-0.1797796163894137,0.035130796683576736,-0.20031895540882869,1.4784768473536365,0.41136980946657664,1.0475613811276696,-0.05421837618871118,0.7619474917104543,0.02148763697894361,0.02264393351582656,-0.866983902822082,-0.38929960928543256,0.5353316559709794,0.7072802333854316,0.0,1.0,0.0,0.0,0.0,0.0,0.0,1.0,0.0,0.0,0.0,0.0,0.0,1.0,0.0,0.0,0.0,1.0,0.0,0.0,Placed
0.031439466999425084,-1.887338179754142,-0.04929572634806069,0.9497258268948607,0.035130796683576736,-1.1854941459440516,-0.874536702811302,-0.0889976496248568,-0.44223359739909057,-1.8531691068740694,0.2905731422990984,-0.26415639950760966,0.014866967225331394,-0.09729549206129036,-0.24829384116400072,0.056794772251920256,0.5838815302649726,0.0,0.0,0.0,1.0,0.0,0.0,0.0,1.0,0.0,0.0,0.0,0.0,1.0,0.0,0.0,0.0,1.0,0.0,0.0,0.0,Placed
-1.1855721587832007,-1.370739851553788,0.9120002452431257,-0.1797796163894137,-0.9016904482118007,-0.20031895540882869,-0.874536702811302,0.5520981573360434,1.6230186689706243,-1.8756559910076367,0.23735345768813979,-1.2986510181345854,-1.6260729200692425,-0.9463332235190709,-0.8568450509512313,-1.1437451290081753,0.46048282714451255,0.0,0.0,1.0,0.0,0.0,0.0,0.0,1.0,0.0,0.0,0.0,0.0,0.0,1.0,0.0,0.0,1.0,0.0,0.0,0.0,Not Placed
1.248451092782051,1.5480407027782148,0.10310485451395628,-0.1797796163894137,1.9087732864743314,-0.20031895540882869,-0.874536702811302,0.4426427756597917,-0.12253510415300464,1.0026651780889364,1.3929808949546882,0.5850556008578183,1.2669585399951238,-0.3194735900128599,0.3751000810570639,0.6276808791448324,0.28224025597051633,0.0,0.0,1.0,0.0,0.0,0.0,0.0,1.0,0.0,1.0,0.0,0.0,0.0,0.0,0.0,1.0,0.0,0.0,0.0,0.0,Placed
1.248451092782051,-1.2932501023237342,-0.16652694239576632,0.9497258268948607,0.9719520415789541,-0.20031895540882869,-0.874536702811302,-0.09681589117316113,0.1332236904438641,0.6578662880409097,1.043251538939812,-0.05571345396336803,1.243627641123637,-0.8035044462644912,-0.7529460639143867,-0.03555445092193394,0.9952105406665033,0.0,1.0,0.0,0.0,0.0,0.0,0.0,1.0,0.0,0.0,0.0,0.0,0.0,1.0,0.0,1.0,0.0,0.0,0.0,0.0,Placed
-1.1855721587832007,-1.1899304366836632,-1.8781026966922676,-0.1797796163894137,0.9719520415789541,-1.1854941459440516,1.4784768473536365,-1.5901000268991594,-1.2159039510546186,-0.1516615407675012,-0.6977924290472924,0.013767527884712884,0.014866967225331394,0.48195454902672774,0.6942183983845148,0.8963331647414974,-0.5884061493793905,0.0,0.0,0.0,1.0,0.0,0.0,1.0,0.0,0.0,1.0,0.0,0.0,0.0,0.0,0.0,1.0,0.0,0.0,0.0,0.0,Not Placed
1.248451092782051,-1.060780854633575,0.5720297187047787,0.9497258268948607,0.035130796683576736,-0.20031895540882869,-0.874536702811302,1.029010891782566,1.0731372605873568,-0.21162656512368067,-1.123549905934968,0.5387349462924318,-1.1127931448965322,-1.2716654383767252,-2.274324088382463,-1.0262097540596347,0.9266557055995814,0.0,0.0,0.0,1.0,0.0,0.0,0.0,1.0,0.0,0.0,0.0,0.0,1.0,0.0,0.0,1.0,0.0,0.0,0.0,0.0,Placed
0.031439466999425084,-0.02758419823286624,-0.44788186091026044,-0.1797796163894137,0.035130796683576736,2.75520661619684,-0.874536702811302,-0.667547524199328,-0.10335319455823967,-1.0736237902437475,1.430994955391088,-0.032553126680674754,0.8003405625653873,0.4343449566085338,1.3398763892563315,-0.010368299147245675,-0.47871841327231507,0.0,0.0,0.0,0.0,0.0,1.0,1.0,0.0,0.0,0.0,0.0,0.0,1.0,0.0,0.0,0.0,0.0,1.0,0.0,0.0,Placed
1.248451092782051,0.5665038791975414,0.7244302995667957,-1.309285059673688,0.035130796683576736,-0.20031895540882869,-0.874536702811302,0.7944636453334563,1.4503814826177377,-0.039227120099666314,-0.2872405763341758,-0.4339987995806955,0.014866967225331394,-0.9066585631705765,0.7535892481198542,-0.06913598662151631,1.653336957308952,0.0,0.0,0.0,0.0,1.0,0.0,0.0,1.0,0.0,0.0,0.0,0.0,0.0,0.0,1.0,0.0,0.0,1.0,0.0,0.0,Placed
-1.1855721587832007,0.5923337956075586,-1.010591697939247,-1.309285059673688,0.035130796683576736,0.7848562351263942,-0.874536702811302,-1.6448277177372852,-1.2670557099739925,-0.12917465663393443,0.36660126317189773,0.06780829154433016,1.1347501130566982,-0.05762083171279595,-0.5006199525391942,-0.5224867185658885,-1.3699312691422987,0.0,0.0,0.0,0.0,0.0,1.0,0.0,1.0,0.0,0.0,0.0,0.0,0.0,1.0,0.0,0.0,0.0,1.0,0.0,0.0,Placed
1.248451092782051,0.2694598404823382,1.2285245285719313,-0.1797796163894137,-0.9016904482118007,0.7848562351263942,1.4784768473536365,0.9117372685580112,0.8429543454501744,0.5529274954175968,0.7467418675358942,-0.36451781773261455,0.3803843828786241,-0.16870988068858073,-0.003389086005725292,0.056794772251920256,1.0500544087200405,0.0,0.0,0.0,0.0,1.0,0.0,0.0,1.0,0.0,0.0,0.0,0.0,0.0,1.0,0.0,0.0,1.0,0.0,0.0,0.0,Placed
-1.1855721587832007,-0.6991620248933266,-0.0024032399289777785,-0.1797796163894137,0.035130796683576736,0.7848562351263942,-0.874536702811302,0.4504610172080949,-0.8898114879436109,-0.481469174726484,0.07009159176798112,0.4074930916905018,0.6992400007889447,0.950115541138961,-0.5228840211899464,-0.5392774864156802,0.4810492776645899,0.0,0.0,0.0,1.0,0.0,0.0,1.0,0.0,0.0,0.0,0.0,0.0,1.0,0.0,0.0,0.0,0.0,0.0,0.0,1.0,Placed
1.248451092782051,-0.40211798617812333,-1.3505622244775923,-0.1797796163894137,0.035130796683576736,-1.1854941459440516,-0.874536702811302,-0.4173637946536107,-0.32714213983049983,-0.05421837618871118,-0.0059365291048181805,-0.6733221815018611,-0.521743706818866,-1.09709693284335,-0.21860841629633157,0.11556245972619089,0.18626348687682542,0.0,1.0,0.0,0.0,0.0,0.0,1.0,0.0,0.0,0.0,0.0,0.0,0.0,0.0,1.0,0.0,0.0,0.0,1.0,0.0,Not Placed
1.248451092782051,1.4705509535481631,-0.41271249609594746,-1.309285059673688,0.9719520415789541,0.7848562351263942,0.3019700722711672,0.11427663063103785,0.6319533399077579,0.15565920905791372,0.3894096994337384,0.7394577827424416,0.014866967225331394,-0.9383982914493725,0.6274261924322574,-0.010368299147245675,1.125464727293654,1.0,0.0,0.0,0.0,0.0,0.0,1.0,0.0,0.0,0.0,0.0,0.0,0.0,1.0,0.0,0.0,0.0,0.0,0.0,1.0,Placed
0.031439466999425084,0.4890141299674887,1.580218176715048,-0.1797796163894137,0.035130796683576736,-0.20031895540882869,1.4784768473536365,-0.3548178622671816,-0.1864748028022218,-0.5414341990826623,-0.7282036773964116,0.4460936371616576,0.014866967225331394,1.0691395221844442,0.6719543297337616,-0.2706252008190153,-1.0477235443277662,0.0,0.0,0.0,0.0,0.0,1.0,0.0,0.0,1.0,0.0,0.0,0.0,1.0,0.0,0.0,1.0,0.0,0.0,0.0,0.0,Placed
1.248451092782051,-0.272968404128034,-0.01412636153374934,0.9497258268948607,0.035130796683576736,1.7700314256616172,-0.874536702811302,0.9977379255893509,1.2074106277507126,-0.5639210832162291,0.41982094778285745,1.5269089103540205,1.0336495512802555,-1.5731928570252829,1.087550277881139,0.6360762630697278,1.0157769911865795,0.0,0.0,0.0,1.0,0.0,0.0,0.0,1.0,0.0,0.0,1.0,0.0,0.0,0.0,0.0,0.0,1.0,0.0,0.0,0.0,Placed
0.031439466999425084,-0.1309038638729361,1.0292314612908313,-0.1797796163894137,-0.9016904482118007,-0.20031895540882869,-0.874536702811302,0.3488238770801476,1.0475613811276696,-1.523361472915087,-0.6445727444363327,-0.4880395632403127,0.3959383154596155,-1.5176483325373906,0.49384178052774363,0.1911209150502521,0.1314196188232882,0.0,0.0,0.0,1.0,0.0,0.0,1.0,0.0,0.0,0.0,0.0,0.0,1.0,0.0,0.0,1.0,0.0,0.0,0.0,0.0,Placed
-1.1855721587832007,0.6439936284275952,-1.3974547108966753,-0.1797796163894137,1.9087732864743314,-0.20031895540882869,0.3019700722711672,1.7717438388714135,1.3225020853193032,-0.36903475405864905,1.316952774081889,0.43837352806742685,-1.2605555044159487,-0.2004496089673767,0.2637797378033022,0.6948439505439984,1.653336957308952,1.0,0.0,0.0,0.0,0.0,0.0,1.0,0.0,0.0,0.0,0.0,0.0,0.0,0.0,1.0,1.0,0.0,0.0,0.0,0.0,Placed
-1.1855721587832007,1.6901052430333139,-1.010591697939247,0.9497258268948607,0.035130796683576736,1.7700314256616172,0.3019700722711672,-1.621372993092374,-1.0880245537561841,-0.0017489798770546838,0.9672234180670126,-0.4880395632403127,0.45815404578358015,0.9659854052783591,0.902016372458203,0.33384244177348044,-0.8900474236738463,1.0,0.0,0.0,0.0,0.0,0.0,0.0,1.0,0.0,0.0,1.0,0.0,0.0,0.0,0.0,0.0,0.0,1.0,0.0,0.0,Not Placed
1.248451092782051,0.7602282522726749,-0.5768361985627359,-0.1797796163894137,0.9719520415789541,-0.20031895540882869,0.3019700722711672,-0.6284563164578096,-0.5445371152378385,0.7927875928423115,0.35899845108461825,0.006047418790481063,1.5080444950004872,0.7596771714661886,-1.1611206558448466,-0.14469444194557873,-0.10852230391093805,1.0,0.0,0.0,0.0,0.0,0.0,1.0,0.0,0.0,0.0,0.0,0.0,0.0,0.0,1.0,0.0,0.0,0.0,0.0,1.0,Placed
0.031439466999425084,0.5535889209925329,1.0644008261051427,-1.309285059673688,0.035130796683576736,-0.20031895540882869,-0.874536702811302,0.15336783837255616,1.2201985674805562,0.6128925197737752,-0.4849136906034536,-1.5920151637153694,1.1114192141852117,0.9977251335571551,-1.836464071584334,-1.336838959280778,0.6798582993586625,0.0,0.0,0.0,0.0,1.0,0.0,1.0,0.0,0.0,0.0,0.0,0.0,0.0,0.0,1.0,1.0,0.0,0.0,0.0,0.0,Placed
1.248451092782051,0.03699059279217899,-0.45960498251503035,-0.1797796163894137,-1.8385116931071779,-0.20031895540882869,-0.874536702811302,-1.2226426741288872,-1.2031160113247754,-0.9087199732642568,-0.462105254341614,-0.15607487218837293,0.007090000934835124,-0.6765455331493095,1.1543424838333953,1.2321485217373283,-0.5472732483392369,0.0,0.0,0.0,0.0,1.0,0.0,1.0,0.0,0.0,0.0,0.0,0.0,0.0,1.0,0.0,0.0,0.0,0.0,1.0,0.0,Placed
-1.1855721587832007,-0.26005344592302543,1.7560650007866065,-0.1797796163894137,0.9719520415789541,-0.20031895540882869,-0.874536702811302,0.4660975003047025,0.1587995699035504,-1.0586325341547034,1.446200579565648,-0.9744064361768764,0.8158944951463788,1.7753484763876453,-0.7529460639143867,0.55212242382077,0.45362734363782076,0.0,0.0,0.0,1.0,0.0,0.0,1.0,0.0,0.0,0.0,0.0,0.0,0.0,0.0,1.0,0.0,0.0,0.0,1.0,0.0,Placed
-1.1855721587832007,0.2952897568923553,-0.22514255041961911,-0.1797796163894137,0.9719520415789541,-0.20031895540882869,-0.874536702811302,0.21591377075898519,-1.7593913895729647,1.0701258304896377,0.3894096994337384,0.013767527884712884,1.1580810119281848,-0.9066585631705765,0.004032270211191729,0.5940993434452488,-0.6775274349663887,0.0,0.0,0.0,0.0,0.0,1.0,0.0,1.0,0.0,0.0,1.0,0.0,0.0,0.0,0.0,0.0,0.0,0.0,0.0,1.0,Placed
-1.1855721587832007,-0.8799714397634503,-1.4795165621300697,-1.309285059673688,-1.8385116931071779,-1.1854941459440516,-0.874536702811302,-1.1679149832907618,-0.07138334523363107,-0.6163904795278856,-1.579718631171764,-3.0356755643365974,-1.3927639313543743,-3.5648608065197016,-0.8642664071681488,0.7704024058680607,-0.9997351597809212,0.0,1.0,0.0,0.0,0.0,0.0,0.0,1.0,0.0,0.0,0.0,0.0,0.0,0.0,1.0,0.0,1.0,0.0,0.0,0.0,Not Placed
1.248451092782051,0.2565448822773296,-2.440812533721255,-0.1797796163894137,-1.8385116931071779,-0.20031895540882869,-0.874536702811302,0.9273737516546187,-0.09695922469331832,1.1001083426677263,0.2449562697754193,-0.318197163167228,-1.237224605544462,-1.4541688759797997,-1.984891195922683,0.5101455041962911,0.0971422012898273,0.0,0.0,0.0,0.0,0.0,1.0,1.0,0.0,0.0,1.0,0.0,0.0,0.0,0.0,0.0,0.0,1.0,0.0,0.0,0.0,Placed
-1.1855721587832007,0.3856944643274177,-0.061018847952830586,-0.1797796163894137,0.9719520415789541,1.7700314256616172,0.3019700722711672,0.41918805101488094,-1.1136004332158709,-0.00924460792157765,-0.18840401919953692,-0.4108384722980011,-0.786160560695717,-0.34327838622195633,0.3528360124063118,1.206962369962641,0.3507950910374381,0.0,1.0,0.0,0.0,0.0,0.0,0.0,1.0,0.0,0.0,0.0,0.0,0.0,1.0,0.0,0.0,1.0,0.0,0.0,0.0,Placed
1.248451092782051,0.24362992407231984,-0.5299437121436531,-0.1797796163894137,0.9719520415789541,-0.20031895540882869,-0.874536702811302,-0.6206380749095053,-1.1263883729457145,-0.5639210832162291,0.3209843906482186,0.6390963645174367,0.6448012367554752,-0.5495866200341268,1.0207580719288816,2.247989976649716,-0.8214925886069245,0.0,0.0,0.0,0.0,0.0,1.0,1.0,0.0,0.0,1.0,0.0,0.0,0.0,0.0,0.0,0.0,0.0,0.0,1.0,0.0,Placed
1.248451092782051,-0.04049915643787483,-1.209884765220347,0.9497258268948607,0.035130796683576736,1.7700314256616172,1.4784768473536365,0.49737046649791755,0.5680136412585407,1.4898810009828876,-0.5685446235635334,-1.2214499271922739,-0.07067966197012095,0.4581497528176313,-0.6787325017452122,0.4681685845718123,0.05600930024967462,0.0,0.0,1.0,0.0,0.0,0.0,1.0,0.0,0.0,0.0,0.0,0.0,0.0,0.0,1.0,0.0,1.0,0.0,0.0,0.0,Placed
-1.1855721587832007,-1.0736958128385836,1.0175083396860598,2.079231270179135,-1.8385116931071779,1.7700314256616172,-0.874536702811302,0.7710089206885455,0.894106104369548,0.8902307574211015,0.016871907157021394,0.029207746073174334,1.1891888770901677,-0.5337167558947288,-0.5822548709252856,-0.6064405578148461,1.0500544087200405,0.0,1.0,0.0,0.0,0.0,0.0,0.0,1.0,0.0,0.0,0.0,0.0,0.0,1.0,0.0,0.0,1.0,0.0,0.0,0.0,Placed
0.031439466999425084,0.14031025843224998,-0.8112986306581472,-0.1797796163894137,0.9719520415789541,-1.1854941459440516,-0.874536702811302,-1.1444602586458505,-0.934569276998063,0.8677438732875347,0.5186575049174963,-0.4648792359576195,1.6713607871008955,-0.08142562792189349,-1.4950816856061315,-0.22864828119453642,-0.574695182366006,0.0,0.0,0.0,0.0,1.0,0.0,1.0,0.0,0.0,0.0,0.0,0.0,1.0,0.0,0.0,0.0,0.0,0.0,0.0,1.0,Placed
1.248451092782051,0.57941883740255,1.8732962168343121,-0.1797796163894137,0.035130796683576736,-1.1854941459440516,0.3019700722711672,-2.1608316599253263,-1.0176908852420452,-0.23411344925724742,-0.09717027415217756,-0.5111998905230071,0.5437006749790325,0.3788004321206425,0.2637797378033022,-0.12790367409578696,-2.0623351033182087,1.0,0.0,0.0,0.0,0.0,0.0,1.0,0.0,0.0,0.0,0.0,0.0,0.0,0.0,1.0,1.0,0.0,0.0,0.0,0.0,Placed
-1.1855721587832007,1.8063398668783934,-0.6002824417722774,-1.309285059673688,-0.9016904482118007,-0.20031895540882869,0.3019700722711672,1.029010891782566,0.6575292193674451,0.6878488002189984,-0.7738205499200917,-1.0902080725903438,-0.9883616842486025,-1.4224291477010038,-1.5396098229076363,1.8701977000294063,0.7484131344255842,0.0,0.0,0.0,0.0,1.0,0.0,0.0,1.0,0.0,0.0,0.0,0.0,0.0,1.0,0.0,0.0,1.0,0.0,0.0,0.0,Placed
-1.1855721587832007,0.3082047150973651,-0.18997318560530776,-0.1797796163894137,-0.9016904482118007,-1.1854941459440516,0.3019700722711672,0.21591377075898519,-0.4997793261833864,-0.1366702846784574,-1.351634268553366,0.6545365827058992,-1.7116195492646937,-0.03381603550369953,-0.641625720660625,0.5689131916705618,-0.30733132560501064,0.0,0.0,0.0,1.0,0.0,0.0,1.0,0.0,0.0,0.0,0.0,1.0,0.0,0.0,0.0,1.0,0.0,0.0,0.0,0.0,Placed
-1.1855721587832007,0.07573546740720476,-0.0024032399289777785,-0.1797796163894137,-0.9016904482118007,0.7848562351263942,1.4784768473536365,-0.24536248059092997,0.037314142470038315,-0.30157410165794774,0.7619474917104543,-0.19467541765952875,-0.12511842600359044,0.40260522832973894,0.13761668211570655,-0.933860530885781,-0.4170190617120861,0.0,0.0,0.0,1.0,0.0,0.0,1.0,0.0,0.0,0.0,0.0,1.0,0.0,0.0,0.0,0.0,0.0,1.0,0.0,0.0,Placed
1.248451092782051,-0.9703761471985126,-0.3189275232577833,2.079231270179135,-0.9016904482118007,0.7848562351263942,-0.874536702811302,-0.07336116652824927,-0.020231586314257515,-0.039227120099666314,0.8455784246705342,0.20677025524049197,-0.039571796808138084,-0.8193743104038892,0.2637797378033022,-0.010368299147245675,-0.30047584209831885,0.0,0.0,0.0,1.0,0.0,0.0,1.0,0.0,0.0,0.0,0.0,0.0,1.0,0.0,0.0,0.0,0.0,0.0,1.0,0.0,Placed
-1.1855721587832007,0.2952897568923553,-1.3153928596632811,-0.1797796163894137,0.035130796683576736,1.7700314256616172,1.4784768473536365,-0.6910022488442387,-0.0522014356388661,-0.3540434979696042,1.3853780828674087,0.09868872792125524,-1.120570111187028,-0.11316535620068835,1.1766065524841487,-1.622282012727234,-0.7940706545801559,0.0,0.0,1.0,0.0,0.0,0.0,0.0,1.0,0.0,0.0,0.0,0.0,0.0,0.0,1.0,0.0,0.0,0.0,1.0,0.0,Placed
-1.1855721587832007,1.2251667476529933,-0.14308069918622485,0.9497258268948607,0.035130796683576736,0.7848562351263942,0.3019700722711672,0.9508284762995295,-0.11614113428808329,1.7297410984076023,0.07769440385526062,0.13728927339241107,1.0180956186992642,1.0294648618359499,-0.21118706007941349,0.14914399542577325,1.0706208592401167,0.0,1.0,0.0,0.0,0.0,0.0,0.0,1.0,0.0,0.0,0.0,0.0,1.0,0.0,0.0,1.0,0.0,0.0,0.0,0.0,Not Placed
-1.1855721587832007,-1.2545052277087074,0.5603065971000089,-0.1797796163894137,0.9719520415789541,-1.1854941459440516,0.3019700722711672,-0.8786400460035269,-1.5100265648410176,-0.8262680647745111,1.2713359015582097,-1.182849381721118,-1.5171953920023036,0.600978530072211,-0.7677887763482217,0.8543562451170185,-1.225966115501763,0.0,0.0,0.0,1.0,0.0,0.0,0.0,1.0,0.0,0.0,0.0,0.0,0.0,0.0,1.0,0.0,1.0,0.0,0.0,0.0,Placed
0.031439466999425084,-0.8412265651484245,-0.7526830226342944,-1.309285059673688,1.9087732864743314,-0.20031895540882869,-0.874536702811302,0.03609421514800128,-0.0841712849634747,0.47797121497237355,-0.5077221268652942,-1.0207270907422634,0.4270461806215984,0.2994511114236537,-0.055338579524147606,-1.8573527626243158,-0.2182100400180125,0.0,1.0,0.0,0.0,0.0,0.0,0.0,1.0,0.0,0.0,0.0,0.0,1.0,0.0,0.0,0.0,1.0,0.0,0.0,0.0,Not Placed
1.248451092782051,0.2952897568923553,-0.9871454547297056,-0.1797796163894137,0.9719520415789541,-1.1854941459440516,0.3019700722711672,-0.2688172052358407,-0.12892907401792691,0.2381111175476589,-1.245194899331447,0.9247404010039899,-0.335096515846971,-1.089162000773651,0.5383699178292478,-0.32939288829328595,0.323373157010669,0.0,1.0,0.0,0.0,0.0,0.0,1.0,0.0,0.0,1.0,0.0,0.0,0.0,0.0,0.0,0.0,0.0,0.0,0.0,1.0,Placed
0.031439466999425084,-0.6216722756632739,2.0725892841154105,2.079231270179135,0.9719520415789541,-1.1854941459440516,-0.874536702811302,-0.3469996207188773,0.39537645490565415,1.0776214585341597,1.7275046267950056,0.5773354917635876,-0.7550526955337342,1.624584767063366,0.4567349994431564,0.07358554010171203,1.2008750458672686,0.0,0.0,0.0,0.0,0.0,1.0,0.0,1.0,0.0,0.0,1.0,0.0,0.0,0.0,0.0,0.0,0.0,0.0,1.0,0.0,Placed
0.031439466999425084,-0.49252269361318457,-0.424435617700719,-0.1797796163894137,-0.9016904482118007,-0.20031895540882869,0.3019700722711672,-1.1600967417424581,-1.0368727948368106,0.3205630260374051,1.4081865191292484,0.46925396444435086,-0.5995133697238221,-0.9780729517978669,0.6348475486491744,1.7106854054563874,-0.0879558533908617,0.0,0.0,0.0,0.0,1.0,0.0,0.0,1.0,0.0,0.0,0.0,0.0,0.0,1.0,0.0,0.0,0.0,0.0,1.0,0.0,Placed
0.031439466999425084,1.3930612043181094,0.021043003280562012,-1.309285059673688,-0.9016904482118007,-0.20031895540882869,-0.874536702811302,-1.504099369867819,0.01813223287527334,-1.635795893582922,0.5794800016157367,0.013767527884712884,-1.0894622460250452,1.5769751746451732,-0.3967209655023496,1.274125441361807,-0.3141868091117034,1.0,0.0,0.0,0.0,0.0,0.0,1.0,0.0,0.0,0.0,0.0,0.0,1.0,0.0,0.0,0.0,0.0,1.0,0.0,0.0,Placed
0.031439466999425084,-0.40211798617812333,-2.1242882503924503,-1.309285059673688,-0.9016904482118007,-1.1854941459440516,-0.874536702811302,-1.9966485874109496,-2.654547170662005,-2.070542320165217,-0.7890261740946507,-0.04027323577490548,-2.147129661532448,-0.8511140386826841,-0.08502400439181675,-0.010368299147245675,-1.7812602795438295,0.0,0.0,0.0,0.0,1.0,0.0,1.0,0.0,0.0,1.0,0.0,0.0,0.0,0.0,0.0,0.0,0.0,0.0,1.0,0.0,Placed
0.031439466999425084,-0.5183526100232029,1.439540717457801,-1.309285059673688,-1.8385116931071779,-0.20031895540882869,2.654983622436106,-2.098285727538897,-1.0304788249718888,-0.4364954064593504,-2.6669207596527937,0.20677025524049197,-0.8794841561816641,1.7753484763876453,1.3695618141240018,-1.8321666108496282,-0.6501055009396196,0.0,0.0,0.0,0.0,1.0,0.0,0.0,1.0,0.0,0.0,1.0,0.0,0.0,0.0,0.0,0.0,0.0,0.0,0.0,1.0,Not Placed
1.248451092782051,-0.7120769830983351,-0.23686567202438902,-0.1797796163894137,0.9719520415789541,0.7848562351263942,-0.874536702811302,-0.9959136692280812,-2.098271792413816,0.4404930747497619,-0.23402089172321608,0.013767527884712884,-0.7783835944052209,0.5295641414449206,1.1543424838333953,-0.2706252008190153,-1.8361041475973667,0.0,1.0,0.0,0.0,0.0,0.0,0.0,1.0,0.0,0.0,1.0,0.0,0.0,0.0,0.0,0.0,0.0,1.0,0.0,0.0,Not Placed
0.031439466999425084,0.57941883740255,-0.34237376646732476,0.9497258268948607,0.035130796683576736,-0.20031895540882869,-0.874536702811302,0.07518542288951957,-0.18008083293730048,1.6173066777397673,-1.1083442817604081,-0.8894852361403335,0.3570534840071375,0.585108665932813,-0.41156367793618465,-0.1698805937202658,0.5496041127315117,0.0,0.0,0.0,0.0,1.0,0.0,0.0,1.0,0.0,0.0,0.0,0.0,0.0,0.0,1.0,0.0,0.0,0.0,1.0,0.0,Not Placed
-1.1855721587832007,-1.0736958128385836,-1.2216078868251168,-0.1797796163894137,-0.9016904482118007,-0.20031895540882869,0.3019700722711672,1.2948311044248908,0.23552720828261123,-0.47397354668196207,-0.10477308623945705,-0.9280857816114892,-0.45175101020440506,-2.3270114036466767,-1.4134467672200395,-0.001972915222350382,1.379117617041265,0.0,0.0,1.0,0.0,0.0,0.0,1.0,0.0,0.0,0.0,0.0,0.0,1.0,0.0,0.0,0.0,0.0,0.0,0.0,1.0,Placed
-1.1855721587832007,-0.24713848771801683,0.361013529818909,-1.309285059673688,-0.9016904482118007,1.7700314256616172,-0.874536702811302,-0.0029969925935170094,-0.32714213983049983,-0.6538686197504973,0.3818068873464578,-1.3218113454172786,-1.0583543808630629,-0.255994133455268,-0.6267830082267909,-0.2622298168941188,-0.574695182366006,1.0,0.0,0.0,0.0,0.0,0.0,1.0,0.0,0.0,0.0,0.0,0.0,1.0,0.0,0.0,0.0,1.0,0.0,0.0,0.0,Placed
-1.1855721587832007,-0.37628806976810497,-0.9519760899153943,-0.1797796163894137,0.035130796683576736,1.7700314256616172,1.4784768473536365,-0.1749983066561977,-0.020231586314257515,-1.2010494670006273,-0.8498486707928911,0.7548980009309041,0.21706809077821676,0.0693380814023857,0.2860438064540554,1.5091961912588885,-0.7803596875667713,0.0,0.0,0.0,1.0,0.0,0.0,0.0,1.0,0.0,0.0,0.0,1.0,0.0,0.0,0.0,1.0,0.0,0.0,0.0,0.0,Placed
-1.1855721587832007,1.302656496883047,-0.8230217522629171,-1.309285059673688,0.035130796683576736,0.7848562351263942,-0.874536702811302,-0.9099130121967409,-0.7747200303750201,-0.21912219316820256,0.3513956389973387,0.26853112799434103,0.8003405625653873,0.8628312883722739,0.5086844929615787,0.5017501202713959,-0.7529377535400027,0.0,1.0,0.0,0.0,0.0,0.0,0.0,1.0,0.0,0.0,0.0,0.0,0.0,0.0,1.0,0.0,0.0,0.0,1.0,0.0,Placed
1.248451092782051,0.618163712017578,-1.0457610627535585,-0.1797796163894137,-0.9016904482118007,0.7848562351263942,0.3019700722711672,0.020457732051393743,-0.47420344672369913,-0.7663030404183321,-0.2720349521596157,-0.3413574904499213,0.07708269754929603,0.7914168997449834,-0.7158392828297995,2.264780744499508,-0.6226835669128514,1.0,0.0,0.0,0.0,0.0,0.0,1.0,0.0,0.0,1.0,0.0,0.0,0.0,0.0,0.0,0.0,1.0,0.0,0.0,0.0,Placed
-1.1855721587832007,-0.38920302797311357,-0.061018847952830586,0.9497258268948607,0.035130796683576736,0.7848562351263942,-0.874536702811302,-0.730093456585757,-1.7018456607886692,0.2231198614586151,0.07009159176798112,-0.09431399943452384,0.6136933715934924,1.688064223620958,-0.812316913649727,-0.8247205398621357,-1.651006092916678,0.0,0.0,0.0,0.0,1.0,0.0,0.0,1.0,0.0,0.0,1.0,0.0,0.0,0.0,0.0,1.0,0.0,0.0,0.0,0.0,Placed
0.031439466999425084,-0.26005344592302543,-0.8933604818915415,-0.1797796163894137,-0.9016904482118007,-1.1854941459440516,-0.874536702811302,0.4504610172080949,1.5654729401863283,1.047638946356071,-0.18840401919953692,-1.9239798547673097,0.450377079493085,-0.9622030876584688,-0.8939518320358185,-1.2444897361069243,1.4271060015881103,0.0,1.0,0.0,0.0,0.0,0.0,1.0,0.0,0.0,0.0,0.0,1.0,0.0,0.0,0.0,0.0,0.0,0.0,1.0,0.0,Placed
-1.1855721587832007,-0.6216722756632739,-2.007057034344745,-0.1797796163894137,0.9719520415789541,-0.20031895540882869,-0.874536702811302,0.37227860172505833,-0.03941349590902249,1.7297410984076023,0.19933939725174016,-0.642441745124936,-0.7394987629527427,-0.6210010086614172,-1.5247671104738012,1.3161023609862859,-0.23877649053808886,0.0,0.0,0.0,1.0,0.0,0.0,0.0,1.0,0.0,0.0,0.0,0.0,0.0,0.0,1.0,0.0,0.0,0.0,1.0,0.0,Placed
1.248451092782051,0.06282050920219617,-0.0024032399289777785,2.079231270179135,0.035130796683576736,-0.20031895540882869,0.3019700722711672,1.7717438388714135,1.6230186689706243,1.0551345744005929,1.7275046267950056,1.7585121831809554,0.28706078739267765,0.029663421053891293,0.5309485616123308,1.5847546465829507,1.3928285840546495,1.0,0.0,0.0,0.0,0.0,0.0,0.0,1.0,0.0,0.0,0.0,0.0,0.0,0.0,1.0,1.0,0.0,0.0,0.0,0.0,Placed
0.031439466999425084,-1.9389980125741775,-0.3658200096768662,-0.1797796163894137,0.9719520415789541,-1.1854941459440516,-0.874536702811302,0.5833711235292574,0.9260759536941566,-2.235446137144708,-1.2984145839424064,1.187224110207849,-0.9494768527961244,-0.470237299337138,0.6348475486491744,-0.740766700613178,0.8992337715728124,0.0,0.0,0.0,0.0,0.0,1.0,0.0,1.0,0.0,0.0,0.0,0.0,0.0,1.0,0.0,0.0,0.0,1.0,0.0,0.0,Placed
-1.1855721587832007,-0.05341411464288342,0.8533846372192729,0.9497258268948607,0.035130796683576736,-0.20031895540882869,-0.874536702811302,1.4902871431324822,1.3992297236983642,0.328058654081927,-0.013539341192098759,0.986501273757839,1.352505169190575,1.0294648618359499,0.568055342696918,-0.8666974594866146,1.653336957308952,0.0,0.0,0.0,1.0,0.0,0.0,0.0,1.0,0.0,0.0,0.0,0.0,1.0,0.0,0.0,1.0,0.0,0.0,0.0,0.0,Placed
0.031439466999425084,1.0701872491928879,1.6505569063436707,-0.1797796163894137,0.035130796683576736,-0.20031895540882869,0.3019700722711672,1.3339223121664092,1.1882287181559477,1.7297410984076023,1.2561302773836498,1.712191528615569,1.7724613488773382,0.6485881224904038,-0.9384799693373232,-1.303257423581195,0.631869914811817,1.0,0.0,0.0,0.0,0.0,0.0,1.0,0.0,0.0,0.0,0.0,1.0,0.0,0.0,0.0,0.0,0.0,0.0,1.0,0.0,Placed
0.031439466999425084,-0.8670564815584416,-0.7526830226342944,-1.309285059673688,-0.9016904482118007,1.7700314256616172,-0.874536702811302,-1.2539156403221023,-1.254267770244149,-0.7887899245518989,-0.46970806642889457,-0.9203656725172585,0.450377079493085,-0.19251467689767715,-2.007155264573435,-0.27902058474391056,-1.932080916691057,0.0,0.0,0.0,0.0,1.0,0.0,1.0,0.0,0.0,0.0,1.0,0.0,0.0,0.0,0.0,0.0,0.0,1.0,0.0,0.0,Placed
-1.1855721587832007,0.7731432104776834,1.603664419924588,0.9497258268948607,0.9719520415789541,-1.1854941459440516,-0.874536702811302,1.388650003004534,0.20355735895800262,1.7297410984076023,1.2409246532090896,1.7585121831809554,1.7724613488773382,1.0691395221844442,1.087550277881139,0.6192854952199371,1.3516956830144957,0.0,0.0,0.0,0.0,0.0,1.0,0.0,1.0,0.0,0.0,1.0,0.0,0.0,0.0,0.0,0.0,0.0,1.0,0.0,0.0,Placed
0.031439466999425084,1.096017165602905,0.7947690291954201,-0.1797796163894137,-0.9016904482118007,0.7848562351263942,0.3019700722711672,-0.23754423904262675,-0.3079602302357348,0.942700153732758,-2.03588735640856,-0.3722379268268453,-0.6461751674667953,-0.700350329358406,-0.3596141844177624,-0.7239759327633868,0.28224025597051633,1.0,0.0,0.0,0.0,0.0,0.0,1.0,0.0,0.0,1.0,0.0,0.0,0.0,0.0,0.0,1.0,0.0,0.0,0.0,0.0,Placed
1.248451092782051,1.431806078933135,-0.2603119152339305,0.9497258268948607,0.035130796683576736,1.7700314256616172,1.4784768473536365,0.9508284762995295,0.9516518331538438,1.3999334644486194,0.35899845108461825,-0.10203410852875457,-0.8250453921481952,0.7120675790479947,-0.2260297725132486,-0.5308821024907837,1.653336957308952,0.0,0.0,0.0,0.0,0.0,1.0,0.0,1.0,0.0,0.0,1.0,0.0,0.0,0.0,0.0,0.0,0.0,0.0,1.0,0.0,Placed
-1.1855721587832007,0.6310786702225867,-2.1594576152067617,0.9497258268948607,0.035130796683576736,-0.20031895540882869,-0.874536702811302,-0.5580921425230763,-0.5829009344273686,-0.18913968099011283,0.3970125115210179,-0.349077599544152,0.18596022561623388,0.30738604349335213,1.2953482519548272,0.014817852627441399,-0.16336617196447528,1.0,0.0,0.0,0.0,0.0,0.0,0.0,1.0,0.0,1.0,0.0,0.0,0.0,0.0,0.0,0.0,0.0,0.0,1.0,0.0,Placed
-1.1855721587832007,0.5019290881724974,0.27895167858551473,-1.309285059673688,0.035130796683576736,-0.20031895540882869,-0.874536702811302,-1.5197358529644265,-0.5381431453729163,-1.0586325341547034,0.7543446796231749,0.3843327644078085,-0.4906358416568831,0.4660846848873298,-1.4653962607384619,0.8039839415676432,-0.7666487205533867,0.0,0.0,1.0,0.0,0.0,0.0,1.0,0.0,0.0,1.0,0.0,0.0,0.0,0.0,0.0,0.0,0.0,0.0,0.0,1.0,Placed
1.248451092782051,0.15322521663725858,-1.0574841843583282,2.079231270179135,0.035130796683576736,-0.20031895540882869,-0.874536702811302,0.9430102347512263,0.874924194774783,0.5904056356402084,0.5490687532666165,0.7471778918366734,0.6214703378839885,0.0852079455417837,0.17472346320029378,-0.8079297720123445,0.5153266951980507,0.0,0.0,0.0,0.0,0.0,1.0,0.0,1.0,0.0,1.0,0.0,0.0,0.0,0.0,0.0,0.0,0.0,0.0,1.0,0.0,Placed
1.248451092782051,0.4502692553524618,-0.2954812800482418,-1.309285059673688,-1.8385116931071779,-0.20031895540882869,1.4784768473536365,-0.9880954276797774,-1.343783348353053,-0.6613642477950202,-0.03634777745393833,-1.2600504726634296,-2.504870110895246,-1.2002510497494352,-2.4747007062392337,1.6519177179821167,-2.1583118724118995,0.0,1.0,0.0,0.0,0.0,0.0,0.0,1.0,0.0,1.0,0.0,0.0,0.0,0.0,0.0,0.0,0.0,0.0,1.0,0.0,Not Placed
-1.1855721587832007,-0.7120769830983351,-2.2063501016258438,0.9497258268948607,0.9719520415789541,-0.20031895540882869,1.4784768473536365,0.06736718134121636,0.44013424396010636,0.8077788489313563,1.1344852839871713,-0.7891238179153286,0.24817595594019962,0.6406531904207053,0.1895661756341278,-1.4459789503044231,-0.0879558533908617,0.0,0.0,1.0,0.0,0.0,0.0,0.0,1.0,0.0,0.0,0.0,0.0,0.0,1.0,0.0,0.0,0.0,0.0,1.0,0.0,Placed
0.031439466999425084,0.15322521663725858,-0.09618821276714361,0.9497258268948607,-0.9016904482118007,0.7848562351263942,0.3019700722711672,1.693561423388377,1.6230186689706243,-0.1966353090346358,0.3437928269100582,0.6776969099885924,0.41149224804060697,1.6325196991330655,0.10050990103111933,0.5437270398958747,1.1528866613204232,0.0,1.0,0.0,0.0,0.0,0.0,1.0,0.0,0.0,0.0,0.0,0.0,1.0,0.0,0.0,0.0,1.0,0.0,0.0,0.0,Placed
1.248451092782051,-0.9703761471985126,-1.4209009541062168,-0.1797796163894137,0.035130796683576736,2.75520661619684,0.3019700722711672,-0.8004576305204903,-0.6468406330765857,1.0926127146232045,-0.5153249389525737,-0.8508846906691776,0.598139439012502,-0.7400249897069004,-1.7103010158967373,-0.6064405578148461,-0.5404177648325451,0.0,0.0,0.0,0.0,0.0,1.0,1.0,0.0,0.0,0.0,0.0,0.0,1.0,0.0,0.0,0.0,0.0,0.0,1.0,0.0,Not Placed
0.031439466999425084,0.6698235448376124,-1.0926535491726415,-0.1797796163894137,-0.9016904482118007,-0.20031895540882869,-0.874536702811302,-0.9099130121967409,-1.7721793293028083,0.03572916034555695,-0.08196464997761747,1.0405420374174574,1.7724613488773382,0.9263107449298646,-0.5080413087561112,-0.03555445092193394,-1.4933299722627578,0.0,1.0,0.0,0.0,0.0,0.0,0.0,1.0,0.0,1.0,0.0,0.0,0.0,0.0,0.0,1.0,0.0,0.0,0.0,0.0,Not Placed
0.031439466999425084,-0.789566732328389,0.5485834754952373,2.079231270179135,0.035130796683576736,-1.1854941459440516,0.3019700722711672,1.2010122058452468,0.472104093284715,-0.9536937415313903,1.674284942184046,0.09096861882702452,-2.901495391710522,0.6485881224904038,0.6348475486491744,0.955100852215768,0.4330608931177444,0.0,1.0,0.0,0.0,0.0,0.0,0.0,1.0,0.0,0.0,0.0,0.0,0.0,1.0,0.0,0.0,0.0,0.0,1.0,0.0,Placed
0.031439466999425084,1.1476769984229416,0.3375672866093675,0.9497258268948607,0.035130796683576736,0.7848562351263942,-0.874536702811302,-0.23754423904262675,1.0795312304522782,-0.8712418330416452,1.3245555861691696,1.0096616010405324,0.26372988852118995,-0.11316535620068835,1.7035228438852867,1.5091961912588885,0.1656970363567491,0.0,0.0,0.0,0.0,0.0,1.0,0.0,1.0,0.0,0.0,0.0,1.0,0.0,0.0,0.0,0.0,1.0,0.0,0.0,0.0,Placed
0.031439466999425084,0.2952897568923553,-0.025849483138519234,-1.309285059673688,-0.9016904482118007,0.7848562351263942,0.3019700722711672,-1.6995554085754103,-1.0496607345666538,-1.3809445400691631,-0.19600683128681642,-0.9744064361768764,-1.003915616829594,-0.6448058048705136,-0.7603674201313048,-0.9086743791110934,-1.2808099835553002,1.0,0.0,0.0,0.0,0.0,0.0,0.0,1.0,0.0,0.0,0.0,0.0,1.0,0.0,0.0,0.0,0.0,0.0,1.0,0.0,Not Placed
-1.1855721587832007,-0.46669277720316743,-1.162992278801264,-1.309285059673688,0.035130796683576736,-0.20031895540882869,0.3019700722711672,-0.37045434536378913,-1.2734496798389139,0.2905805138593154,-0.834643046618331,-1.3758521090768971,-0.5372976393998574,-2.136573033973903,-1.2056487931463513,-0.681999013138908,-1.2808099835553002,1.0,0.0,0.0,0.0,0.0,0.0,1.0,0.0,0.0,0.0,0.0,0.0,0.0,0.0,1.0,0.0,0.0,0.0,1.0,0.0,Not Placed
0.031439466999425084,-0.7249919413033449,1.6271106631341292,0.9497258268948607,-0.9016904482118007,-0.20031895540882869,1.4784768473536365,0.37227860172505833,0.8813181646397052,-0.0017489798770546838,-1.0019049125384891,-0.10203410852875457,0.528146742398041,-0.11316535620068835,0.7610106043367711,-0.6652082452891162,0.7484131344255842,1.0,0.0,0.0,0.0,0.0,0.0,0.0,1.0,0.0,0.0,0.0,0.0,1.0,0.0,0.0,0.0,0.0,0.0,1.0,0.0,Placed
0.031439466999425084,-0.0017542818228479195,-0.01412636153374934,0.9497258268948607,0.035130796683576736,-0.20031895540882869,-0.874536702811302,-0.7066387319408463,-1.5419964141656262,-0.21912219316820256,1.20291059277269,-0.5652406541826244,-1.6494038189407292,-0.898723631100878,0.1524593945495406,0.5353316559709794,-1.3562203021289143,0.0,0.0,0.0,0.0,1.0,0.0,1.0,0.0,0.0,0.0,0.0,0.0,0.0,1.0,0.0,0.0,0.0,0.0,1.0,0.0,Placed
0.031439466999425084,1.1218470820129223,-0.7878523874486058,2.079231270179135,1.9087732864743314,1.7700314256616172,-0.874536702811302,1.7717438388714135,1.5654729401863283,1.227534019424606,1.461406203740208,1.7585121831809554,1.2825124725761152,1.3786018729027012,1.5476743633300207,-0.48050979894140955,1.653336957308952,0.0,0.0,0.0,0.0,0.0,1.0,1.0,0.0,0.0,0.0,0.0,0.0,0.0,1.0,0.0,0.0,0.0,0.0,0.0,1.0,Placed
0.031439466999425084,0.14031025843224998,0.5720297187047787,2.079231270179135,0.9719520415789541,-0.20031895540882869,2.654983622436106,0.8804643023647961,1.6230186689706243,1.7297410984076023,1.0964712235507716,0.6390963645174367,-0.3273195495564758,1.7753484763876453,1.6812587752345345,-0.6400220935144291,1.0911873097601932,0.0,0.0,1.0,0.0,0.0,0.0,1.0,0.0,0.0,0.0,0.0,0.0,0.0,0.0,1.0,0.0,0.0,0.0,0.0,1.0,Placed
1.248451092782051,-2.0164877618042314,0.7595996643811087,-0.1797796163894137,0.9719520415789541,-1.1854941459440516,1.4784768473536365,-0.941185978389956,-0.7107803317258029,-0.7887899245518989,0.03968034341886097,0.013767527884712884,1.4458287646765227,-0.501977027615934,0.048560407512697024,-1.538328173478276,-2.0623351033182087,0.0,0.0,0.0,1.0,0.0,0.0,1.0,0.0,0.0,0.0,0.0,0.0,1.0,0.0,0.0,0.0,0.0,0.0,1.0,0.0,Placed
0.031439466999425084,-0.0017542818228479195,0.16172046253780908,0.9497258268948607,0.9719520415789541,1.7700314256616172,0.3019700722711672,0.9821014424927446,0.6383473097726793,-0.21162656512368067,1.7275046267950056,1.4805882557886338,-0.1795571900370588,0.41847509246913694,0.14503803833262358,-1.8573527626243158,1.653336957308952,0.0,0.0,0.0,0.0,1.0,0.0,0.0,1.0,0.0,0.0,1.0,0.0,0.0,0.0,0.0,0.0,0.0,1.0,0.0,0.0,Placed
1.248451092782051,0.24362992407231984,-0.14308069918622485,2.079231270179135,0.9719520415789541,-0.20031895540882869,0.3019700722711672,0.6850082636572047,0.49128600287947993,0.2231198614586151,0.556671565353896,0.5310148371982,0.9247720232133166,1.7753484763876453,1.7035228438852867,-0.3377882722181812,0.693569266372047,0.0,0.0,0.0,1.0,0.0,0.0,0.0,1.0,0.0,1.0,0.0,0.0,0.0,0.0,0.0,0.0,0.0,0.0,0.0,1.0,Placed
0.031439466999425084,-0.9574611889935041,0.37273665142367884,-0.1797796163894137,0.035130796683576736,0.7848562351263942,-0.874536702811302,0.5990076066258648,0.6383473097726793,1.3624553242260078,-0.04395058954121783,-0.9821265452711077,-0.1795571900370588,0.7596771714661886,-1.7028796596798197,0.23309783467473097,0.9609331231330424,0.0,0.0,0.0,0.0,0.0,1.0,0.0,1.0,0.0,0.0,1.0,0.0,0.0,0.0,0.0,0.0,0.0,0.0,0.0,1.0,Placed
-1.1855721587832007,-1.2415902695036987,0.4547985026570731,-0.1797796163894137,0.9719520415789541,0.7848562351263942,-0.874536702811302,1.1306480319105134,0.2802849973370634,-0.3540434979696042,-0.6141614960872126,0.21449036433472268,-0.8328223584386902,1.148488842881433,-0.9459013255542408,-1.370420494980361,0.7415576509188925,0.0,0.0,1.0,0.0,0.0,0.0,0.0,1.0,0.0,0.0,0.0,0.0,0.0,1.0,0.0,1.0,0.0,0.0,0.0,0.0,Placed
-1.1855721587832007,1.0701872491928879,0.6658146915429429,-1.309285059673688,0.035130796683576736,-1.1854941459440516,0.3019700722711672,0.8882825439131005,0.7470447974763487,0.4554843308388068,-0.1351843345885772,-0.5806808723710869,-0.15622629116557218,0.9342456769995642,-1.1091711623264242,-1.4459789503044231,0.46733831065120535,0.0,0.0,0.0,0.0,0.0,1.0,1.0,0.0,0.0,1.0,0.0,0.0,0.0,0.0,0.0,1.0,0.0,0.0,0.0,0.0,Placed
0.031439466999425084,-0.89288639796846,1.6505569063436707,-1.309285059673688,1.9087732864743314,1.7700314256616172,1.4784768473536365,0.9977379255893509,0.5744076111234621,-0.7138336441066756,0.42742375987013803,0.5155746190097386,0.1081905627112778,1.0056600656268535,-0.12955214169332205,-0.48890518286630485,0.6798582993586625,0.0,1.0,0.0,0.0,0.0,0.0,0.0,1.0,0.0,1.0,0.0,0.0,0.0,0.0,0.0,0.0,0.0,0.0,1.0,0.0,Placed
1.248451092782051,-1.9648279289841957,-0.6706211714009002,0.9497258268948607,0.035130796683576736,-1.1854941459440516,0.3019700722711672,-0.8160941136170967,-1.887270786871399,-1.2310319791787165,-1.7013636245682429,-0.21783574494222202,-0.335096515846971,-1.2319907780282306,-0.13697349791023905,1.3580792806107647,-0.684382918473081,0.0,1.0,0.0,0.0,0.0,0.0,1.0,0.0,0.0,0.0,1.0,0.0,0.0,0.0,0.0,0.0,0.0,0.0,1.0,0.0,Placed
1.248451092782051,1.5480407027782148,0.31412104339982605,-1.309285059673688,0.035130796683576736,-1.1854941459440516,0.3019700722711672,0.5677346404326498,-0.39747580834463836,-0.09919214445584577,0.42742375987013803,0.013767527884712884,-0.26510381923251114,-0.3115386579431604,-0.9236372569034882,-0.1698805937202658,0.4124944425976681,0.0,0.0,1.0,0.0,0.0,0.0,0.0,1.0,0.0,0.0,1.0,0.0,0.0,0.0,0.0,0.0,0.0,0.0,0.0,1.0,Not Placed
1.248451092782051,1.2380817058580018,1.0409545828956013,0.9497258268948607,-0.9016904482118007,0.7848562351263942,-0.874536702811302,-0.7066387319408463,-0.0010496767194925415,1.5873241655616774,1.7275046267950056,0.986501273757839,0.4270461806215984,1.561105310505775,0.14503803833262358,0.11556245972619089,0.37136154155751444,0.0,0.0,0.0,0.0,0.0,1.0,1.0,0.0,0.0,0.0,0.0,0.0,0.0,0.0,1.0,0.0,0.0,1.0,0.0,0.0,Placed
-1.1855721587832007,1.5738706191882341,-0.5651130769579661,-1.309285059673688,-0.9016904482118007,0.7848562351263942,0.3019700722711672,0.4660975003047025,1.1882287181559477,-1.17856258286706,-0.2872405763341758,1.3725067284693973,0.9558798883752995,0.25184151900545976,-0.3225074033331751,1.433637735934826,0.4399163766244362,0.0,0.0,1.0,0.0,0.0,0.0,0.0,0.0,1.0,1.0,0.0,0.0,0.0,0.0,0.0,1.0,0.0,0.0,0.0,0.0,Placed
1.248451092782051,-0.07924403105290174,-1.4912396837348394,-1.309285059673688,1.9087732864743314,-0.20031895540882869,1.4784768473536365,-1.1913697079356727,-2.4051823459300583,-0.5114516869045737,-1.4960876982116846,-0.5729607632768562,-1.0194695494105848,0.1486874020993745,0.4715777118769915,1.5679638787331591,-1.8018267300639057,0.0,0.0,0.0,0.0,0.0,1.0,1.0,0.0,0.0,0.0,1.0,0.0,0.0,0.0,0.0,0.0,1.0,0.0,0.0,0.0,Not Placed
1.248451092782051,0.3082047150973651,-0.3658200096768662,-1.309285059673688,0.035130796683576736,-0.20031895540882869,1.4784768473536365,-1.3164615727085314,-0.8514476687540808,-0.991171881754002,-0.04395058954121783,-1.4453330909249775,0.014866967225331394,-0.4226277069189452,-0.7158392828297995,-0.6568128613642202,-1.2876654670619925,0.0,0.0,1.0,0.0,0.0,0.0,0.0,1.0,0.0,0.0,1.0,0.0,0.0,0.0,0.0,1.0,0.0,0.0,0.0,0.0,Not Placed
-1.1855721587832007,-1.951912970779186,0.8416615156145013,-1.309285059673688,-0.9016904482118007,-0.20031895540882869,-0.874536702811302,-1.0115501523246888,-0.8962054578085327,-1.350962027891074,0.0852972159425412,-1.3526917817942032,-1.6805116841027115,-0.24805920138556956,-1.7325650845474894,-0.001972915222350382,-1.5138964227828346,0.0,0.0,0.0,1.0,0.0,0.0,0.0,1.0,0.0,0.0,0.0,0.0,0.0,1.0,0.0,0.0,0.0,0.0,1.0,0.0,Placed
-1.1855721587832007,0.57941883740255,-0.9754223331249358,-0.1797796163894137,-0.9016904482118007,-0.20031895540882869,1.4784768473536365,-0.04990644188333851,0.47849806314963633,-0.06171400423323414,0.28297033021181894,-1.3449716726999725,1.1580810119281848,-0.6368708728008152,-0.2334511287301656,-1.1689312807828625,0.4879047611712817,1.0,0.0,0.0,0.0,0.0,0.0,0.0,1.0,0.0,0.0,1.0,0.0,0.0,0.0,0.0,0.0,1.0,0.0,0.0,0.0,Placed
-1.1855721587832007,0.3856944643274177,0.5016909890761561,-1.309285059673688,0.035130796683576736,0.7848562351263942,-0.874536702811302,-0.13590709891467942,-0.691598422131038,-0.6538686197504973,-0.15799277085041677,0.4769740735385827,-0.2728807855230063,0.33119083970244856,-1.4282894796538745,0.3002609060738969,-0.21135455651132073,0.0,0.0,0.0,0.0,1.0,0.0,1.0,0.0,0.0,1.0,0.0,0.0,0.0,0.0,0.0,0.0,1.0,0.0,0.0,0.0,Placed
0.031439466999425084,-0.6216722756632739,0.6306453267286316,-0.1797796163894137,-0.9016904482118007,-0.20031895540882869,0.3019700722711672,0.7631906791402412,-0.4038697782095606,0.43299744670524,-1.1995780268077674,0.7626181100251349,-0.8794841561816641,-0.7241551255675024,-1.1462779434110115,0.08198092402660732,-0.8557700061403853,0.0,0.0,0.0,0.0,1.0,0.0,0.0,1.0,0.0,0.0,1.0,0.0,0.0,0.0,0.0,0.0,1.0,0.0,0.0,0.0,Placed
1.248451092782051,-1.887338179754142,0.17344358414258065,-0.1797796163894137,-0.9016904482118007,-1.1854941459440516,0.3019700722711672,-0.6284563164578096,-0.12253510415300464,-1.0736237902437475,-1.0399189729748888,-0.20239552675376057,0.17818325932573872,-0.8035044462644912,-0.4412491028038549,-1.1857220486326543,-1.0203016103009976,0.0,0.0,0.0,0.0,0.0,1.0,1.0,0.0,0.0,1.0,0.0,0.0,0.0,0.0,0.0,0.0,0.0,1.0,0.0,0.0,Not Placed
-1.1855721587832007,0.4373542971474532,-0.3658200096768662,-1.309285059673688,-1.8385116931071779,-0.20031895540882869,0.3019700722711672,0.8804643023647961,0.5744076111234621,-1.193553838956105,1.30174714990733,-0.8586047997634094,-0.9416998865056286,-0.9066585631705765,-0.9459013255542408,-0.8415113077119275,0.7415576509188925,0.0,1.0,0.0,0.0,0.0,0.0,0.0,1.0,0.0,0.0,0.0,0.0,1.0,0.0,0.0,0.0,1.0,0.0,0.0,0.0,Placed
0.031439466999425084,1.7805099504683761,-0.6823442930056717,0.9497258268948607,-0.9016904482118007,1.7700314256616172,0.3019700722711672,1.427741210746052,-0.13532304388284827,1.5798285375171557,-0.7814233620073713,1.7585121831809554,0.6292473041744837,1.6087149029239691,1.2137133335687358,0.7871931737178526,0.7964015189724297,1.0,0.0,0.0,0.0,0.0,0.0,0.0,1.0,0.0,0.0,0.0,0.0,1.0,0.0,0.0,0.0,0.0,0.0,1.0,0.0,Placed
0.031439466999425084,0.9539526253478082,1.603664419924588,-0.1797796163894137,0.035130796683576736,0.7848562351263942,-0.874536702811302,1.7717438388714135,1.6230186689706243,0.5229449832395081,0.016871907157021394,1.7585121831809554,-0.40508921246143187,0.585108665932813,1.5179889384623506,1.685499253681699,1.3516956830144957,1.0,0.0,0.0,0.0,0.0,0.0,1.0,0.0,0.0,0.0,0.0,0.0,1.0,0.0,0.0,0.0,0.0,1.0,0.0,0.0,Placed
-1.1855721587832007,-0.5183526100232029,-0.0375726047432908,-1.309285059673688,-0.9016904482118007,0.7848562351263942,-0.874536702811302,-0.6910022488442387,0.5360437919339321,0.20063297732504726,-1.5341017586480843,1.7585121831809554,0.014866967225331394,-0.3115386579431604,0.30830787510480756,0.8291700933423314,-0.11537778741762984,0.0,1.0,0.0,0.0,0.0,0.0,0.0,1.0,0.0,0.0,0.0,0.0,0.0,0.0,1.0,0.0,0.0,1.0,0.0,0.0,Placed
0.031439466999425084,-0.36337311156309643,0.23205919216643345,-0.1797796163894137,0.035130796683576736,-0.20031895540882869,-0.874536702811302,0.4035515679182734,0.472104093284715,-1.7407346862062345,-0.5001193147780136,0.013767527884712884,-0.4206431450424233,-0.9463332235190709,0.738746535686019,2.264780744499508,0.8101124859858142,0.0,0.0,0.0,0.0,0.0,1.0,0.0,1.0,0.0,0.0,0.0,1.0,0.0,0.0,0.0,0.0,0.0,1.0,0.0,0.0,Placed
-1.1855721587832007,-1.8227633887290977,-0.0024032399289777785,2.079231270179135,0.035130796683576736,0.7848562351263942,0.3019700722711672,-0.6910022488442387,-1.618724052544687,-1.0586325341547034,1.0280459147652519,1.6967513104271064,1.6635838208103995,-1.09709693284335,-0.0701812919579827,-1.2780712718065077,-1.0134461267943053,1.0,0.0,0.0,0.0,0.0,0.0,1.0,0.0,0.0,0.0,1.0,0.0,0.0,0.0,0.0,0.0,0.0,0.0,0.0,1.0,Placed
0.031439466999425084,-0.89288639796846,0.31412104339982605,-0.1797796163894137,1.9087732864743314,-0.20031895540882869,-0.874536702811302,0.5364616742394358,0.612771430312993,-0.024235864010622513,-0.7358064894836921,-1.267770581757661,-0.3973122461709367,0.616848394211609,0.07082447616344914,-1.370420494980361,0.5770260467582797,0.0,0.0,0.0,0.0,0.0,1.0,1.0,0.0,0.0,0.0,0.0,0.0,0.0,0.0,1.0,0.0,0.0,0.0,0.0,1.0,Placed
-1.1855721587832007,0.3469495897123908,-0.3189275232577833,-0.1797796163894137,1.9087732864743314,-1.1854941459440516,2.654983622436106,0.5677346404326498,0.8045905262606445,0.46297995888332866,-0.15799277085041677,-0.5343602178057004,-1.3149942684494182,-0.36708318243105276,0.738746535686019,-0.9842328344351559,0.940366672612965,0.0,0.0,0.0,0.0,1.0,0.0,1.0,0.0,0.0,1.0,0.0,0.0,0.0,0.0,0.0,0.0,0.0,0.0,0.0,1.0,Placed
0.031439466999425084,0.4502692553524618,-0.34237376646732476,0.9497258268948607,0.9719520415789541,-1.1854941459440516,-0.874536702811302,1.7717438388714135,0.7662267070711136,1.3249771840033961,-0.17319839502497686,0.2839713461828036,-0.45175101020440506,0.2439065869357613,1.065286209230387,-1.1185589772334876,1.4339614850948021,1.0,0.0,0.0,0.0,0.0,0.0,0.0,1.0,0.0,0.0,1.0,0.0,0.0,0.0,0.0,0.0,0.0,0.0,1.0,0.0,Placed
0.031439466999425084,1.1735069148329589,0.17344358414258065,0.9497258268948607,-0.9016904482118007,-0.20031895540882869,0.3019700722711672,0.7397359544953305,1.6230186689706243,0.6803531721744766,1.1648965323362903,-0.05571345396336803,-2.17823752669443,1.7356738160391507,1.1320784151826433,1.3161023609862859,1.653336957308952,1.0,0.0,0.0,0.0,0.0,0.0,0.0,1.0,0.0,0.0,1.0,0.0,0.0,0.0,0.0,0.0,0.0,0.0,1.0,0.0,Placed
1.248451092782051,0.04990555099718758,-0.424435617700719,-1.309285059673688,0.035130796683576736,0.7848562351263942,-0.874536702811302,-0.7066387319408463,0.10764781098417685,-0.08420088836680091,0.9976346664161327,-1.3990124363595904,-1.3772099987733828,-0.3908879786401492,0.6125834799984223,-0.7575574684629698,-0.4307300287254706,0.0,0.0,0.0,1.0,0.0,0.0,1.0,0.0,0.0,0.0,0.0,0.0,0.0,1.0,0.0,0.0,0.0,1.0,0.0,0.0,Placed
1.248451092782051,-1.680698848474,0.3492904082141391,0.9497258268948607,1.9087732864743314,0.7848562351263942,0.3019700722711672,1.0993750657172994,0.1587995699035504,1.0101608061334593,0.541465941179337,-0.549800435994163,1.6791377533913907,0.39467029626003935,-0.5228840211899464,-0.7323713166882827,0.8923782880661206,0.0,0.0,1.0,0.0,0.0,0.0,0.0,1.0,0.0,0.0,0.0,0.0,0.0,1.0,0.0,0.0,0.0,0.0,0.0,1.0,Placed
1.248451092782051,0.57941883740255,-0.6120055633770474,0.9497258268948607,0.035130796683576736,-0.20031895540882869,0.3019700722711672,1.7717438388714135,1.1626528386962605,1.7297410984076023,0.7543446796231749,1.6349904376732571,0.6603551693364667,1.227838163578422,0.5383699178292478,-0.8834882273364063,1.653336957308952,0.0,0.0,1.0,0.0,0.0,0.0,1.0,0.0,0.0,0.0,0.0,0.0,0.0,1.0,0.0,0.0,1.0,0.0,0.0,0.0,Placed
1.248451092782051,2.8266215650740927,0.8651077588240428,-0.1797796163894137,1.9087732864743314,-0.20031895540882869,0.3019700722711672,1.7717438388714135,1.6230186689706243,1.7297410984076023,1.4005837070419689,1.6967513104271064,1.7724613488773382,0.9263107449298646,-0.5896762271422037,0.5101455041962911,1.653336957308952,0.0,0.0,0.0,0.0,0.0,1.0,0.0,1.0,0.0,0.0,0.0,0.0,0.0,0.0,1.0,1.0,0.0,0.0,0.0,0.0,Placed
0.031439466999425084,-0.28588336233304257,1.1112933125242257,-1.309285059673688,0.035130796683576736,-0.20031895540882869,1.4784768473536365,-0.29227192988075257,-0.16729289320745686,-0.2940784736134258,-0.04395058954121783,0.013767527884712884,-0.5139667405283708,0.23597165486606175,-1.6657728785952324,0.23309783467473097,0.2890957394772081,1.0,0.0,0.0,0.0,0.0,0.0,0.0,1.0,0.0,1.0,0.0,0.0,0.0,0.0,0.0,1.0,0.0,0.0,0.0,0.0,Placed
0.031439466999425084,-0.7637368159183706,1.4864332038768822,0.9497258268948607,-0.9016904482118007,-0.20031895540882869,0.3019700722711672,0.08300366443782389,0.23552720828261123,-0.1441659127229793,-0.6597783686108928,-0.8431645815749469,1.0725343827327336,1.0453347259753478,1.60704521306536,1.1230085307136835,-0.266198424564858,0.0,0.0,1.0,0.0,0.0,0.0,0.0,1.0,0.0,0.0,0.0,0.0,0.0,0.0,1.0,0.0,0.0,0.0,0.0,1.0,Placed
-1.1855721587832007,-2.3522766751344615,-2.839398668283454,-1.309285059673688,0.035130796683576736,0.7848562351263942,0.3019700722711672,-1.3086433311602275,-1.2222979209195404,-1.3059882596239398,-1.131152718022248,-1.800458109259611,-0.6850599989192733,-2.731692939201319,-2.0962115391764446,0.03160862047723318,-0.5678396988593142,0.0,0.0,0.0,0.0,0.0,1.0,1.0,0.0,0.0,0.0,0.0,0.0,1.0,0.0,0.0,0.0,0.0,0.0,1.0,0.0,Not Placed
-1.1855721587832007,-0.9574611889935041,0.8299383940097315,0.9497258268948607,-1.8385116931071779,0.7848562351263942,-0.874536702811302,-0.0029969925935170094,0.6831050988271314,1.4748897448938427,-0.7358064894836921,0.79349854640206,0.14707539416375584,-1.5731928570252829,-0.7900528449989739,-0.8666974594866146,0.26852928895713174,0.0,0.0,0.0,1.0,0.0,0.0,0.0,1.0,0.0,0.0,0.0,0.0,0.0,1.0,0.0,0.0,0.0,0.0,0.0,1.0,Placed
-1.1855721587832007,0.8506329597077372,-0.5064974689341133,0.9497258268948607,0.035130796683576736,-1.1854941459440516,0.3019700722711672,-0.25318072213923426,-0.7299622413205679,0.7253269404416101,-0.462105254341614,-0.29503683588453367,1.6324759556484176,-0.23218933724617155,1.2211346897856528,-0.8331159237870316,-0.6295390504195432,0.0,0.0,0.0,0.0,1.0,0.0,0.0,1.0,0.0,0.0,0.0,0.0,0.0,0.0,1.0,0.0,0.0,0.0,1.0,0.0,Placed
-1.1855721587832007,-0.7766517741233793,-0.18997318560530776,-0.1797796163894137,0.035130796683576736,0.7848562351263942,-0.874536702811302,-1.1913697079356727,-0.6788104824011943,0.2905805138593154,-0.3024462005087359,0.12184905520394851,0.014866967225331394,-0.8352441745432873,-1.3763399861354524,0.3506332096232722,-1.0957119288746116,0.0,0.0,1.0,0.0,0.0,0.0,1.0,0.0,0.0,0.0,0.0,0.0,0.0,0.0,1.0,0.0,0.0,1.0,0.0,0.0,Not Placed
1.248451092782051,-1.2415902695036987,-0.5299437121436531,0.9497258268948607,0.9719520415789541,-0.20031895540882869,-0.874536702811302,0.724099471398723,0.9836216824784524,0.8752395013320566,1.30174714990733,0.5541751644808943,-0.3273195495564758,0.13281753795997653,1.5476743633300207,-0.38816057576755536,1.2008750458672686,0.0,0.0,0.0,0.0,0.0,1.0,0.0,1.0,0.0,0.0,0.0,0.0,0.0,0.0,1.0,0.0,0.0,0.0,1.0,0.0,Placed
0.031439466999425084,1.1218470820129223,-2.007057034344745,-0.1797796163894137,0.9719520415789541,-1.1854941459440516,-0.874536702811302,-0.5580921425230763,-0.5445371152378385,0.6728575441299547,1.3245555861691696,-0.23327596313068458,-1.3072173021589224,0.31532097556305055,-0.21118706007941349,-0.5476728703405754,-0.38274164417862516,0.0,0.0,0.0,0.0,1.0,0.0,1.0,0.0,0.0,0.0,0.0,0.0,0.0,1.0,0.0,0.0,0.0,0.0,1.0,0.0,Placed
1.248451092782051,-0.45377781899815767,0.7830459075906485,-0.1797796163894137,-1.8385116931071779,0.7848562351263942,-0.874536702811302,0.8022818868817595,1.597442789510937,-0.7663030404183321,-0.4468996301670539,-1.4376129818307462,0.27150685481168624,-0.27979892966436554,-0.35219282820084535,-0.5308821024907837,0.9677886066397341,0.0,1.0,0.0,0.0,0.0,0.0,0.0,1.0,0.0,0.0,0.0,1.0,0.0,0.0,0.0,0.0,0.0,1.0,0.0,0.0,Placed
0.031439466999425084,1.8321697832884105,0.7009840563572559,-0.1797796163894137,0.9719520415789541,-0.20031895540882869,-0.874536702811302,1.7404708726781986,1.277744296264851,1.7297410984076023,0.3970125115210179,1.1100230192655371,1.119196180475707,0.950115541138961,-0.3150860471162581,-1.0933728254588007,1.653336957308952,0.0,1.0,0.0,0.0,0.0,0.0,0.0,1.0,0.0,0.0,0.0,0.0,1.0,0.0,0.0,1.0,0.0,0.0,0.0,0.0,Placed
1.248451092782051,-0.8541415233534331,-0.45960498251503035,-1.309285059673688,0.9719520415789541,-0.20031895540882869,0.3019700722711672,-1.183551466387369,-1.3757531976776616,-0.1966353090346358,1.2485274652963703,0.45381374625588833,-1.696065616683703,-0.4146927748492456,-2.007155264573435,-0.9590466826604681,-1.4796190052493736,0.0,0.0,0.0,1.0,0.0,0.0,0.0,1.0,0.0,1.0,0.0,0.0,0.0,0.0,0.0,0.0,1.0,0.0,0.0,0.0,Not Placed
-1.1855721587832007,-2.223127093084372,0.9002771236383541,2.079231270179135,-0.9016904482118007,-0.20031895540882869,-0.874536702811302,0.12991311372764539,-0.19286877266714408,0.4929624710614184,-0.5685446235635334,0.30713167346549686,-0.41286617875192705,0.49782441316612575,0.3973641497078171,-0.3629744239928683,0.3507950910374381,0.0,0.0,0.0,0.0,0.0,1.0,1.0,0.0,0.0,0.0,0.0,0.0,1.0,0.0,0.0,1.0,0.0,0.0,0.0,0.0,Placed
-1.1855721587832007,-0.686247066688318,-0.8347448738676887,-0.1797796163894137,0.9719520415789541,-0.20031895540882869,-0.874536702811302,0.7710089206885455,1.1434709291014953,0.28308488581479346,0.047283155506141546,-0.9821265452711077,0.8858871917608385,-1.2875353025161231,-1.5321884666907186,1.4840100394842013,1.187164078853884,0.0,0.0,0.0,0.0,0.0,1.0,1.0,0.0,0.0,1.0,0.0,0.0,0.0,0.0,0.0,0.0,0.0,1.0,0.0,0.0,Placed
0.031439466999425084,0.4373542971474532,-0.3775431312816361,-1.309285059673688,-0.9016904482118007,-1.1854941459440516,-0.874536702811302,-0.6362745580061129,-1.024084855106967,-0.2041309370791577,-0.08956746206489806,-0.08659389034029312,0.2792838211021814,-0.3194735900128599,-0.18892299142866137,0.31705167392368866,-1.3904977196623751,0.0,0.0,0.0,0.0,1.0,0.0,1.0,0.0,0.0,0.0,0.0,0.0,0.0,1.0,0.0,0.0,0.0,0.0,0.0,1.0,Placed
1.248451092782051,-1.1124406874536106,0.3961828946332203,-1.309285059673688,-0.9016904482118007,-0.20031895540882869,1.4784768473536365,0.7084629883021165,-0.2632024411812826,-1.4708920766034312,-1.8002001817028819,0.12956916429818033,-0.7006139315002647,-0.23218933724617155,-3.1426227657618035,0.7284254862435819,0.14513058583667274,0.0,0.0,0.0,1.0,0.0,0.0,0.0,1.0,0.0,1.0,0.0,0.0,0.0,0.0,0.0,0.0,1.0,0.0,0.0,0.0,Placed
-1.1855721587832007,0.3598645479174006,0.009319881675792117,-0.1797796163894137,0.035130796683576736,0.7848562351263942,1.4784768473536365,-1.4180987128364786,-0.5317491755079949,0.3805280503935835,0.6022884378775762,-1.2060097090038113,0.12374449529226925,0.6882627828388982,-0.10728807304256992,-1.0430005219094258,-1.2808099835553002,1.0,0.0,0.0,0.0,0.0,0.0,1.0,0.0,0.0,0.0,0.0,0.0,0.0,1.0,0.0,0.0,0.0,0.0,1.0,0.0,Not Placed
-1.1855721587832007,1.3543163297030836,-2.7690599386548316,0.9497258268948607,0.9719520415789541,-0.20031895540882869,0.3019700722711672,1.091556824168995,0.09485987125433323,0.53044061128403,-0.0667590258030574,1.1409034556424622,0.47370797836457157,1.227838163578422,1.6293092817161121,-1.1857220486326543,0.5633150797448953,0.0,0.0,1.0,0.0,0.0,0.0,0.0,1.0,0.0,0.0,0.0,1.0,0.0,0.0,0.0,1.0,0.0,0.0,0.0,0.0,Placed
0.031439466999425084,-0.40211798617812333,-0.0375726047432908,-0.1797796163894137,0.9719520415789541,0.7848562351263942,-0.874536702811302,1.029010891782566,0.2099513288229249,0.8602482452430128,0.10810565220438077,-1.19828959990958,0.3648304502976337,-0.2004496089673767,0.6645329735168446,0.7620070219431643,1.5984930892554148,0.0,0.0,0.0,0.0,0.0,1.0,0.0,1.0,0.0,0.0,1.0,0.0,0.0,0.0,0.0,0.0,0.0,0.0,0.0,1.0,Placed
0.031439466999425084,-0.37628806976810497,0.5485834754952373,-0.1797796163894137,0.035130796683576736,-0.20031895540882869,0.3019700722711672,0.7866454037851531,0.4081643946354978,1.1825602511574727,1.7275046267950056,0.33029200074819015,-1.3538790999018961,0.41054016039943736,0.2712010940202203,-1.0513959058343219,0.7415576509188925,1.0,0.0,0.0,0.0,0.0,0.0,0.0,1.0,0.0,0.0,1.0,0.0,0.0,0.0,0.0,0.0,0.0,0.0,1.0,0.0,Placed
0.031439466999425084,-0.9316312725834858,1.1347395557337654,-0.1797796163894137,0.035130796683576736,-1.1854941459440516,-0.874536702811302,-2.3562876986329178,-1.5803602333551567,0.24560674559218185,-0.9030683554038502,-2.116982582123089,0.014866967225331394,0.005858624844794876,-1.2650196428816907,-0.5728590221152625,-2.5285079817732767,0.0,1.0,0.0,0.0,0.0,0.0,1.0,0.0,0.0,0.0,0.0,0.0,0.0,1.0,0.0,0.0,0.0,1.0,0.0,0.0,Placed
0.031439466999425084,0.8764628761177544,-0.9519760899153943,0.9497258268948607,0.035130796683576736,-1.1854941459440516,0.3019700722711672,0.5364616742394358,-0.1864748028022218,0.8227701050204012,-0.5229277510398532,1.7585121831809554,-1.0583543808630629,0.41847509246913694,1.7035228438852867,0.24149321859962744,0.3096621899972854,0.0,0.0,0.0,0.0,0.0,1.0,0.0,1.0,0.0,0.0,0.0,0.0,1.0,0.0,0.0,1.0,0.0,0.0,0.0,0.0,Placed
-1.1855721587832007,1.4447210371381438,2.1077586489297233,-1.309285059673688,0.035130796683576736,0.7848562351263942,0.3019700722711672,0.8413730946232778,0.5808015809883844,-0.06920963227775605,1.6286680696603668,-0.39539825410953966,1.7724613488773382,-0.2956687938037624,-0.7158392828297995,1.4924054234090967,0.46048282714451255,1.0,0.0,0.0,0.0,0.0,0.0,0.0,1.0,0.0,0.0,0.0,0.0,0.0,0.0,1.0,0.0,0.0,0.0,1.0,0.0,Placed
1.248451092782051,-0.7379068995083535,-1.467793440525298,2.079231270179135,0.035130796683576736,-0.20031895540882869,-0.874536702811302,0.1768225630174669,-0.5253552056430727,-1.08111941828827,1.7275046267950056,0.9247404010039899,-0.3273195495564758,-0.8114393783341897,0.48642042431082555,-0.1866713615700576,-0.6295390504195432,1.0,0.0,0.0,0.0,0.0,0.0,1.0,0.0,0.0,0.0,0.0,0.0,0.0,1.0,0.0,0.0,0.0,1.0,0.0,0.0,Placed
0.031439466999425084,-0.2342235295130071,-0.13135757758145497,-0.1797796163894137,-0.9016904482118007,-1.1854941459440516,-0.874536702811302,-1.324279814256835,-0.691598422131038,-1.350962027891074,1.1268824718998907,0.4074930916905018,-0.4206431450424233,0.950115541138961,-0.3150860471162581,-0.010368299147245675,-1.4453415877159128,0.0,0.0,0.0,1.0,0.0,0.0,0.0,1.0,0.0,1.0,0.0,0.0,0.0,0.0,0.0,1.0,0.0,0.0,0.0,0.0,Placed
1.248451092782051,0.15322521663725858,-0.6237286849818189,-1.309285059673688,-1.8385116931071779,-1.1854941459440516,1.4784768473536365,0.3566421186284519,-0.10335319455823967,-1.2460232352677614,-0.4545024422543345,-1.2060097090038113,-2.007144268303527,-1.9461346643011301,-0.3225074033331751,-0.5896497899650543,0.39878347558428356,0.0,0.0,0.0,1.0,0.0,0.0,0.0,1.0,0.0,0.0,1.0,0.0,0.0,0.0,0.0,0.0,0.0,1.0,0.0,0.0,Not Placed
0.031439466999425084,0.9668675835528168,-0.0024032399289777785,-0.1797796163894137,-0.9016904482118007,-0.20031895540882869,0.3019700722711672,-0.20627127284941166,0.6575292193674451,-0.9237112293533011,-0.7129980532218515,-0.4339987995806955,-0.5839594371428306,-0.08142562792189349,-0.42640639037001976,0.8375654772672267,0.7209912003988161,0.0,0.0,0.0,1.0,0.0,0.0,0.0,0.0,1.0,0.0,1.0,0.0,0.0,0.0,0.0,0.0,1.0,0.0,0.0,0.0,Placed
0.031439466999425084,-0.42794790258814047,0.947169610057437,-0.1797796163894137,0.035130796683576736,-0.20031895540882869,0.3019700722711672,-1.4180987128364786,-3.0062155132326995,-0.2865828455689039,0.4882462565683773,-0.9898466543653389,1.1736349445091763,-1.5335181966767886,-0.3670355406346804,-0.4721144150165131,-0.9243248412073072,1.0,0.0,0.0,0.0,0.0,0.0,0.0,1.0,0.0,1.0,0.0,0.0,0.0,0.0,0.0,0.0,0.0,0.0,1.0,0.0,Placed
1.248451092782051,-1.0220359800185481,0.23205919216643345,-1.309285059673688,0.035130796683576736,-1.1854941459440516,-0.874536702811302,-1.6995554085754103,-2.245333099307015,-0.7962855525964219,-2.0434901684958398,-2.086102145746164,-0.669506066338283,0.6485881224904038,-0.03307451087339549,0.5017501202713959,-1.9389364001977494,1.0,0.0,0.0,0.0,0.0,0.0,0.0,1.0,0.0,0.0,1.0,0.0,0.0,0.0,0.0,0.0,1.0,0.0,0.0,0.0,Not Placed
-1.1855721587832007,0.5277590045825157,-0.7995755090533773,-0.1797796163894137,-0.9016904482118007,-1.1854941459440516,-0.874536702811302,-1.1600967417424581,-1.094418523621106,-0.2566003333908142,0.685919370837655,-2.1478630185000136,-1.5171953920023036,0.11694767382057854,-2.2149532386471233,-1.563514325252964,-0.7666487205533867,0.0,0.0,1.0,0.0,0.0,0.0,0.0,1.0,0.0,0.0,0.0,0.0,1.0,0.0,0.0,0.0,0.0,0.0,0.0,1.0,Not Placed
0.031439466999425084,0.21780000766230267,-0.8112986306581472,-0.1797796163894137,0.035130796683576736,-1.1854941459440516,-0.874536702811302,0.36446036017675515,0.5808015809883844,-1.2010494670006273,-0.07436183789033798,0.013767527884712884,-1.6649577515217204,0.7596771714661886,-1.1982274369294337,0.7284254862435819,0.3165176735039772,1.0,0.0,0.0,0.0,0.0,0.0,0.0,1.0,0.0,0.0,0.0,0.0,1.0,0.0,0.0,1.0,0.0,0.0,0.0,0.0,Placed
0.031439466999425084,-0.37628806976810497,-0.23686567202438902,-1.309285059673688,-0.9016904482118007,2.75520661619684,-0.874536702811302,-1.2226426741288872,-0.7427501810504115,-0.17414842490106902,0.13851690055349983,0.013767527884712884,-0.17178022374656363,-2.247662082949688,-0.4412491028038549,-0.4385328793169307,-0.6021171163927751,0.0,0.0,1.0,0.0,0.0,0.0,1.0,0.0,0.0,0.0,0.0,0.0,0.0,1.0,0.0,0.0,1.0,0.0,0.0,0.0,Placed
0.031439466999425084,-0.0017542818228479195,-2.0656726423685976,0.9497258268948607,0.9719520415789541,-1.1854941459440516,-0.874536702811302,-0.1828165482045009,-0.19926274253206544,0.7028400563080434,-0.41648838181793485,0.2762512370885718,1.3991669669335494,-0.5733914162432232,0.7461678919029361,0.9970777718402468,-0.2593429410581662,0.0,0.0,1.0,0.0,0.0,0.0,1.0,0.0,0.0,0.0,1.0,0.0,0.0,0.0,0.0,0.0,1.0,0.0,0.0,0.0,Placed
0.031439466999425084,-0.11798890566792751,0.03276612488533357,-0.1797796163894137,0.035130796683576736,-0.20031895540882869,-0.874536702811302,-0.8630035629069194,-0.35271801929018703,0.9052220135101463,-0.24162370381049667,0.5387349462924318,0.4426001132025898,-0.1607749486188823,0.25635838158638524,-1.1269543611583837,-0.8969029071805386,0.0,1.0,0.0,0.0,0.0,0.0,1.0,0.0,0.0,0.0,1.0,0.0,0.0,0.0,0.0,0.0,0.0,0.0,0.0,1.0,Placed
0.031439466999425084,-0.14381882207794583,-0.22514255041961911,-0.1797796163894137,0.035130796683576736,2.75520661619684,0.3019700722711672,0.8961007854614036,0.3250427863915156,-0.7363205282402435,-0.5989558719126525,1.0714224737943814,0.25595292223069477,1.1960984352996271,1.3176123206055794,-0.5308821024907837,0.8581008705326597,0.0,0.0,1.0,0.0,0.0,0.0,1.0,0.0,0.0,0.0,0.0,0.0,0.0,0.0,1.0,0.0,0.0,0.0,0.0,1.0,Placed
0.031439466999425084,0.6310786702225867,-1.3974547108966753,-1.309285059673688,0.035130796683576736,-0.20031895540882869,-0.874536702811302,0.8804643023647961,0.9452578632889225,-0.5114516869045737,-2.127121101455919,-1.7541374546942239,-1.338325167320905,-0.3512133182916548,-0.3596141844177624,-0.010368299147245675,0.3782170250642072,0.0,0.0,0.0,0.0,0.0,1.0,1.0,0.0,0.0,0.0,0.0,1.0,0.0,0.0,0.0,0.0,0.0,0.0,0.0,1.0,Placed
0.031439466999425084,-0.8283116069434148,-1.1512691571964941,-0.1797796163894137,-0.9016904482118007,0.7848562351263942,1.4784768473536365,0.41136980946657664,1.0859252003171995,-2.2579330212782756,0.11570846429166026,-0.2873167267903029,-0.3039886506849892,-0.6210010086614172,-0.9162159006865706,-2.3358896463433743,0.5290376622114343,0.0,0.0,0.0,0.0,0.0,1.0,0.0,1.0,0.0,0.0,0.0,0.0,0.0,1.0,0.0,0.0,0.0,0.0,1.0,0.0,Placed
1.248451092782051,-0.7508218577133621,0.7009840563572559,-0.1797796163894137,0.9719520415789541,1.7700314256616172,2.654983622436106,0.8882825439131005,1.034773441397826,1.1150995987567713,-0.2720349521596157,0.04464796426163688,-0.26510381923251114,1.7753484763876453,0.7684319605536892,0.0987716918763991,0.4124944425976681,1.0,0.0,0.0,0.0,0.0,0.0,0.0,1.0,0.0,1.0,0.0,0.0,0.0,0.0,0.0,0.0,0.0,0.0,0.0,1.0,Placed
0.031439466999425084,1.0185274163728513,1.3105863798053239,-0.1797796163894137,0.035130796683576736,1.7700314256616172,0.3019700722711672,-0.9568224614865629,0.4848920330145586,0.25310237363670374,1.043251538939812,1.7585121831809554,-0.039571796808138084,0.7358723752570921,1.1172357027488082,-0.010368299147245675,-0.8489145226336932,0.0,0.0,0.0,1.0,0.0,0.0,1.0,0.0,0.0,0.0,0.0,0.0,1.0,0.0,0.0,0.0,0.0,0.0,1.0,0.0,Placed
1.248451092782051,-0.8799714397634503,-1.2567772516394282,-0.1797796163894137,-1.8385116931071779,-1.1854941459440516,-0.874536702811302,-1.558827060705945,-0.3079602302357348,-2.287915533456365,-1.5417045707353643,-1.1133683998730377,-0.6461751674667953,-0.8035044462644912,-1.9552057710550126,-0.4385328793169307,-1.5550293238229873,0.0,0.0,0.0,1.0,0.0,0.0,1.0,0.0,0.0,0.0,0.0,0.0,0.0,1.0,0.0,1.0,0.0,0.0,0.0,0.0,Placed
1.248451092782051,-1.060780854633575,0.25550543537597326,0.9497258268948607,0.035130796683576736,0.7848562351263942,-0.874536702811302,-0.15936182355959017,-0.14811098361269187,-0.03173149205514441,-1.3972511410770456,0.09868872792125524,0.7459017985319178,0.39467029626003935,-1.1611206558448466,-1.1857220486326543,0.9677886066397341,1.0,0.0,0.0,0.0,0.0,0.0,1.0,0.0,0.0,0.0,0.0,0.0,0.0,1.0,0.0,0.0,0.0,1.0,0.0,0.0,Placed
-1.1855721587832007,1.3801462461131009,-0.061018847952830586,0.9497258268948607,0.9719520415789541,0.7848562351263942,1.4784768473536365,0.16118607992086048,0.14601163017370772,0.9876739219998915,1.7275046267950056,1.4497078194117088,0.3959383154596155,0.1248826058902781,1.562517075763855,-0.30420673651859764,0.8581008705326597,0.0,0.0,0.0,0.0,0.0,1.0,0.0,1.0,0.0,0.0,0.0,0.0,0.0,0.0,1.0,0.0,0.0,0.0,1.0,0.0,Placed
0.031439466999425084,0.08865042561221449,0.2672285569807448,-0.1797796163894137,0.9719520415789541,-1.1854941459440516,-0.874536702811302,0.6146440897224724,0.8173784659904881,-0.06920963227775605,0.5186575049174963,-0.39539825410953966,0.014866967225331394,0.49782441316612575,0.14503803833262358,-0.40495134361734714,0.7484131344255842,0.0,1.0,0.0,0.0,0.0,0.0,1.0,0.0,0.0,0.0,0.0,0.0,1.0,0.0,0.0,0.0,0.0,1.0,0.0,0.0,Placed
0.031439466999425084,-0.8670564815584416,0.9002771236383541,-1.309285059673688,-0.9016904482118007,-0.20031895540882869,0.3019700722711672,-2.1608316599253263,-2.155817521198111,-0.481469174726484,-0.15799277085041677,1.2875855284328548,-0.48285887536638794,0.8310915600934778,-1.0646430250249195,-0.5728590221152625,-2.226866707478821,0.0,0.0,0.0,1.0,0.0,0.0,1.0,0.0,0.0,1.0,0.0,0.0,0.0,0.0,0.0,0.0,0.0,0.0,1.0,0.0,Not Placed
-1.1855721587832007,-0.1309038638729361,-0.5885593201675059,-0.1797796163894137,0.9719520415789541,-0.20031895540882869,0.3019700722711672,-0.6519110411027204,-0.5445371152378385,-0.1366702846784574,-0.5609418114762529,-1.2832107999461229,1.7724613488773382,0.9977251335571551,-0.11470942925948695,1.4000562002352437,-0.9380358082206912,1.0,0.0,0.0,0.0,0.0,0.0,0.0,1.0,0.0,0.0,0.0,1.0,0.0,0.0,0.0,0.0,1.0,0.0,0.0,0.0,Placed
0.031439466999425084,-0.26005344592302543,0.5251372322856975,0.9497258268948607,1.9087732864743314,-1.1854941459440516,-0.874536702811302,-1.2304609156771908,-0.8706295783488459,0.13317232492434697,-1.062727409236729,0.631376255423206,0.450377079493085,0.03759835312358972,0.7461678919029361,0.06519015617681555,-1.0408680608210739,0.0,0.0,0.0,0.0,1.0,0.0,1.0,0.0,0.0,0.0,0.0,0.0,1.0,0.0,0.0,0.0,1.0,0.0,0.0,0.0,Placed
0.031439466999425084,0.4890141299674887,-0.7409599010295245,-1.309285059673688,0.035130796683576736,-1.1854941459440516,-0.874536702811302,-1.7073736501237142,-1.6315119922745303,0.19313734928052537,-0.7129980532218515,-0.1483547630941422,-1.2294476392539664,-1.6049325853040783,-0.7009965703959654,-0.7743482363127615,-1.4521970712226047,1.0,0.0,0.0,0.0,0.0,0.0,1.0,0.0,0.0,0.0,0.0,0.0,0.0,1.0,0.0,0.0,0.0,0.0,1.0,0.0,Placed
-1.1855721587832007,2.4262578607188194,0.18516670574735056,-0.1797796163894137,-0.9016904482118007,-1.1854941459440516,0.3019700722711672,-0.7379116981340602,-1.337389378488131,0.3880236784381054,1.7275046267950056,-0.4339987995806955,0.030420899806321726,1.7753484763876453,0.7016397546014318,1.8198253964800322,-0.9997351597809212,0.0,0.0,0.0,1.0,0.0,0.0,0.0,1.0,0.0,0.0,0.0,0.0,0.0,0.0,1.0,0.0,1.0,0.0,0.0,0.0,Placed
1.248451092782051,0.2694598404823382,1.0292314612908313,-1.309285059673688,0.9719520415789541,-1.1854941459440516,-0.874536702811302,1.1071933072656026,0.5360437919339321,1.6173066777397673,-0.7282036773964116,-0.16379498128260475,1.2514046074141323,-0.6051311445220192,-0.20376570386249648,-0.20346212941984937,1.4476724521081867,1.0,0.0,0.0,0.0,0.0,0.0,0.0,1.0,0.0,1.0,0.0,0.0,0.0,0.0,0.0,0.0,0.0,0.0,1.0,0.0,Placed
-1.1855721587832007,0.6310786702225867,0.361013529818909,-0.1797796163894137,0.035130796683576736,-0.20031895540882869,0.3019700722711672,1.2948311044248908,1.6230186689706243,0.3805280503935835,-0.5685446235635334,1.7585121831809554,-0.07067966197012095,0.2994511114236537,-0.40414232171926767,-0.4301374953920342,1.653336957308952,0.0,1.0,0.0,0.0,0.0,0.0,1.0,0.0,0.0,1.0,0.0,0.0,0.0,0.0,0.0,0.0,1.0,0.0,0.0,0.0,Placed
0.031439466999425084,0.11448034202223166,1.451263839062571,-0.1797796163894137,0.035130796683576736,0.7848562351263942,2.654983622436106,0.7397359544953305,0.7150749481517401,-0.36903475405864905,-0.19600683128681642,1.7585121831809554,-0.5061897742378746,1.759478612248247,0.24151566915255013,-0.2706252008190153,0.17940800337013363,0.0,0.0,0.0,0.0,1.0,0.0,1.0,0.0,0.0,0.0,1.0,0.0,0.0,0.0,0.0,0.0,0.0,0.0,0.0,1.0,Placed
-1.1855721587832007,0.4631842135574716,0.6423684483334031,-1.309285059673688,0.035130796683576736,0.7848562351263942,-0.874536702811302,-1.8559202395414836,-1.3757531976776616,-0.0916965164113228,0.7619474917104543,0.3766126553135767,-0.6306212348858049,-0.716220193497804,-0.46351317145460696,0.33384244177348044,-1.966358334224518,1.0,0.0,0.0,0.0,0.0,0.0,0.0,1.0,0.0,0.0,0.0,0.0,0.0,1.0,0.0,0.0,0.0,1.0,0.0,0.0,Placed
1.248451092782051,-1.5515492664239117,-0.13135757758145497,0.9497258268948607,-0.9016904482118007,-0.20031895540882869,1.4784768473536365,-1.1366420170975473,-0.48059741658862143,-1.08111941828827,-0.6749839927854518,-1.622895600092294,0.450377079493085,-0.17664481275827917,-0.46351317145460696,-0.8247205398621357,-0.36217519365854883,0.0,0.0,1.0,0.0,0.0,0.0,0.0,1.0,0.0,0.0,0.0,0.0,1.0,0.0,0.0,0.0,0.0,0.0,1.0,0.0,Placed
-1.1855721587832007,-0.7766517741233793,-0.5533899553531946,2.079231270179135,0.9719520415789541,-0.20031895540882869,0.3019700722711672,-0.6831840072959354,0.16519353976847267,-0.7588074123738102,0.6098912499648557,1.3647866193751665,0.19373719190673014,1.7753484763876453,1.7035228438852867,0.17433014720046033,0.05600930024967462,0.0,0.0,0.0,1.0,0.0,0.0,1.0,0.0,0.0,1.0,0.0,0.0,0.0,0.0,0.0,1.0,0.0,0.0,0.0,0.0,Placed
0.031439466999425084,0.3469495897123908,-0.07274196955760215,-0.1797796163894137,0.9719520415789541,0.7848562351263942,1.4784768473536365,0.5130069495945251,1.0091975619381397,1.032647690267026,-1.5188961344735248,1.3647866193751665,-0.7239448303717514,0.22803672279636333,1.1246570589657263,0.09037630795150262,1.653336957308952,0.0,0.0,0.0,1.0,0.0,0.0,0.0,1.0,0.0,0.0,0.0,0.0,0.0,0.0,1.0,1.0,0.0,0.0,0.0,0.0,Placed
1.248451092782051,-0.5570974846382287,-0.2603119152339305,-0.1797796163894137,0.9719520415789541,-1.1854941459440516,-0.874536702811302,-0.6597292826510236,-0.6724165125362725,-1.2610144913568058,-1.1615639663713677,-0.904925454328796,0.4192692143311021,-0.5337167558947288,-0.30024333468242304,-0.010368299147245675,-0.9448912917273835,1.0,0.0,0.0,0.0,0.0,0.0,0.0,1.0,0.0,1.0,0.0,0.0,0.0,0.0,0.0,0.0,0.0,1.0,0.0,0.0,Placed
-1.1855721587832007,0.5406739627875242,0.021043003280562012,-0.1797796163894137,0.9719520415789541,0.7848562351263942,0.3019700722711672,1.2166486889418542,1.6230186689706243,-0.8112768086854667,0.929209357630613,1.4033871648463223,-0.9494768527961244,0.9263107449298646,0.5457912740461659,-1.8237712269247328,1.4750943861349557,0.0,1.0,0.0,0.0,0.0,0.0,0.0,1.0,0.0,0.0,0.0,0.0,0.0,1.0,0.0,0.0,0.0,0.0,1.0,0.0,Placed
1.248451092782051,0.682738503042621,1.498156325481654,-1.309285059673688,0.035130796683576736,-0.20031895540882869,-0.874536702811302,-0.8082758720687936,-0.41026374807448196,0.5529274954175968,0.6022884378775762,0.16044960067510433,0.5125928098170496,-0.7717647179856952,-0.2408724849470837,-0.1698805937202658,-0.6295390504195432,0.0,0.0,0.0,0.0,0.0,1.0,1.0,0.0,0.0,0.0,0.0,0.0,0.0,0.0,1.0,0.0,0.0,1.0,0.0,0.0,Placed
0.031439466999425084,1.5609556609832234,-1.2333310084298867,-0.1797796163894137,-1.8385116931071779,0.7848562351263942,-0.874536702811302,0.36446036017675515,1.4695633922125027,0.8677438732875347,-0.4468996301670539,0.8166588736847532,0.8003405625653873,0.5136942773055226,-0.18892299142866137,0.15753937935066975,0.6661473323452779,0.0,0.0,0.0,0.0,0.0,1.0,1.0,0.0,0.0,1.0,0.0,0.0,0.0,0.0,0.0,0.0,0.0,0.0,1.0,0.0,Placed
0.031439466999425084,-0.09215898925791033,0.5720297187047787,-1.309285059673688,0.035130796683576736,-1.1854941459440516,-0.874536702811302,-0.37827258691209237,0.27389102747214206,-1.2760057474458506,-0.05155340162849841,0.8938599646270649,-0.109564493422599,-0.8114393783341897,-1.5396098229076363,-0.27902058474391056,0.29595122298390086,0.0,0.0,0.0,0.0,0.0,1.0,0.0,1.0,0.0,1.0,0.0,0.0,0.0,0.0,0.0,0.0,0.0,0.0,0.0,1.0,Placed
1.248451092782051,-0.6345872338682825,1.7560650007866065,2.079231270179135,1.9087732864743314,1.7700314256616172,-0.874536702811302,1.7717438388714135,1.4439875127528163,1.3174815559588742,-0.021142153279378257,1.6118301103905628,1.469159663548009,-1.692216838070766,-0.3225074033331751,-0.10271752232109987,1.653336957308952,0.0,0.0,1.0,0.0,0.0,0.0,0.0,1.0,0.0,0.0,1.0,0.0,0.0,0.0,0.0,0.0,1.0,0.0,0.0,0.0,Placed
0.031439466999425084,-1.6548689320639827,-0.8230217522629171,-0.1797796163894137,-0.9016904482118007,0.7848562351263942,1.4784768473536365,-0.1280888573663751,-1.5867542032200785,-0.38402601014769394,0.10810565220438077,-1.8544988729192289,-0.04734876309863435,-0.6765455331493095,0.7906960292044414,-2.2603311910193127,-1.0545790278344584,1.0,0.0,0.0,0.0,0.0,0.0,0.0,1.0,0.0,0.0,0.0,0.0,1.0,0.0,0.0,0.0,0.0,0.0,0.0,1.0,Placed
-1.1855721587832007,0.618163712017578,-1.2919466164537396,0.9497258268948607,0.9719520415789541,1.7700314256616172,0.3019700722711672,0.724099471398723,1.6230186689706243,0.9951695500444144,0.43502657195741756,0.16816970976933615,1.7724613488773382,0.21216685865696533,0.6125834799984223,0.5940993434452488,0.5016157281846663,0.0,0.0,0.0,1.0,0.0,0.0,0.0,1.0,0.0,0.0,0.0,1.0,0.0,0.0,0.0,1.0,0.0,0.0,0.0,0.0,Placed
1.248451092782051,1.405976162523118,0.05621236809487503,-0.1797796163894137,0.035130796683576736,-1.1854941459440516,-0.874536702811302,-0.5580921425230763,-0.22483862199175267,0.27558925777027055,-0.25682932798505564,0.8166588736847532,-0.40508921246143187,0.41054016039943736,1.3398763892563315,0.3758193613979593,-0.3553197101518561,1.0,0.0,0.0,0.0,0.0,0.0,0.0,1.0,0.0,0.0,0.0,0.0,0.0,1.0,0.0,0.0,1.0,0.0,0.0,0.0,Placed
-1.1855721587832007,-1.9777428871892042,-1.2685003732441997,0.9497258268948607,-0.9016904482118007,1.7700314256616172,0.3019700722711672,-0.5580921425230763,-0.0522014356388661,1.7222454703630803,-0.994302100451209,0.6931371281770551,1.119196180475707,-1.9302648001617326,-0.292821978465506,-1.1521405129330713,-0.5678396988593142,1.0,0.0,0.0,0.0,0.0,0.0,0.0,1.0,0.0,0.0,1.0,0.0,0.0,0.0,0.0,0.0,0.0,0.0,1.0,0.0,Not Placed
1.248451092782051,0.08865042561221449,-0.9988685763344756,-0.1797796163894137,0.035130796683576736,-0.20031895540882869,1.4784768473536365,1.7717438388714135,0.9452578632889225,-2.093029204298784,1.5906540092239672,0.7780583282135974,0.014866967225331394,-1.7795010908374533,-1.2650196428816907,0.24988860252452275,0.30280670649059266,0.0,1.0,0.0,0.0,0.0,0.0,0.0,1.0,0.0,0.0,0.0,0.0,1.0,0.0,0.0,0.0,0.0,0.0,1.0,0.0,Placed
-1.1855721587832007,0.5406739627875242,0.06793548969964493,-1.309285059673688,0.035130796683576736,-1.1854941459440516,1.4784768473536365,-1.6448277177372852,-0.250414501451439,-0.09919214445584577,-2.0434901684958398,-0.36451781773261455,1.383613034352558,0.25184151900545976,-1.0498003125910849,1.4756146555593048,-1.3904977196623751,0.0,1.0,0.0,0.0,0.0,0.0,0.0,1.0,0.0,0.0,0.0,0.0,0.0,1.0,0.0,0.0,1.0,0.0,0.0,0.0,Not Placed
-1.1855721587832007,1.1476769984229416,1.6974493927627536,0.9497258268948607,0.035130796683576736,-1.1854941459440516,0.3019700722711672,-0.7691846643272753,-0.9089933975383763,0.6878488002189984,0.6935221829249356,0.8938599646270649,1.7724613488773382,1.3865368049723996,1.3844045265578369,0.8543562451170185,-0.22506552352470527,0.0,0.0,0.0,0.0,1.0,0.0,1.0,0.0,0.0,0.0,1.0,0.0,0.0,0.0,0.0,0.0,0.0,0.0,1.0,0.0,Placed
1.248451092782051,2.180873654823649,0.13827421932826764,-1.309285059673688,0.9719520415789541,-0.20031895540882869,-0.874536702811302,1.5059236262290887,1.5271091209967984,1.6997585862295124,0.36660126317189773,1.6349904376732571,0.0848596638397912,0.767612103535887,0.7090611108183489,-0.5224867185658885,1.0431989252133478,0.0,0.0,0.0,1.0,0.0,0.0,0.0,1.0,0.0,0.0,0.0,0.0,1.0,0.0,0.0,1.0,0.0,0.0,0.0,0.0,Placed
0.031439466999425084,-0.0017542818228479195,-0.9754223331249358,-1.309285059673688,0.035130796683576736,-0.20031895540882869,-0.874536702811302,-1.9497391381211278,-1.2222979209195404,-1.4184226802917748,-0.3556658851196956,-0.8817651270461028,0.8081175288558825,-1.4065592835616063,-0.8716877633850664,0.459773200646917,-1.4864744887560655,0.0,0.0,0.0,0.0,0.0,1.0,0.0,1.0,0.0,0.0,0.0,0.0,1.0,0.0,0.0,0.0,0.0,1.0,0.0,0.0,Placed
0.031439466999425084,-0.06632907284789201,0.7244302995667957,-1.309285059673688,1.9087732864743314,0.7848562351263942,0.3019700722711672,0.15336783837255616,1.3033201757245383,-0.39152163819221586,-0.16559558293769736,1.7585121831809554,-0.3506504484279624,0.029663421053891293,0.41962821835856917,-0.1866713615700576,0.8855228045594278,0.0,0.0,0.0,1.0,0.0,0.0,1.0,0.0,0.0,1.0,0.0,0.0,0.0,0.0,0.0,0.0,0.0,0.0,0.0,1.0,Placed
0.031439466999425084,0.786058168682692,-2.3235813176735496,-1.309285059673688,0.035130796683576736,2.75520661619684,2.654983622436106,-0.487727968588344,0.5232558522040885,-1.126093186555404,0.18413377307718007,0.46925396444435086,0.567031573850519,0.6644579866298018,0.5457912740461659,0.6192854952199371,-0.4992848637923924,0.0,0.0,0.0,0.0,1.0,0.0,1.0,0.0,0.0,1.0,0.0,0.0,0.0,0.0,0.0,0.0,0.0,1.0,0.0,0.0,Not Placed
1.248451092782051,-0.6087573174582641,-0.8464679954724585,-0.1797796163894137,0.035130796683576736,-0.20031895540882869,1.4784768473536365,0.2940961862420218,0.7086809782868188,-1.4334139363808196,-0.9714936641893696,-1.2368901453807357,-1.3927639313543743,0.10107780968118167,1.3250336768224975,-1.3956066467550485,-0.17022165547116708,0.0,1.0,0.0,0.0,0.0,0.0,0.0,1.0,0.0,0.0,0.0,0.0,1.0,0.0,0.0,0.0,1.0,0.0,0.0,0.0,Placed
1.248451092782051,-0.5958423592532556,-0.3072044016530134,-0.1797796163894137,0.9719520415789541,-0.20031895540882869,-0.874536702811302,-1.1522785001941545,-0.23762656172159538,-0.5189473149490956,0.7163306191867752,0.16044960067510433,-0.9572538190866201,-0.07349069585219394,0.6793756859506797,-0.6652082452891162,-0.1839326224845516,0.0,1.0,0.0,0.0,0.0,0.0,0.0,1.0,0.0,0.0,0.0,0.0,1.0,0.0,0.0,0.0,0.0,0.0,1.0,0.0,Placed
1.248451092782051,-0.2342235295130071,1.3457557446196369,-0.1797796163894137,-0.9016904482118007,-1.1854941459440516,0.3019700722711672,1.240103413586765,1.4439875127528163,-0.12917465663393443,0.21454502142629914,-1.1674091635326553,-0.008463931646156312,-0.5178468917553319,0.6348475486491744,0.13235322757598147,0.851245387025967,0.0,0.0,0.0,1.0,0.0,0.0,0.0,1.0,0.0,0.0,0.0,1.0,0.0,0.0,0.0,0.0,1.0,0.0,0.0,0.0,Placed
0.031439466999425084,1.5480407027782148,-0.6237286849818189,-1.309285059673688,-0.9016904482118007,-1.1854941459440516,-0.874536702811302,-1.597918268447463,-1.7146336005185128,0.3955193064826284,-1.2756061476805667,-0.8663249088576401,-0.335096515846971,1.346862144623905,-2.7418695300482616,0.8291700933423314,-1.7812602795438295,1.0,0.0,0.0,0.0,0.0,0.0,0.0,1.0,0.0,0.0,0.0,1.0,0.0,0.0,0.0,0.0,0.0,1.0,0.0,0.0,Not Placed
0.031439466999425084,1.096017165602905,-1.6201940213873167,-0.1797796163894137,-0.9016904482118007,-1.1854941459440516,1.4784768473536365,-0.487727968588344,0.7342568577465051,-1.2535188633122833,0.5870828137030162,0.029207746073174334,0.9869877535372824,-0.5892612803826213,0.25635838158638524,0.5185408881211877,-0.6158280834061587,0.0,0.0,1.0,0.0,0.0,0.0,0.0,1.0,0.0,0.0,0.0,1.0,0.0,0.0,0.0,1.0,0.0,0.0,0.0,0.0,Placed
1.248451092782051,0.3211196733023737,-0.5768361985627359,0.9497258268948607,0.035130796683576736,-1.1854941459440516,-0.874536702811302,0.15336783837255616,0.18437544936323766,-0.5189473149490956,-1.2832089597678467,0.6854170190828233,0.14707539416375584,0.33119083970244856,1.4437753762931762,-2.050446592896918,0.5633150797448953,0.0,0.0,0.0,0.0,1.0,0.0,1.0,0.0,0.0,0.0,0.0,0.0,1.0,0.0,0.0,0.0,0.0,0.0,1.0,0.0,Placed
-1.1855721587832007,0.5277590045825157,2.119481770534493,2.079231270179135,0.035130796683576736,0.7848562351263942,0.3019700722711672,0.49737046649791755,0.8237724358554095,1.7297410984076023,-0.2948433884214553,-1.3449716726999725,0.6059164053029972,1.0453347259753478,0.5012631367446606,0.08198092402660732,0.17255251986344186,0.0,0.0,0.0,0.0,0.0,1.0,0.0,1.0,0.0,0.0,0.0,0.0,0.0,1.0,0.0,0.0,0.0,1.0,0.0,0.0,Placed
-1.1855721587832007,1.2251667476529933,0.7009840563572559,2.079231270179135,0.9719520415789541,-0.20031895540882869,2.654983622436106,-0.27663544678414503,0.26110308774229846,1.7297410984076023,-0.3556658851196956,0.32257189165395944,1.7724613488773382,0.5374990735146201,0.7535892481198542,-1.1269543611583837,0.11085316830321186,0.0,0.0,0.0,1.0,0.0,0.0,1.0,0.0,0.0,0.0,1.0,0.0,0.0,0.0,0.0,0.0,0.0,1.0,0.0,0.0,Placed
0.031439466999425084,-0.9058013561734686,-0.22514255041961911,-0.1797796163894137,-1.8385116931071779,-1.1854941459440516,2.654983622436106,-1.5275540945127304,-2.1494235513331894,-0.39901726623673883,-0.3024462005087359,-0.9358058907057205,-0.4439740439139099,-1.3906894194222084,0.3973641497078171,-0.6400220935144291,-2.000635751757979,0.0,0.0,1.0,0.0,0.0,0.0,0.0,1.0,0.0,0.0,1.0,0.0,0.0,0.0,0.0,1.0,0.0,0.0,0.0,0.0,Not Placed
0.031439466999425084,-0.45377781899815767,-1.6788096294111694,-0.1797796163894137,-0.9016904482118007,1.7700314256616172,0.3019700722711672,0.30191442779032607,0.5871955508533058,0.6578662880409097,-0.2720349521596157,-1.476213527301902,-1.696065616683703,0.8945710166510698,-2.259481375948628,-1.8573527626243158,0.3576505745441299,1.0,0.0,0.0,0.0,0.0,0.0,0.0,1.0,0.0,1.0,0.0,0.0,0.0,0.0,0.0,0.0,0.0,1.0,0.0,0.0,Placed
1.248451092782051,0.618163712017578,0.6423684483334031,-1.309285059673688,0.035130796683576736,-1.1854941459440516,0.3019700722711672,-0.4799097270400397,-0.44223359739909057,0.14066795296886886,-1.99027048388488,0.3766126553135767,-0.18733415632755507,1.5769751746451732,-0.3596141844177624,1.1901716021128492,-0.30733132560501064,0.0,1.0,0.0,0.0,0.0,0.0,1.0,0.0,0.0,0.0,0.0,1.0,0.0,0.0,0.0,0.0,0.0,0.0,0.0,1.0,Placed
0.031439466999425084,-0.169648738487963,1.1112933125242257,0.9497258268948607,0.9719520415789541,-1.1854941459440516,-0.874536702811302,0.06736718134121636,0.6703171590972878,0.9202132695991911,-0.05915621371577791,1.6504306558617186,0.007090000934835124,0.7041326469782963,0.38252143727398197,1.7778484768555534,0.3782170250642072,0.0,0.0,0.0,1.0,0.0,0.0,0.0,1.0,0.0,0.0,0.0,0.0,1.0,0.0,0.0,1.0,0.0,0.0,0.0,0.0,Placed
1.248451092782051,-0.09215898925791033,-1.0809304275678697,-1.309285059673688,0.035130796683576736,-0.20031895540882869,0.3019700722711672,-1.1366420170975473,-1.8489069676818686,-0.5264429429936175,-0.6597783686108928,0.10640883701548597,0.24039898964970335,-1.0098126800766623,-0.9459013255542408,1.618336182282533,-0.8283480721136168,1.0,0.0,0.0,0.0,0.0,0.0,0.0,1.0,0.0,0.0,0.0,0.0,0.0,1.0,0.0,1.0,0.0,0.0,0.0,0.0,Placed
1.248451092782051,-0.33754319515307807,-0.07274196955760215,-0.1797796163894137,1.9087732864743314,0.7848562351263942,-0.874536702811302,1.4199229691977489,0.7662267070711136,0.08070292861269047,0.3285872027354981,0.3920528735020392,-0.373981347299449,0.9025059487207683,0.7832746729875233,-1.0765820576090088,1.4339614850948021,1.0,0.0,0.0,0.0,0.0,0.0,0.0,1.0,0.0,0.0,0.0,0.0,0.0,0.0,1.0,1.0,0.0,0.0,0.0,0.0,Placed
-1.1855721587832007,1.2897415386780384,-0.18997318560530776,-0.1797796163894137,1.9087732864743314,-0.20031895540882869,-0.874536702811302,0.4504610172080949,0.2547091178773762,1.549846025339066,0.10810565220438077,1.1331833465482315,0.014866967225331394,0.013793556914493306,0.41962821835856917,1.4168469680850353,-0.23192100703139706,0.0,0.0,1.0,0.0,0.0,0.0,1.0,0.0,0.0,1.0,0.0,0.0,0.0,0.0,0.0,0.0,0.0,0.0,1.0,0.0,Placed
-1.1855721587832007,-0.7508218577133621,0.4899678674713845,0.9497258268948607,0.035130796683576736,-0.20031895540882869,0.3019700722711672,-0.10463413272146434,0.7790146468009572,1.5198635131609772,-1.526498946560804,-0.8200042542922537,-0.11734145971309416,-1.4065592835616063,1.1098143465318913,-0.3713698079177648,1.0706208592401167,1.0,0.0,0.0,0.0,0.0,0.0,0.0,1.0,0.0,0.0,0.0,0.0,0.0,0.0,1.0,0.0,1.0,0.0,0.0,0.0,Placed
-1.1855721587832007,0.16614017484226717,1.0409545828956013,0.9497258268948607,0.9719520415789541,2.75520661619684,0.3019700722711672,-0.6050015918128989,0.19716338909308126,1.1825602511574727,0.3133815785609391,1.6195502194847946,1.422497865805036,1.7753484763876453,1.7035228438852867,-0.2874159686688071,-0.39645261119200975,0.0,1.0,0.0,0.0,0.0,0.0,1.0,0.0,0.0,0.0,0.0,1.0,0.0,0.0,0.0,0.0,1.0,0.0,0.0,0.0,Placed
-1.1855721587832007,0.011160676382160669,-0.41271249609594746,2.079231270179135,0.035130796683576736,-0.20031895540882869,0.3019700722711672,-0.0029969925935170094,0.3186488165265934,1.5573416533835889,-0.1503899587631373,0.2608110189001092,-0.2806577518135026,-0.10523042413098992,0.1673021069833757,-0.3209975043683894,-0.45129647924554694,0.0,0.0,0.0,0.0,1.0,0.0,0.0,1.0,0.0,0.0,0.0,1.0,0.0,0.0,0.0,0.0,1.0,0.0,0.0,0.0,Placed
0.031439466999425084,0.4244393389424447,0.4665216242618447,-0.1797796163894137,0.035130796683576736,-1.1854941459440516,-0.874536702811302,-0.612819833361202,-1.3118134990284442,-1.3809445400691631,-1.0779330334112884,0.6468164736116674,1.469159663548009,0.06140314933268727,-0.5748335147083686,-0.1698805937202658,-1.6715725434367545,0.0,0.0,1.0,0.0,0.0,0.0,0.0,1.0,0.0,0.0,0.0,0.0,0.0,1.0,0.0,0.0,0.0,0.0,0.0,1.0,Placed
-1.1855721587832007,1.1218470820129223,0.24378231377120335,-0.1797796163894137,-1.8385116931071779,0.7848562351263942,1.4784768473536365,-0.23754423904262675,0.5808015809883844,0.328058654081927,0.13851690055349983,0.9170202919097581,-0.07067966197012095,-0.24805920138556956,-0.12213078547640396,1.1649854503381623,-0.36903067716524063,0.0,0.0,0.0,0.0,1.0,0.0,1.0,0.0,0.0,0.0,0.0,0.0,0.0,0.0,1.0,0.0,1.0,0.0,0.0,0.0,Placed
1.248451092782051,-0.40211798617812333,-0.13135757758145497,-1.309285059673688,-1.8385116931071779,-0.20031895540882869,-0.874536702811302,-0.8082758720687936,-0.7491441509153333,-1.4708920766034312,0.6783165587503756,-0.23327596313068458,-0.7706066281147257,-1.0732921366342532,-1.0720643812418371,0.03160862047723318,-1.0545790278344584,0.0,0.0,1.0,0.0,0.0,0.0,0.0,1.0,0.0,0.0,0.0,0.0,1.0,0.0,0.0,1.0,0.0,0.0,0.0,0.0,Placed
0.031439466999425084,0.3598645479174006,0.05621236809487503,0.9497258268948607,1.9087732864743314,-0.20031895540882869,0.3019700722711672,0.11427663063103785,0.874924194774783,1.2650121596472177,1.6514765059222063,0.6468164736116674,-0.0006869653556600416,1.7753484763876453,-0.1963443476455784,-1.781794307300254,0.2479628384370554,0.0,0.0,0.0,1.0,0.0,0.0,0.0,1.0,0.0,1.0,0.0,0.0,0.0,0.0,0.0,0.0,0.0,0.0,0.0,1.0,Placed
0.031439466999425084,0.12739530022724024,1.885019338439082,-1.309285059673688,0.035130796683576736,0.7848562351263942,-0.874536702811302,0.6224623312707757,-0.14811098361269187,-0.7063380160621537,-0.19600683128681642,-0.7582433815384034,-0.3662043810089538,1.6959991556906564,-0.2408724849470837,1.7106854054563874,0.6455808818252016,1.0,0.0,0.0,0.0,0.0,0.0,0.0,1.0,0.0,0.0,1.0,0.0,0.0,0.0,0.0,0.0,0.0,0.0,1.0,0.0,Placed
-1.1855721587832007,0.4631842135574716,0.16172046253780908,-0.1797796163894137,-1.8385116931071779,0.7848562351263942,0.3019700722711672,-0.9568224614865629,-0.33353610969542113,1.0251520622225032,-1.9750648597103204,1.5963898922021014,0.5048158435265545,-0.08142562792189349,-0.9162159006865706,-0.5980451738899503,-0.2730539080715497,0.0,0.0,0.0,0.0,1.0,0.0,1.0,0.0,0.0,0.0,0.0,0.0,0.0,0.0,1.0,0.0,0.0,1.0,0.0,0.0,Placed
1.248451092782051,0.12739530022724024,0.11482797611872785,-1.309285059673688,-0.9016904482118007,-1.1854941459440516,-0.874536702811302,0.23936849540389704,-0.46141550699385553,0.9052220135101463,-0.720600865309132,1.7585121831809554,-1.237224605544462,-0.39882291070984877,-0.8642664071681488,0.6276808791448324,-0.45815196275223874,0.0,1.0,0.0,0.0,0.0,0.0,1.0,0.0,0.0,1.0,0.0,0.0,0.0,0.0,0.0,1.0,0.0,0.0,0.0,0.0,Placed
-1.1855721587832007,-0.6991620248933266,0.4196291378427618,-0.1797796163894137,1.9087732864743314,-1.1854941459440516,1.4784768473536365,0.0048212489547873145,1.117895049641808,-0.17414842490106902,0.8379756125832536,-2.2945450912904053,-1.9060437065270839,1.0294648618359499,-0.08502400439181675,0.2163070668249392,0.5427486292248189,0.0,1.0,0.0,0.0,0.0,0.0,0.0,1.0,0.0,0.0,0.0,0.0,0.0,1.0,0.0,0.0,0.0,0.0,0.0,1.0,Placed
0.031439466999425084,0.7473132940676662,0.6306453267286316,-1.309285059673688,-1.8385116931071779,-1.1854941459440516,0.3019700722711672,-1.4806446452229083,-1.1136004332158709,0.043224788390078844,-0.0059365291048181805,1.2258246556790047,-1.5949650549072596,-2.1921175584617956,-1.0572216688080025,-0.1698805937202658,-1.459052554729297,0.0,1.0,0.0,0.0,0.0,0.0,1.0,0.0,0.0,0.0,0.0,0.0,0.0,0.0,1.0,0.0,1.0,0.0,0.0,0.0,Not Placed
0.031439466999425084,0.3986094225324263,0.30239792179505615,0.9497258268948607,0.9719520415789541,-1.1854941459440516,1.4784768473536365,1.2010122058452468,1.194622688020869,0.7028400563080434,0.13851690055349983,-0.02483301758644293,1.7724613488773382,-1.4462339439101006,1.2879268957379102,-0.6987897809886991,0.45362734363782076,0.0,1.0,0.0,0.0,0.0,0.0,0.0,1.0,0.0,0.0,0.0,1.0,0.0,0.0,0.0,1.0,0.0,0.0,0.0,0.0,Placed
-1.1855721587832007,-0.789566732328389,0.03276612488533357,-0.1797796163894137,-1.8385116931071779,-1.1854941459440516,-0.874536702811302,-1.3086433311602275,-0.33993007956034343,-0.878737461086167,-1.055124597149449,0.2839713461828036,0.02264393351582656,-0.5337167558947288,-1.0646430250249195,-1.538328173478276,-0.45129647924554694,0.0,1.0,0.0,0.0,0.0,0.0,1.0,0.0,0.0,0.0,0.0,0.0,1.0,0.0,0.0,0.0,0.0,1.0,0.0,0.0,Not Placed
0.031439466999425084,1.6642753266232944,-0.3540968880720946,0.9497258268948607,-1.8385116931071779,-1.1854941459440516,-0.874536702811302,0.05954893979291203,-0.5956888741572122,0.9501957817772798,1.6666821300967665,0.7317376736482109,0.5048158435265545,-0.2004496089673767,-0.33735011576701024,1.1817762181879528,0.06286478375636641,0.0,0.0,0.0,0.0,1.0,0.0,0.0,0.0,1.0,0.0,1.0,0.0,0.0,0.0,0.0,0.0,0.0,1.0,0.0,0.0,Placed
-1.1855721587832007,-0.7637368159183706,1.533325690295965,-1.309285059673688,0.035130796683576736,-0.20031895540882869,-0.874536702811302,-0.2219077559460192,-0.8514476687540808,0.5229449832395081,-0.1427871466758567,-1.7232570183172995,0.302614719973668,-0.6051311445220192,-0.4189850341531017,-1.9664927536479606,-0.38959712768531696,0.0,0.0,1.0,0.0,0.0,0.0,0.0,1.0,0.0,0.0,0.0,0.0,0.0,1.0,0.0,0.0,0.0,0.0,1.0,0.0,Not Placed
1.248451092782051,-1.0736958128385836,1.1933551637576183,-1.309285059673688,1.9087732864743314,-1.1854941459440516,-0.874536702811302,-0.519000934781558,0.0692839917946469,-0.6688598758395421,-1.2832089597678467,0.19905014614626015,0.0848596638397912,0.21216685865696533,0.48642042431082555,-0.967442066585364,-0.08110036988416895,0.0,0.0,0.0,0.0,1.0,0.0,0.0,1.0,0.0,0.0,0.0,0.0,1.0,0.0,0.0,1.0,0.0,0.0,0.0,0.0,Placed
1.248451092782051,0.21780000766230267,0.3258441650045976,-0.1797796163894137,0.035130796683576736,-0.20031895540882869,-0.874536702811302,1.0681020995240844,0.9964096222082961,-0.7513117843292872,1.0128402905906917,-1.1056482907788063,-0.5684055045618391,-1.6842819060010672,-0.30766469089934007,1.072636227164308,1.3654066500278803,0.0,1.0,0.0,0.0,0.0,0.0,0.0,1.0,0.0,0.0,0.0,0.0,0.0,0.0,1.0,0.0,0.0,1.0,0.0,0.0,Placed
1.248451092782051,0.24362992407231984,-0.0024032399289777785,-0.1797796163894137,0.9719520415789541,-0.20031895540882869,1.4784768473536365,-0.27663544678414503,-0.32714213983049983,-0.39152163819221586,1.1496909081617315,0.06008818245009943,1.2358506748331408,1.561105310505775,1.072707565447304,0.9718916200655585,-0.29362035859162705,0.0,1.0,0.0,0.0,0.0,0.0,0.0,1.0,0.0,0.0,0.0,0.0,0.0,0.0,1.0,0.0,1.0,0.0,0.0,0.0,Placed
1.248451092782051,-0.07924403105290174,0.03276612488533357,-0.1797796163894137,0.035130796683576736,-0.20031895540882869,0.3019700722711672,-2.364105940181221,-0.2056567123969868,0.21562423341409212,-0.3708715092942546,0.013767527884712884,-0.5528515719808489,0.8628312883722739,0.6051621237815052,-1.6474681645019216,-0.7049493689931573,0.0,1.0,0.0,0.0,0.0,0.0,0.0,1.0,0.0,0.0,0.0,0.0,1.0,0.0,0.0,1.0,0.0,0.0,0.0,0.0,Placed
-1.1855721587832007,-1.7711035559090622,-0.4830512257245718,-0.1797796163894137,0.9719520415789541,-1.1854941459440516,0.3019700722711672,-1.4493716790296938,-1.4205109867321137,-0.039227120099666314,-2.5984954508672744,-2.8658331642635115,0.4192692143311021,-1.2399257100979297,-0.3150860471162581,-1.2025128164824455,-1.5755957743430642,0.0,0.0,0.0,0.0,1.0,0.0,0.0,1.0,0.0,0.0,0.0,0.0,1.0,0.0,0.0,0.0,1.0,0.0,0.0,0.0,Not Placed
0.031439466999425084,-0.8283116069434148,-1.3505622244775923,-1.309285059673688,0.035130796683576736,-0.20031895540882869,0.3019700722711672,-0.29227192988075257,0.35701263571612424,-0.3090697297024707,-2.210752034415998,-0.5884009814653187,-1.3538790999018961,-1.549388060816186,-0.8716877633850664,0.04000400440212847,0.15198606934336453,0.0,0.0,0.0,0.0,0.0,1.0,0.0,0.0,1.0,0.0,0.0,0.0,1.0,0.0,0.0,0.0,0.0,1.0,0.0,0.0,Placed
0.031439466999425084,1.3155714550880555,-2.452535655326026,-0.1797796163894137,0.035130796683576736,-1.1854941459440516,2.654983622436106,1.271376379779979,0.7854086166658796,-0.23411344925724742,0.541465941179337,0.9479007282866833,-1.3772099987733828,0.950115541138961,0.03371769507886192,0.5185408881211877,0.9952105406665033,0.0,0.0,0.0,0.0,0.0,1.0,0.0,1.0,0.0,0.0,0.0,0.0,0.0,0.0,1.0,0.0,0.0,0.0,1.0,0.0,Placed
-1.1855721587832007,-0.6087573174582641,0.37273665142367884,-0.1797796163894137,-1.8385116931071779,0.7848562351263942,-0.874536702811302,-1.3477345389017459,-1.3629652579478184,-0.0916965164113228,-1.0931386575858484,0.14500938248664177,-0.3195425832659806,-1.9858093246496245,-0.8791091196019833,-0.8415113077119275,-1.0203016103009976,0.0,0.0,0.0,0.0,1.0,0.0,0.0,1.0,0.0,0.0,0.0,0.0,0.0,0.0,1.0,0.0,0.0,1.0,0.0,0.0,Placed
-1.1855721587832007,1.3930612043181094,-1.7374252374350223,-1.309285059673688,0.035130796683576736,0.7848562351263942,0.3019700722711672,-1.3633710219983532,-1.932028575925851,-0.9087199732642568,0.9900318543288522,0.21449036433472268,-1.3538790999018961,-1.3272099628646175,1.3918258827747538,0.42619166494733346,-1.0820009618612272,1.0,0.0,0.0,0.0,0.0,0.0,0.0,1.0,0.0,0.0,0.0,0.0,1.0,0.0,0.0,0.0,0.0,1.0,0.0,0.0,Placed
1.248451092782051,2.4262578607188194,0.24378231377120335,-0.1797796163894137,0.035130796683576736,0.7848562351263942,0.3019700722711672,1.7717438388714135,0.9836216824784524,-0.2640959614353361,0.4578350082192571,-0.5266401087114686,0.014866967225331394,1.7753484763876453,0.8129600978551934,0.7871931737178526,1.653336957308952,0.0,0.0,0.0,0.0,1.0,0.0,0.0,1.0,0.0,0.0,0.0,0.0,1.0,0.0,0.0,0.0,0.0,0.0,0.0,1.0,Placed
1.248451092782051,-0.45377781899815767,-0.07274196955760215,-0.1797796163894137,0.035130796683576736,1.7700314256616172,1.4784768473536365,1.513741867777393,1.6230186689706243,0.5529274954175968,1.7275046267950056,1.5655094558251763,-0.07067966197012095,-0.5099119596856324,0.6348475486491744,0.8375654772672267,1.653336957308952,0.0,0.0,1.0,0.0,0.0,0.0,0.0,1.0,0.0,1.0,0.0,0.0,0.0,0.0,0.0,0.0,0.0,0.0,0.0,1.0,Placed
0.031439466999425084,1.535125744573206,-0.8347448738676887,0.9497258268948607,-1.8385116931071779,1.7700314256616172,0.3019700722711672,1.240103413586765,-0.250414501451439,1.647289189917857,0.3894096994337384,0.16816970976933615,0.19373719190673014,1.3071874842754108,0.8278028102890286,0.7116347183937901,0.570170563251588,0.0,0.0,0.0,0.0,1.0,0.0,0.0,1.0,0.0,0.0,1.0,0.0,0.0,0.0,0.0,0.0,1.0,0.0,0.0,0.0,Placed
-1.1855721587832007,0.10156538381722308,2.119481770534493,-0.1797796163894137,0.9719520415789541,2.75520661619684,-0.874536702811302,1.2244669304901574,1.6230186689706243,0.6578662880409097,0.9824290422415727,0.5850556008578183,-1.0350234819915762,0.600978530072211,1.4437753762931762,0.14074861150087797,1.317418265481035,0.0,0.0,0.0,1.0,0.0,0.0,0.0,1.0,0.0,0.0,0.0,1.0,0.0,0.0,0.0,0.0,1.0,0.0,0.0,0.0,Placed
-1.1855721587832007,-1.6032090992439472,1.3692019878291766,-1.309285059673688,0.035130796683576736,-0.20031895540882869,-0.874536702811302,0.41918805101488094,1.6230186689706243,0.20063297732504726,-0.8574514828801706,-1.2368901453807357,-1.291663369577931,-0.9463332235190709,-0.9904294628557451,-0.06913598662151631,0.4810492776645899,0.0,0.0,0.0,1.0,0.0,0.0,0.0,1.0,0.0,0.0,0.0,0.0,1.0,0.0,0.0,0.0,0.0,1.0,0.0,0.0,Placed
1.248451092782051,-0.9574611889935041,-0.717513657819983,-0.1797796163894137,-1.8385116931071779,0.7848562351263942,0.3019700722711672,-0.2219077559460192,0.4848920330145586,-0.16665279685654608,-1.6709523762191232,-0.23327596313068458,-0.5139667405283708,-0.3353434541522568,-0.8716877633850664,0.1911209150502521,-0.3210422926183952,0.0,0.0,0.0,1.0,0.0,0.0,0.0,1.0,0.0,0.0,0.0,0.0,0.0,0.0,1.0,0.0,0.0,0.0,1.0,0.0,Placed
1.248451092782051,-1.1124406874536106,0.8299383940097315,0.9497258268948607,0.9719520415789541,0.7848562351263942,0.3019700722711672,-0.7457299396823645,0.05010208219988193,-0.3090697297024707,1.1496909081617315,-1.3526917817942032,0.3181686525546594,0.6406531904207053,-0.5006199525391942,-1.236094352182029,-0.7872151710734636,1.0,0.0,0.0,0.0,0.0,0.0,1.0,0.0,0.0,1.0,0.0,0.0,0.0,0.0,0.0,0.0,0.0,1.0,0.0,0.0,Placed
1.248451092782051,1.134762040217933,-1.6788096294111694,-1.309285059673688,0.9719520415789541,-0.20031895540882869,2.654983622436106,1.4121047276494456,1.0987131400470431,-2.160489856699485,0.42742375987013803,-1.8776592002019228,1.2280737085426459,-0.7241551255675024,-0.9607440379880754,0.056794772251920256,0.8032570024791215,0.0,1.0,0.0,0.0,0.0,0.0,1.0,0.0,0.0,0.0,0.0,0.0,0.0,1.0,0.0,0.0,0.0,0.0,0.0,1.0,Placed
-1.1855721587832007,-0.0017542818228479195,0.361013529818909,-0.1797796163894137,-0.9016904482118007,-1.1854941459440516,0.3019700722711672,-0.40954555310530744,-0.42305168780432556,1.5648372814281108,-0.5001193147780136,1.3416262920924722,-2.1237987626609613,-0.19251467689767715,-0.5674121584914505,-1.6138866288023386,-1.3699312691422987,0.0,0.0,0.0,1.0,0.0,0.0,1.0,0.0,0.0,0.0,0.0,0.0,0.0,0.0,1.0,1.0,0.0,0.0,0.0,0.0,Placed
-1.1855721587832007,-0.2083936131029899,0.7713227859858787,-0.1797796163894137,-1.8385116931071779,-1.1854941459440516,0.3019700722711672,0.10645838908273464,0.27389102747214206,-0.6538686197504973,-0.7510121136582512,-0.7968439270095593,-0.10178752713210272,-0.5337167558947288,0.09308854481420126,1.022263923614934,0.44677186013112896,0.0,0.0,0.0,1.0,0.0,0.0,1.0,0.0,0.0,0.0,0.0,0.0,1.0,0.0,0.0,0.0,0.0,0.0,0.0,1.0,Placed
1.248451092782051,0.82480304329772,-0.5182205905388831,-1.309285059673688,0.9719520415789541,0.7848562351263942,-0.874536702811302,0.7319177129470272,0.23552720828261123,0.21562423341409212,1.1496909081617315,0.3843327644078085,0.038197866096817995,0.950115541138961,0.2712010940202203,-0.6316267095895332,0.6524363653318943,0.0,1.0,0.0,0.0,0.0,0.0,1.0,0.0,0.0,0.0,0.0,0.0,0.0,1.0,0.0,0.0,1.0,0.0,0.0,0.0,Placed
-1.1855721587832007,0.3986094225324263,0.4665216242618447,-0.1797796163894137,0.9719520415789541,-1.1854941459440516,0.3019700722711672,0.41136980946657664,1.1306829893716517,0.6878488002189984,-0.04395058954121783,-0.12519443581144893,-0.5450746056903526,1.1564237749511326,-0.3225074033331751,-0.05234521877172453,-0.2524874575514734,0.0,1.0,0.0,0.0,0.0,0.0,0.0,1.0,0.0,0.0,0.0,0.0,0.0,0.0,1.0,0.0,0.0,1.0,0.0,0.0,Placed
1.248451092782051,1.1605919566279501,-0.8347448738676887,2.079231270179135,0.035130796683576736,-1.1854941459440516,1.4784768473536365,-1.0271866354212957,-1.8808768170064771,-1.0511369061101807,-1.3060173960296864,1.7585121831809554,0.7381248322414227,1.3151224163451103,0.9391231535427902,0.686448566619103,-0.9997351597809212,0.0,0.0,0.0,1.0,0.0,0.0,1.0,0.0,0.0,0.0,0.0,0.0,0.0,0.0,1.0,0.0,0.0,0.0,1.0,0.0,Placed
0.031439466999425084,-0.02758419823286624,0.9120002452431257,0.9497258268948607,0.9719520415789541,2.75520661619684,1.4784768473536365,1.576287800163822,1.6230186689706243,1.6697760740514238,1.7275046267950056,1.7585121831809554,1.7724613488773382,-0.2401242693158711,-0.797474201215892,-0.4973005667912013,1.5230827706818002,0.0,0.0,1.0,0.0,0.0,0.0,0.0,1.0,0.0,0.0,0.0,1.0,0.0,0.0,0.0,0.0,0.0,0.0,0.0,1.0,Placed
1.248451092782051,0.24362992407231984,-0.7761292658438359,-0.1797796163894137,0.035130796683576736,-1.1854941459440516,-0.874536702811302,-0.46427324394343217,-0.570112994697525,-0.22661782121272445,1.1268824718998907,1.248984982961699,-1.8204970773316327,-1.6208024494434758,-0.2705579098147528,1.2321485217373283,-0.005690051310555373,0.0,0.0,0.0,1.0,0.0,0.0,1.0,0.0,0.0,0.0,1.0,0.0,0.0,0.0,0.0,0.0,0.0,0.0,1.0,0.0,Placed
1.248451092782051,-1.2545052277087074,1.0175083396860598,-0.1797796163894137,-0.9016904482118007,1.7700314256616172,-0.874536702811302,-1.4493716790296938,-1.5675722936253131,0.6128925197737752,0.41221813569557797,0.7008572372712858,1.2047428096711592,-1.4144942156313054,-0.9384799693373232,-1.0765820576090088,-1.8292486640906744,0.0,0.0,1.0,0.0,0.0,0.0,1.0,0.0,0.0,0.0,0.0,1.0,0.0,0.0,0.0,0.0,0.0,1.0,0.0,0.0,Placed
0.031439466999425084,1.6771902848283051,-2.3704738040926316,-1.309285059673688,0.035130796683576736,-0.20031895540882869,-0.874536702811302,0.33318739398354,0.40177042477057645,0.46297995888332866,1.6362708817476463,-2.047501600275008,-0.7161678640812562,-0.2956687938037624,1.250820114653323,0.33384244177348044,0.323373157010669,0.0,0.0,1.0,0.0,0.0,0.0,0.0,1.0,0.0,0.0,1.0,0.0,0.0,0.0,0.0,0.0,0.0,1.0,0.0,0.0,Not Placed
-1.1855721587832007,-0.42794790258814047,-0.38926625288640765,0.9497258268948607,0.9719520415789541,0.7848562351263942,-0.874536702811302,0.3488238770801476,0.2802849973370634,-0.38402601014769394,-0.8498486707928911,-1.3604118908884346,0.1548523604542521,0.354995635911545,0.8723309475905328,-0.060740602696621016,-0.053678435857400814,0.0,0.0,1.0,0.0,0.0,0.0,0.0,1.0,0.0,1.0,0.0,0.0,0.0,0.0,0.0,0.0,0.0,0.0,0.0,1.0,Placed
1.248451092782051,1.3930612043181094,-1.0692073059631,-0.1797796163894137,0.035130796683576736,0.7848562351263942,0.3019700722711672,0.24718673695220025,-0.5892949042922904,0.05072041643460074,0.8303728004959742,0.1836099279577976,0.10041359642078264,1.2833826880663144,0.34541465618939476,-1.4040020306799443,-1.842959631104059,0.0,0.0,0.0,0.0,0.0,1.0,1.0,0.0,0.0,0.0,0.0,0.0,0.0,0.0,1.0,0.0,1.0,0.0,0.0,0.0,Placed
-1.1855721587832007,-1.2803351441187256,1.0878470693146842,-0.1797796163894137,0.9719520415789541,0.7848562351263942,-0.874536702811302,0.20809552921068197,-0.5445371152378385,-0.6688598758395421,1.2105134048599706,-2.086102145746164,-1.0116925831200891,0.2677113831448577,-0.3299287595500932,-0.19506674549495287,-0.7255158195132341,1.0,0.0,0.0,0.0,0.0,0.0,0.0,1.0,0.0,0.0,1.0,0.0,0.0,0.0,0.0,0.0,0.0,0.0,0.0,1.0,Placed
1.248451092782051,0.19197009125228548,-0.4361587393054889,0.9497258268948607,0.035130796683576736,-1.1854941459440516,0.3019700722711672,0.3175509108869336,-0.7043863618608811,0.6803531721744766,0.6783165587503756,-0.5806808723710869,0.9092180906323263,0.18836206244786893,-0.4412491028038549,-0.13629905802068223,-0.7118048524998496,1.0,0.0,0.0,0.0,0.0,0.0,0.0,1.0,0.0,0.0,0.0,1.0,0.0,0.0,0.0,0.0,1.0,0.0,0.0,0.0,Placed
-1.1855721587832007,-0.9703761471985126,0.16172046253780908,-0.1797796163894137,0.035130796683576736,0.7848562351263942,0.3019700722711672,1.0602838579757812,0.3761945453108892,-1.0436412780656583,-0.9258767916656898,0.6468164736116674,0.0848596638397912,-2.0572237132769144,0.14503803833262358,0.7284254862435819,0.8375344200125824,0.0,0.0,1.0,0.0,0.0,0.0,1.0,0.0,0.0,0.0,0.0,0.0,0.0,1.0,0.0,0.0,0.0,1.0,0.0,0.0,Placed
-1.1855721587832007,-1.370739851553788,-0.5064974689341133,2.079231270179135,-0.9016904482118007,-1.1854941459440516,0.3019700722711672,-0.8395488382620087,-0.6979923919959593,-0.07670526032227794,0.4654378203065377,0.6545365827058992,0.17040629303524354,0.8866360845813702,-0.4486704590207719,0.13235322757598147,-0.5335622813258533,0.0,0.0,1.0,0.0,0.0,0.0,0.0,1.0,0.0,0.0,0.0,0.0,1.0,0.0,0.0,0.0,0.0,0.0,0.0,1.0,Placed
1.248451092782051,-0.5054376518181932,-0.5064974689341133,-1.309285059673688,1.9087732864743314,-1.1854941459440516,-0.874536702811302,-0.3939090700086999,-1.1455702825404797,1.347464068136964,-0.25682932798505564,-0.42627869048646366,0.04597483238731316,-0.3750181145007512,-0.6193616520098729,0.4849593524216041,-1.315087401088761,0.0,0.0,1.0,0.0,0.0,0.0,0.0,1.0,0.0,0.0,0.0,0.0,0.0,1.0,0.0,0.0,0.0,1.0,0.0,0.0,Placed
1.248451092782051,0.682738503042621,1.3340326230148654,-1.309285059673688,0.035130796683576736,-0.20031895540882869,-0.874536702811302,1.7717438388714135,1.6230186689706243,-2.1305073445213956,-0.462105254341614,0.06780829154433016,-0.07845662826061611,0.029663421053891293,-1.2279128617971033,0.12395784365108618,1.1048982767735778,0.0,0.0,0.0,0.0,1.0,0.0,1.0,0.0,0.0,0.0,0.0,1.0,0.0,0.0,0.0,0.0,0.0,0.0,0.0,1.0,Placed
1.248451092782051,0.8764628761177544,0.17344358414258065,0.9497258268948607,1.9087732864743314,-1.1854941459440516,0.3019700722711672,1.7717438388714135,1.6230186689706243,1.6322979338288122,-0.16559558293769736,1.7585121831809554,0.5514776412695277,0.2439065869357613,1.3769831703409188,0.8795423968917055,1.653336957308952,0.0,0.0,0.0,0.0,1.0,0.0,0.0,1.0,0.0,0.0,0.0,0.0,1.0,0.0,0.0,0.0,1.0,0.0,0.0,0.0,Placed
0.031439466999425084,-0.0017542818228479195,-0.0024032399289777785,-1.309285059673688,0.035130796683576736,-0.20031895540882869,0.3019700722711672,-0.36263610381548483,0.593589520718228,-0.8562505769526002,0.02447471924430089,-0.7273629451614795,-0.7706066281147257,-0.5733914162432232,-0.08502400439181675,0.8375654772672267,-0.636394533926236,1.0,0.0,0.0,0.0,0.0,0.0,0.0,1.0,0.0,0.0,1.0,0.0,0.0,0.0,0.0,0.0,0.0,0.0,0.0,1.0,Placed
1.248451092782051,-0.04049915643787483,0.4899678674713845,2.079231270179135,0.9719520415789541,1.7700314256616172,-0.874536702811302,-0.0889976496248568,0.20355735895800262,1.047638946356071,1.4233921433038084,0.19133003705202942,-0.01624089793665148,-0.16870988068858073,0.6571116172999276,-1.1269543611583837,0.3439396075307463,0.0,0.0,0.0,0.0,0.0,1.0,1.0,0.0,0.0,0.0,0.0,0.0,0.0,1.0,0.0,0.0,1.0,0.0,0.0,0.0,Placed
1.248451092782051,-1.680698848474,0.5603065971000089,-0.1797796163894137,-0.9016904482118007,0.7848562351263942,1.4784768473536365,-1.2539156403221023,-1.235085860649384,-0.15915716881202416,-0.7358064894836921,0.07552840063856198,-0.6383982011763001,-0.08936055999159193,-0.6267830082267909,-0.27902058474391056,-1.7949712465572136,0.0,0.0,0.0,1.0,0.0,0.0,1.0,0.0,0.0,0.0,0.0,0.0,0.0,0.0,1.0,0.0,0.0,1.0,0.0,0.0,Not Placed
1.248451092782051,2.6199822337939507,-0.01412636153374934,2.079231270179135,0.9719520415789541,-1.1854941459440516,-0.874536702811302,1.7717438388714135,1.6230186689706243,1.7297410984076023,0.5870828137030162,0.013767527884712884,1.7724613488773382,1.6801292915512585,1.25824147087024,0.5773085755954583,1.653336957308952,0.0,1.0,0.0,0.0,0.0,0.0,1.0,0.0,0.0,0.0,0.0,0.0,0.0,0.0,1.0,0.0,1.0,0.0,0.0,0.0,Not Placed
-1.1855721587832007,-0.996206063608531,-0.40098937449117755,-0.1797796163894137,0.035130796683576736,-0.20031895540882869,0.3019700722711672,-0.49554621013664724,1.2585623866700861,1.347464068136964,-2.4312335849471163,-0.18695530856529802,-1.2761094369969401,-0.5257818238250304,0.07824583238036616,-1.6894450841264004,0.17940800337013363,0.0,1.0,0.0,0.0,0.0,0.0,0.0,1.0,0.0,0.0,0.0,0.0,0.0,1.0,0.0,1.0,0.0,0.0,0.0,0.0,Not Placed
-1.1855721587832007,-0.9316312725834858,-0.3658200096768662,-0.1797796163894137,0.9719520415789541,-0.20031895540882869,-0.874536702811302,-1.1288237755492436,-1.4396928963268787,-0.6838511319285869,-2.096709853106799,-1.3758521090768971,-0.47508190907589276,-0.4940420955462344,-0.4560918152376889,0.7284254862435819,-0.6912384019797732,0.0,0.0,0.0,0.0,1.0,0.0,1.0,0.0,0.0,0.0,0.0,1.0,0.0,0.0,0.0,1.0,0.0,0.0,0.0,0.0,Not Placed
1.248451092782051,-1.0349509382235567,-0.4947743473293417,-0.1797796163894137,0.035130796683576736,2.75520661619684,-0.874536702811302,1.4355594522943564,0.2099513288229249,0.9352045256882361,1.4994202641766077,-0.4571591268633887,0.9792107872467861,-0.10523042413098992,-0.17408027899482628,1.047450075389621,1.4545279356148784,0.0,0.0,0.0,1.0,0.0,0.0,0.0,1.0,0.0,0.0,1.0,0.0,0.0,0.0,0.0,0.0,0.0,1.0,0.0,0.0,Placed
0.031439466999425084,-0.06632907284789201,0.4079060162379919,-1.309285059673688,-0.9016904482118007,-0.20031895540882869,0.3019700722711672,-0.6831840072959354,-1.2926315894336793,-0.2790872175243809,0.06248877968070054,-0.5806808723710869,0.823671461436874,-2.1048333056951076,1.250820114653323,-0.7155805488384909,-0.9106138741939226,0.0,0.0,0.0,0.0,0.0,1.0,1.0,0.0,0.0,0.0,0.0,0.0,0.0,0.0,1.0,0.0,0.0,0.0,0.0,1.0,Not Placed
0.031439466999425084,-1.202845394888672,1.240247650176701,-1.309285059673688,0.9719520415789541,-0.20031895540882869,-0.874536702811302,-0.8864582875518301,-0.8322657591593154,-0.6388773636614524,-1.3364286443788058,0.2530909098058785,-0.9805847179581068,-0.44643250312804156,-0.3596141844177624,-2.2771219588691043,-1.1848332144616098,0.0,0.0,0.0,1.0,0.0,0.0,0.0,1.0,0.0,0.0,1.0,0.0,0.0,0.0,0.0,0.0,0.0,1.0,0.0,0.0,Placed
0.031439466999425084,0.6439936284275952,1.8732962168343121,0.9497258268948607,0.035130796683576736,-1.1854941459440516,-0.874536702811302,0.8570095777198854,0.8365603755852531,1.7297410984076023,0.44262938404469704,-0.0479933448691373,1.7724613488773382,-1.4541688759797997,0.4418922870093213,0.845960861192122,0.30280670649059266,0.0,1.0,0.0,0.0,0.0,0.0,1.0,0.0,0.0,0.0,0.0,0.0,0.0,0.0,1.0,0.0,0.0,0.0,0.0,1.0,Placed
1.248451092782051,-0.0017542818228479195,0.8182152724049615,-1.309285059673688,0.9719520415789541,-1.1854941459440516,-0.874536702811302,0.4895522249496132,1.2841382661297733,0.2605980016812267,1.7275046267950056,-0.16379498128260475,-0.2806577518135026,-1.0256825442160598,-1.257598286664773,0.4849593524216041,0.9335111891062733,1.0,0.0,0.0,0.0,0.0,0.0,0.0,1.0,0.0,1.0,0.0,0.0,0.0,0.0,0.0,0.0,1.0,0.0,0.0,0.0,Not Placed
-1.1855721587832007,0.4502692553524618,-1.0574841843583282,0.9497258268948607,0.035130796683576736,0.7848562351263942,2.654983622436106,-1.6291912346406776,-1.1136004332158709,1.7297410984076023,-0.7510121136582512,0.06008818245009943,0.7770096636939007,-1.7874360229071524,0.4047855059247341,-0.9590466826604681,-1.4659080382359893,0.0,0.0,0.0,0.0,1.0,0.0,0.0,1.0,0.0,0.0,0.0,0.0,1.0,0.0,0.0,1.0,0.0,0.0,0.0,0.0,Placed
-1.1855721587832007,0.8118880850927115,0.99406209647652,-1.309285059673688,0.9719520415789541,-0.20031895540882869,-0.874536702811302,-0.8786400460035269,-0.6596285728064294,-1.0136587658875693,0.05488596759342104,-0.8972053452345647,0.19373719190673014,0.05346821726298771,-1.3540759174847001,-0.4721144150165131,-0.9311803247139995,1.0,0.0,0.0,0.0,0.0,0.0,1.0,0.0,0.0,0.0,1.0,0.0,0.0,0.0,0.0,0.0,1.0,0.0,0.0,0.0,Placed
0.031439466999425084,-0.36337311156309643,-1.8312102102731864,-0.1797796163894137,-0.9016904482118007,-0.20031895540882869,1.4784768473536365,-1.386825746643264,-2.098271792413816,1.137586482890338,-0.8802599191420102,0.052368073355868704,-0.45952797649490135,-0.3512133182916548,0.03371769507886192,1.1733808342630576,-2.220011223972129,0.0,0.0,1.0,0.0,0.0,0.0,0.0,1.0,0.0,0.0,1.0,0.0,0.0,0.0,0.0,1.0,0.0,0.0,0.0,0.0,Placed
-1.1855721587832007,-0.11798890566792751,0.8768308804288144,-0.1797796163894137,-0.9016904482118007,-0.20031895540882869,0.3019700722711672,-0.8082758720687936,-1.004902945512202,1.6322979338288122,-1.2527977114187272,-1.9471401820500032,-0.6617291000477867,-0.27979892966436554,-0.8568450509512313,-0.7995343880874486,-1.1437003134214565,0.0,1.0,0.0,0.0,0.0,0.0,1.0,0.0,0.0,0.0,0.0,0.0,0.0,1.0,0.0,1.0,0.0,0.0,0.0,0.0,Placed
0.031439466999425084,0.16614017484226717,-0.38926625288640765,-0.1797796163894137,1.9087732864743314,-0.20031895540882869,0.3019700722711672,1.20883044739355,1.2010166578857913,-0.6013992234388408,-0.834643046618331,0.5464550553866625,1.2358506748331408,0.06140314933268727,-0.20376570386249648,-0.6148359417397414,1.0637653757334251,0.0,0.0,0.0,1.0,0.0,0.0,1.0,0.0,0.0,0.0,1.0,0.0,0.0,0.0,0.0,1.0,0.0,0.0,0.0,0.0,Placed
-1.1855721587832007,-0.8283116069434148,-2.487705020140337,-0.1797796163894137,0.035130796683576736,-1.1854941459440516,0.3019700722711672,-1.597918268447463,-1.4205109867321137,0.6428750319518649,-1.2147836509823275,-1.3681319999826658,-1.08168527973455,-1.5890627211646804,-0.4857772401053591,-1.8573527626243158,-1.5961622248631404,0.0,0.0,0.0,0.0,0.0,1.0,1.0,0.0,0.0,0.0,1.0,0.0,0.0,0.0,0.0,1.0,0.0,0.0,0.0,0.0,Not Placed
1.248451092782051,-0.014669240027856507,-1.6788096294111694,-0.1797796163894137,0.9719520415789541,0.7848562351263942,1.4784768473536365,1.5684695586155188,0.5871955508533058,-0.6838511319285869,1.0812655993762117,1.0405420374174574,-0.9961386505390981,-0.4226277069189452,1.6293092817161121,-1.4459789503044231,1.3242737489877277,0.0,1.0,0.0,0.0,0.0,0.0,1.0,0.0,0.0,0.0,0.0,1.0,0.0,0.0,0.0,1.0,0.0,0.0,0.0,0.0,Placed
1.248451092782051,-0.7120769830983351,-0.025849483138519234,-0.1797796163894137,0.035130796683576736,-1.1854941459440516,0.3019700722711672,-0.3313631376222709,-0.9409632468629848,-0.45148666254839426,-0.5837502477380935,-1.244610254474967,0.559254607560024,0.42641002453883536,-0.30766469089934007,1.2489392895871199,-0.8146371051002322,1.0,0.0,0.0,0.0,0.0,0.0,1.0,0.0,0.0,0.0,0.0,0.0,1.0,0.0,0.0,0.0,1.0,0.0,0.0,0.0,Placed
-1.1855721587832007,-0.49252269361318457,-0.5651130769579661,-1.309285059673688,-0.9016904482118007,-0.20031895540882869,0.3019700722711672,-0.19063478975280412,0.3378307261213592,0.6128925197737752,-0.47731087851617404,-2.3331456367615613,-2.481539212023759,-1.8667853436041413,-0.4486704590207719,-1.0681866736841135,-0.14965520495109072,0.0,1.0,0.0,0.0,0.0,0.0,0.0,1.0,0.0,0.0,0.0,0.0,1.0,0.0,0.0,0.0,0.0,0.0,0.0,1.0,Not Placed
0.031439466999425084,0.3727795061224092,0.18516670574735056,-0.1797796163894137,0.035130796683576736,-1.1854941459440516,1.4784768473536365,0.7319177129470272,0.3761945453108892,0.06571167252364561,0.26016189394997935,-0.39539825410953966,1.5858141579054432,0.005858624844794876,-1.0869070936756722,-0.48890518286630485,-0.46500744625893153,0.0,0.0,1.0,0.0,0.0,0.0,0.0,1.0,0.0,0.0,0.0,0.0,0.0,1.0,0.0,0.0,0.0,0.0,0.0,1.0,Placed
0.031439466999425084,-1.6290390156539645,0.5720297187047787,0.9497258268948607,0.9719520415789541,-0.20031895540882869,0.3019700722711672,-0.7222752150374537,-0.10974716442316103,0.7628050806642217,0.7315362433613353,1.156343673830925,0.49703887723605816,0.585108665932813,-0.8568450509512313,-0.0859267544713081,-0.4170190617120861,0.0,0.0,0.0,0.0,0.0,1.0,0.0,1.0,0.0,0.0,1.0,0.0,0.0,0.0,0.0,0.0,0.0,0.0,1.0,0.0,Placed
1.248451092782051,1.8579996996984278,-0.0024032399289777785,2.079231270179135,0.035130796683576736,0.7848562351263942,1.4784768473536365,1.6466519740985555,1.6230186689706243,1.6772717020959456,1.5830511971366865,0.48469418263281344,0.5359237086885362,1.7753484763876453,1.7035228438852867,0.5689131916705618,1.529938254188493,0.0,0.0,0.0,0.0,0.0,1.0,0.0,1.0,0.0,0.0,0.0,1.0,0.0,0.0,0.0,0.0,1.0,0.0,0.0,0.0,Placed
0.031439466999425084,0.5535889209925329,1.1230164341289954,-1.309285059673688,-0.9016904482118007,-0.20031895540882869,0.3019700722711672,-1.9419208965728239,-1.7466034498431213,1.4598984888047988,0.1461197126407804,0.013767527884712884,0.450377079493085,-2.4539703167618585,-0.30024333468242304,0.7452162540933737,-1.609873191876525,0.0,1.0,0.0,0.0,0.0,0.0,1.0,0.0,0.0,0.0,0.0,0.0,0.0,0.0,1.0,0.0,0.0,1.0,0.0,0.0,Placed
-1.1855721587832007,0.8506329597077372,1.8264037304152292,-1.309285059673688,0.035130796683576736,-1.1854941459440516,-0.874536702811302,-2.364105940181221,-1.9384225457907729,-1.6133090094493552,0.3513956389973387,-0.7273629451614795,-0.48285887536638794,0.370865500050943,0.07082447616344914,0.6276808791448324,-1.6372951259032935,1.0,0.0,0.0,0.0,0.0,0.0,1.0,0.0,0.0,0.0,0.0,0.0,0.0,0.0,1.0,1.0,0.0,0.0,0.0,0.0,Not Placed
1.248451092782051,0.4373542971474532,-0.7878523874486058,2.079231270179135,0.035130796683576736,0.7848562351263942,1.4784768473536365,0.9430102347512263,0.7534387673412709,1.2125427633355612,0.2677647060372589,0.7626181100251349,-0.2495498866515197,1.7753484763876453,-0.3670355406346804,0.8711470129668103,1.2557189139208058,0.0,1.0,0.0,0.0,0.0,0.0,1.0,0.0,0.0,1.0,0.0,0.0,0.0,0.0,0.0,0.0,0.0,0.0,0.0,1.0,Placed
0.031439466999425084,1.509295828163189,1.8264037304152292,-0.1797796163894137,0.9719520415789541,-0.20031895540882869,-0.874536702811302,0.3097326693386293,-0.4997793261833864,1.1001083426677263,1.6590793180094858,0.2608110189001092,1.756907416296347,0.2994511114236537,1.7035228438852867,0.39261012924775107,-0.32789777612508797,0.0,0.0,0.0,1.0,0.0,0.0,1.0,0.0,0.0,0.0,0.0,0.0,0.0,1.0,0.0,0.0,0.0,0.0,1.0,0.0,Placed
1.248451092782051,0.20488504945729408,0.19688982735212043,2.079231270179135,0.035130796683576736,0.7848562351263942,1.4784768473536365,-0.13590709891467942,-0.28877832064096987,1.2425252755136509,-1.055124597149449,0.6390963645174367,0.7147939333699361,1.7753484763876453,1.4511967325100932,2.247989976649716,-0.5952616328860824,0.0,0.0,0.0,1.0,0.0,0.0,1.0,0.0,0.0,1.0,0.0,0.0,0.0,0.0,0.0,1.0,0.0,0.0,0.0,0.0,Placed
1.248451092782051,-1.7194437230890267,1.1933551637576183,-0.1797796163894137,-1.8385116931071779,0.7848562351263942,-0.874536702811302,-1.9966485874109496,-1.7849672690326515,0.5229449832395081,-0.4545024422543345,0.30713167346549686,0.48926191094556304,-1.6128675173737774,-0.5896762271422037,0.526936272046083,-1.9252254331843652,0.0,1.0,0.0,0.0,0.0,0.0,0.0,1.0,0.0,0.0,1.0,0.0,0.0,0.0,0.0,1.0,0.0,0.0,0.0,0.0,Not Placed
-1.1855721587832007,0.10156538381722308,1.732618757577065,-0.1797796163894137,0.035130796683576736,-1.1854941459440516,-0.874536702811302,-0.27663544678414503,0.15240560003862905,-0.5264429429936175,-0.462105254341614,0.4152132007847325,0.302614719973668,0.6406531904207053,0.568055342696918,-0.6316267095895332,0.39192799207759077,0.0,1.0,0.0,0.0,0.0,0.0,0.0,1.0,0.0,1.0,0.0,0.0,0.0,0.0,0.0,0.0,0.0,1.0,0.0,0.0,Placed
1.248451092782051,-0.0017542818228479195,1.439540717457801,-0.1797796163894137,0.035130796683576736,0.7848562351263942,-0.874536702811302,-0.1749983066561977,-0.09056525482839606,-1.6432915216274444,-0.462105254341614,0.013767527884712884,-0.024017864227146645,-0.3750181145007512,-0.7158392828297995,-1.4459789503044231,0.2548183219437472,0.0,1.0,0.0,0.0,0.0,0.0,0.0,1.0,0.0,0.0,1.0,0.0,0.0,0.0,0.0,0.0,0.0,0.0,0.0,1.0,Placed
1.248451092782051,-0.04049915643787483,-0.5768361985627359,0.9497258268948607,-0.9016904482118007,-1.1854941459440516,1.4784768473536365,0.7397359544953305,1.4248056031580514,-0.04672274814418928,0.33619001482277866,-0.20239552675376057,0.14707539416375584,1.7753484763876453,0.7239038232521839,1.6938946376065955,0.9060892550795041,1.0,0.0,0.0,0.0,0.0,0.0,0.0,1.0,0.0,0.0,0.0,0.0,0.0,0.0,1.0,1.0,0.0,0.0,0.0,0.0,Placed
-1.1855721587832007,3.1236656037892967,-0.2603119152339305,-1.309285059673688,0.9719520415789541,2.75520661619684,1.4784768473536365,1.3964682445528382,1.6230186689706243,0.7403181965306549,1.7275046267950056,1.7585121831809554,1.2514046074141323,-1.0732921366342532,0.7684319605536892,1.2237531378124318,1.653336957308952,1.0,0.0,0.0,0.0,0.0,0.0,1.0,0.0,0.0,0.0,0.0,1.0,0.0,0.0,0.0,1.0,0.0,0.0,0.0,0.0,Placed
1.248451092782051,0.5019290881724974,2.0139736760915574,-1.309285059673688,0.035130796683576736,1.7700314256616172,-0.874536702811302,-0.27663544678414503,0.5871955508533058,1.7297410984076023,0.6935221829249356,0.2530909098058785,-0.7628296618242294,1.0532696580450474,0.11535261346495337,1.1565900664132658,0.385072508570899,0.0,1.0,0.0,0.0,0.0,0.0,1.0,0.0,0.0,0.0,0.0,1.0,0.0,0.0,0.0,0.0,0.0,0.0,1.0,0.0,Placed
0.031439466999425084,-1.9002531379591505,-0.5064974689341133,2.079231270179135,0.9719520415789541,-1.1854941459440516,1.4784768473536365,-0.2688172052358407,-0.14811098361269187,1.7297410984076023,0.6326996862266953,-0.7273629451614795,-0.6150673023048135,-0.43849757105834314,-1.5544525353414709,-0.27902058474391056,-0.883191940167154,0.0,0.0,0.0,0.0,0.0,1.0,0.0,1.0,0.0,0.0,0.0,0.0,0.0,0.0,1.0,0.0,0.0,1.0,0.0,0.0,Placed
-1.1855721587832007,0.4890141299674887,-0.5182205905388831,0.9497258268948607,-0.9016904482118007,-0.20031895540882869,-0.874536702811302,1.20883044739355,1.4120176634282078,1.5873241655616774,1.20291059277269,-0.2409960722249164,0.6992400007889447,0.1645572662387725,1.2879268957379102,0.23309783467473097,1.1940195623605758,0.0,0.0,0.0,0.0,1.0,0.0,0.0,1.0,0.0,0.0,0.0,0.0,0.0,0.0,1.0,0.0,1.0,0.0,0.0,0.0,Placed
-1.1855721587832007,1.096017165602905,-0.7409599010295245,0.9497258268948607,0.035130796683576736,0.7848562351263942,-0.874536702811302,0.2940961862420218,-0.5956888741572122,-0.48896480277100585,0.5262603170047769,0.052368073355868704,-1.3849869650638786,1.7753484763876453,1.2730841833040751,1.1901716021128492,-0.4170190617120861,0.0,1.0,0.0,0.0,0.0,0.0,1.0,0.0,0.0,0.0,1.0,0.0,0.0,0.0,0.0,0.0,0.0,0.0,0.0,1.0,Placed
-1.1855721587832007,-0.44086286079314907,-0.0024032399289777785,0.9497258268948607,0.035130796683576736,0.7848562351263942,-0.874536702811302,-0.15154358201128584,-0.045807465773943845,0.5529274954175968,-2.514864517907195,-0.3104770540729962,0.014866967225331394,1.4817559898087864,0.4567349994431564,-2.4786111730666027,0.6524363653318943,0.0,0.0,0.0,0.0,0.0,1.0,0.0,1.0,0.0,0.0,0.0,1.0,0.0,0.0,0.0,0.0,0.0,1.0,0.0,0.0,Not Placed
-1.1855721587832007,1.509295828163189,-1.174715400406034,0.9497258268948607,0.9719520415789541,-1.1854941459440516,2.654983622436106,-0.49554621013664724,-0.371899928884952,1.3024902998698293,0.5946856257902956,1.1409034556424622,0.7692326974034045,0.370865500050943,0.1969875318510459,-0.04394983484682924,-1.7058499609702154,0.0,0.0,1.0,0.0,0.0,0.0,0.0,1.0,0.0,0.0,0.0,0.0,0.0,1.0,0.0,0.0,0.0,0.0,1.0,0.0,Placed
1.248451092782051,-0.26005344592302543,-0.2603119152339305,0.9497258268948607,0.9719520415789541,-1.1854941459440516,0.3019700722711672,1.3730135199079274,1.4695633922125027,0.5079537271504633,0.2449562697754193,-0.7196428360672477,-1.773835279588659,0.3391257717721481,0.9688085784104593,1.6015454144327415,1.3585511665211885,0.0,0.0,0.0,1.0,0.0,0.0,0.0,1.0,0.0,0.0,0.0,0.0,1.0,0.0,0.0,1.0,0.0,0.0,0.0,0.0,Placed
-1.1855721587832007,1.1476769984229416,-0.14308069918622485,-1.309285059673688,-0.9016904482118007,-1.1854941459440516,0.3019700722711672,0.9351919932029219,0.5808015809883844,-0.3090697297024707,-1.0475217850621688,1.7430719649924928,-1.213893706672975,-2.4857100450406544,1.1246570589657263,-0.40495134361734714,0.45362734363782076,0.0,1.0,0.0,0.0,0.0,0.0,0.0,1.0,0.0,0.0,1.0,0.0,0.0,0.0,0.0,0.0,0.0,0.0,0.0,1.0,Placed
1.248451092782051,0.5535889209925329,0.3492904082141391,-0.1797796163894137,-0.9016904482118007,-0.20031895540882869,1.4784768473536365,0.9508284762995295,0.49128600287947993,1.1675689950684278,0.10050284011710019,-0.4725993450518513,-0.3117656169754843,0.9025059487207683,0.21183024428488098,-0.05234521877172453,0.7484131344255842,0.0,0.0,0.0,1.0,0.0,0.0,0.0,1.0,0.0,0.0,0.0,0.0,0.0,0.0,1.0,0.0,0.0,1.0,0.0,0.0,Placed
-1.1855721587832007,1.0831022073978964,0.5368603538904674,-0.1797796163894137,1.9087732864743314,-0.20031895540882869,1.4784768473536365,-0.10463413272146434,1.0283794715329047,-0.10668777250036768,0.9140037334560529,0.4152132007847325,1.7724613488773382,0.815221695954081,-0.41156367793618465,-1.25288512003182,0.22739638791697908,0.0,0.0,0.0,0.0,0.0,1.0,0.0,1.0,0.0,0.0,0.0,0.0,0.0,1.0,0.0,0.0,1.0,0.0,0.0,0.0,Placed
1.248451092782051,-1.1382706038636277,0.9706158532669785,-1.309285059673688,0.035130796683576736,2.75520661619684,0.3019700722711672,0.1377313552759486,-0.13532304388284827,0.41800619061619515,-0.09717027415217756,1.2567050920559297,0.20151415819722532,0.600978530072211,-0.08502400439181675,-0.03555445092193394,0.1656970363567491,0.0,1.0,0.0,0.0,0.0,0.0,0.0,1.0,0.0,0.0,0.0,1.0,0.0,0.0,0.0,0.0,1.0,0.0,0.0,0.0,Placed
0.031439466999425084,-0.2213085713079985,-0.22514255041961911,-0.1797796163894137,0.035130796683576736,-1.1854941459440516,0.3019700722711672,-0.8317305967137043,-1.932028575925851,0.6503706599963868,0.0852972159425412,0.4769740735385827,-1.3149942684494182,-0.7320900576372008,0.14503803833262358,0.9383100843659762,-1.6304396423966014,0.0,0.0,1.0,0.0,0.0,0.0,1.0,0.0,0.0,1.0,0.0,0.0,0.0,0.0,0.0,0.0,0.0,1.0,0.0,0.0,Placed
1.248451092782051,-0.5958423592532556,-0.2603119152339305,-0.1797796163894137,0.035130796683576736,-0.20031895540882869,-0.874536702811302,-1.4102804712881754,-1.3501773182179748,-1.4858833326924754,0.8379756125832536,-0.21783574494222202,-1.1439010100585145,0.17249219830847093,-0.02565315465647741,0.459773200646917,-1.2808099835553002,0.0,0.0,0.0,0.0,0.0,1.0,0.0,1.0,0.0,1.0,0.0,0.0,0.0,0.0,0.0,1.0,0.0,0.0,0.0,0.0,Placed
0.031439466999425084,-2.494341215389558,0.208612948956892,-0.1797796163894137,1.9087732864743314,1.7700314256616172,1.4784768473536365,-0.7144569734891494,-0.6724165125362725,1.0176564341779812,-2.1423267256304785,-0.8663249088576401,-0.26510381923251114,0.7358723752570921,-0.07760264817489973,-0.8499066916368233,-0.7186603360065418,0.0,0.0,0.0,1.0,0.0,0.0,1.0,0.0,0.0,0.0,0.0,0.0,1.0,0.0,0.0,0.0,0.0,0.0,1.0,0.0,Placed
-1.1855721587832007,-0.686247066688318,-1.3974547108966753,-0.1797796163894137,0.9719520415789541,0.7848562351263942,-0.874536702811302,0.3097326693386293,-0.19286877266714408,-0.0017489798770546838,-1.1691667784586477,0.7471778918366734,0.43482314691209356,-0.255994133455268,-0.33735011576701024,0.9131239325912891,-0.6295390504195432,0.0,0.0,1.0,0.0,0.0,0.0,0.0,1.0,0.0,0.0,0.0,0.0,1.0,0.0,0.0,0.0,1.0,0.0,0.0,0.0,Placed
1.248451092782051,-2.7138955048747087,1.439540717457801,-0.1797796163894137,0.035130796683576736,-0.20031895540882869,-0.874536702811302,-0.10463413272146434,1.0987131400470431,-1.478387704647953,-0.22641807963593658,-0.5420803268999311,-1.0350234819915762,0.18042713037817049,-1.7251437283305724,-1.2444897361069243,0.06972026726305917,0.0,0.0,1.0,0.0,0.0,0.0,0.0,1.0,0.0,0.0,0.0,0.0,0.0,0.0,1.0,0.0,0.0,0.0,1.0,0.0,Not Placed
-1.1855721587832007,-0.7637368159183706,1.1347395557337654,-0.1797796163894137,0.035130796683576736,-0.20031895540882869,-0.874536702811302,-0.05772468343164284,1.4631694223475813,-0.024235864010622513,0.4806434444810967,1.2103844374905433,0.3803843828786241,-1.7953709549768515,-0.9459013255542408,0.40940089709754285,0.7964015189724297,0.0,1.0,0.0,0.0,0.0,0.0,0.0,1.0,0.0,0.0,0.0,1.0,0.0,0.0,0.0,0.0,0.0,1.0,0.0,0.0,Placed
-1.1855721587832007,0.3469495897123908,0.5016909890761561,-0.1797796163894137,-1.8385116931071779,0.7848562351263942,-0.874536702811302,-0.15936182355959017,0.3761945453108892,-0.5039560588600507,0.03968034341886097,-0.8817651270461028,0.9947647198277775,-0.9701380197281678,-0.41156367793618465,1.5091961912588885,-0.012545534817247161,0.0,0.0,0.0,0.0,1.0,0.0,0.0,1.0,0.0,0.0,1.0,0.0,0.0,0.0,0.0,0.0,1.0,0.0,0.0,0.0,Placed
1.248451092782051,1.328486413293064,-0.8581911170772302,-0.1797796163894137,0.9719520415789541,-1.1854941459440516,0.3019700722711672,0.6224623312707757,0.6894990686920538,1.3774465803150526,-0.8118346103564914,0.6545365827058992,0.4037152817501118,0.6565230545601034,1.0059153594950465,-0.010368299147245675,1.1117537602802694,0.0,0.0,1.0,0.0,0.0,0.0,0.0,1.0,0.0,0.0,1.0,0.0,0.0,0.0,0.0,0.0,1.0,0.0,0.0,0.0,Placed
0.031439466999425084,-0.5441825264332201,-0.4830512257245718,-0.1797796163894137,-1.8385116931071779,0.7848562351263942,0.3019700722711672,-1.597918268447463,-1.887270786871399,0.23061548950313698,-0.21881526754865602,0.6931371281770551,0.030420899806321726,-1.5097134004676915,-2.007155264573435,-0.027159066997037455,-2.309132509559127,0.0,0.0,0.0,1.0,0.0,0.0,0.0,1.0,0.0,0.0,0.0,0.0,0.0,1.0,0.0,0.0,1.0,0.0,0.0,0.0,Placed
0.031439466999425084,0.9539526253478082,2.119481770534493,-0.1797796163894137,0.9719520415789541,-0.20031895540882869,0.3019700722711672,1.7717438388714135,1.6230186689706243,0.5904056356402084,0.815167176321414,0.6159360372347434,0.940325955794308,0.5454340055843185,0.3379932999724767,-0.24543904904432823,1.5847821222420302,0.0,0.0,0.0,0.0,0.0,1.0,0.0,1.0,0.0,0.0,1.0,0.0,0.0,0.0,0.0,0.0,1.0,0.0,0.0,0.0,Placed
0.031439466999425084,0.6956534612476296,1.0526777045003728,0.9497258268948607,-0.9016904482118007,-0.20031895540882869,0.3019700722711672,0.3566421186284519,0.7086809782868188,1.7297410984076023,1.7275046267950056,0.1758898188635669,0.49703887723605816,0.585108665932813,0.17472346320029378,1.2321485217373283,0.508471211691358,0.0,0.0,0.0,0.0,1.0,0.0,0.0,1.0,0.0,0.0,1.0,0.0,0.0,0.0,0.0,0.0,0.0,1.0,0.0,0.0,Placed
-1.1855721587832007,-2.1714672602643366,1.1230164341289954,-0.1797796163894137,0.9719520415789541,-1.1854941459440516,-0.874536702811302,0.6302805728190799,0.5360437919339321,-1.9730991555864268,-0.1275815225012977,-1.3449716726999725,-0.8794841561816641,0.17249219830847093,-1.7993572904997468,-0.153089825870474,0.5221821787047426,0.0,1.0,0.0,0.0,0.0,0.0,0.0,1.0,0.0,0.0,0.0,0.0,0.0,0.0,1.0,0.0,1.0,0.0,0.0,0.0,Placed
1.248451092782051,0.3727795061224092,-0.6471749281913587,0.9497258268948607,0.9719520415789541,0.7848562351263942,0.3019700722711672,-0.09681589117316113,0.7406508276114273,0.3730324223490616,-0.1275815225012977,0.4229333098789643,-0.3817583135899453,0.2994511114236537,-0.7529460639143867,2.0045238428277394,0.4124944425976681,0.0,0.0,0.0,0.0,1.0,0.0,0.0,1.0,0.0,0.0,0.0,0.0,1.0,0.0,0.0,0.0,0.0,1.0,0.0,0.0,Placed
0.031439466999425084,-0.06632907284789201,1.0644008261051427,-1.309285059673688,-0.9016904482118007,-0.20031895540882869,0.3019700722711672,-1.558827060705945,-0.23123259185667402,0.25310237363670374,-0.2796377642468963,0.7394577827424416,-2.2404532570183955,0.09314287761148211,-0.5674121584914505,0.7787977897929561,-0.4992848637923924,0.0,0.0,0.0,1.0,0.0,0.0,1.0,0.0,0.0,0.0,0.0,0.0,1.0,0.0,0.0,0.0,1.0,0.0,0.0,0.0,Not Placed
1.248451092782051,-0.7637368159183706,0.04448924649010347,-1.309285059673688,1.9087732864743314,0.7848562351263942,-0.874536702811302,-1.8011925487033582,-1.6251180224096085,-1.5383527290041321,1.7275046267950056,-0.16379498128260475,-0.3195425832659806,-0.1211002882703879,-0.9978508190726626,-1.9916789054226482,-1.0408680608210739,0.0,0.0,0.0,1.0,0.0,0.0,1.0,0.0,0.0,0.0,1.0,0.0,0.0,0.0,0.0,0.0,0.0,1.0,0.0,0.0,Placed
-1.1855721587832007,0.3340346315073823,-0.3658200096768662,-0.1797796163894137,-0.9016904482118007,-1.1854941459440516,-0.874536702811302,-0.16718006510789338,-0.0841712849634747,0.7703007087087447,0.1461197126407804,-0.8817651270461028,-1.0583543808630629,-1.2319907780282306,-0.5154626649730293,1.0390546914647256,0.1588415528500573,0.0,0.0,0.0,1.0,0.0,0.0,0.0,1.0,0.0,0.0,0.0,0.0,1.0,0.0,0.0,1.0,0.0,0.0,0.0,0.0,Not Placed
1.248451092782051,1.5222107863681975,-0.09618821276714361,-0.1797796163894137,1.9087732864743314,0.7848562351263942,0.3019700722711672,1.7091979064849845,1.5846548497810944,1.4149247205376643,1.7275046267950056,0.7085773463655176,1.7335765174248603,-1.7160216342798627,0.041139051295778946,-0.6400220935144291,1.653336957308952,0.0,1.0,0.0,0.0,0.0,0.0,1.0,0.0,0.0,0.0,0.0,0.0,0.0,0.0,1.0,0.0,0.0,0.0,1.0,0.0,Placed
-1.1855721587832007,-0.789566732328389,0.7947690291954201,-0.1797796163894137,-0.9016904482118007,0.7848562351263942,0.3019700722711672,-0.730093456585757,0.6575292193674451,1.6098110496952454,0.9824290422415727,-0.5111998905230071,0.8158944951463788,-0.05762083171279595,-0.21860841629633157,1.542777726958472,-0.47186292976562333,0.0,0.0,0.0,0.0,0.0,1.0,0.0,1.0,0.0,0.0,0.0,0.0,0.0,1.0,0.0,0.0,0.0,0.0,0.0,1.0,Not Placed
-1.1855721587832007,-1.8098484305240892,-0.6002824417722774,-0.1797796163894137,0.035130796683576736,2.75520661619684,0.3019700722711672,0.5051887080462207,0.36980057544596784,1.0026651780889364,-1.3820455169024857,-0.6887623996903236,-1.0661313471535585,0.6644579866298018,-1.168542012061764,0.2163070668249392,0.9266557055995814,0.0,1.0,0.0,0.0,0.0,0.0,1.0,0.0,0.0,1.0,0.0,0.0,0.0,0.0,0.0,0.0,1.0,0.0,0.0,0.0,Placed
1.248451092782051,-0.28588336233304257,0.6658146915429429,-0.1797796163894137,0.035130796683576736,-0.20031895540882869,-0.874536702811302,-0.6910022488442387,0.6767111289622101,-0.17414842490106902,-1.4048539531643258,0.13728927339241107,1.119196180475707,0.0693380814023857,0.5828980551307531,-0.8247205398621357,-0.17022165547116708,0.0,0.0,1.0,0.0,0.0,0.0,1.0,0.0,0.0,0.0,0.0,0.0,1.0,0.0,0.0,0.0,0.0,1.0,0.0,0.0,Placed
0.031439466999425084,-0.7637368159183706,-0.9050836034963113,0.9497258268948607,0.9719520415789541,-1.1854941459440516,-0.874536702811302,-0.8708218044552226,-1.2095099811896968,1.7297410984076023,1.058457163114372,0.6545365827058992,0.598139439012502,0.33119083970244856,-1.5099243980399661,0.9047285486663926,-0.9517467752340758,0.0,0.0,0.0,1.0,0.0,0.0,0.0,1.0,0.0,0.0,0.0,0.0,0.0,1.0,0.0,0.0,0.0,1.0,0.0,0.0,Placed
1.248451092782051,-0.36337311156309643,-0.2485887936291606,-1.309285059673688,-0.9016904482118007,0.7848562351263942,-0.874536702811302,-0.21408951439771598,0.06289002192972463,0.7852919647977895,0.7315362433613353,-0.6192814178422428,0.6992400007889447,-0.9066585631705765,-0.2705579098147528,-1.4963512538537973,0.1931189703835182,0.0,0.0,0.0,0.0,1.0,0.0,1.0,0.0,0.0,0.0,0.0,0.0,0.0,1.0,0.0,0.0,0.0,0.0,1.0,0.0,Placed
1.248451092782051,-0.49252269361318457,1.240247650176701,2.079231270179135,0.035130796683576736,-0.20031895540882869,0.3019700722711672,1.513741867777393,0.5360437919339321,1.7297410984076023,0.9140037334560529,0.5310148371982,1.648029888229409,1.2199032315087235,1.7035228438852867,-1.6138866288023386,0.6798582993586625,0.0,0.0,0.0,0.0,0.0,1.0,1.0,0.0,0.0,0.0,0.0,0.0,0.0,1.0,0.0,0.0,1.0,0.0,0.0,0.0,Placed
1.248451092782051,0.8377180015027287,0.3375672866093675,-0.1797796163894137,0.035130796683576736,-1.1854941459440516,-0.874536702811302,-0.7848211474238828,-0.4550215371289342,-0.4065128942812607,-0.7814233620073713,-0.5575205450883937,-0.4906358416568831,0.9263107449298646,0.011453626428109806,1.4252423520099307,-0.8146371051002322,0.0,1.0,0.0,0.0,0.0,0.0,0.0,1.0,0.0,0.0,0.0,0.0,1.0,0.0,0.0,1.0,0.0,0.0,0.0,0.0,Placed
1.248451092782051,-1.2803351441187256,-0.6706211714009002,-0.1797796163894137,-0.9016904482118007,1.7700314256616172,-0.874536702811302,0.028275973599698065,0.312254846661672,-0.6988423880176319,-0.34046026094513554,-0.2409960722249164,-0.43619707762341475,1.148488842881433,-1.2872837115324427,-0.7071851649135951,-0.3484642266451643,0.0,0.0,0.0,0.0,0.0,1.0,1.0,0.0,0.0,0.0,0.0,0.0,0.0,0.0,1.0,1.0,0.0,0.0,0.0,0.0,Placed
-1.1855721587832007,-1.7065287648840182,0.2203360705616619,-0.1797796163894137,0.035130796683576736,-0.20031895540882869,-0.874536702811302,-1.9028296888313057,-0.8386597290242372,-1.2685101194013282,-1.2071808388950473,-1.136528727155731,0.20929112448772158,-0.010011239294603113,-1.5544525353414709,-1.5719097091778598,-0.7803596875667713,1.0,0.0,0.0,0.0,0.0,0.0,0.0,0.0,1.0,0.0,0.0,1.0,0.0,0.0,0.0,0.0,1.0,0.0,0.0,0.0,Placed
1.248451092782051,-0.28588336233304257,-0.0024032399289777785,2.079231270179135,0.035130796683576736,-1.1854941459440516,-0.874536702811302,1.6779249402917693,1.6230186689706243,-0.98367625370948,0.8379756125832536,1.1023029101713064,0.6448012367554752,1.7753484763876453,-0.7826314887820568,-1.3116528075060907,1.653336957308952,0.0,0.0,0.0,1.0,0.0,0.0,0.0,1.0,0.0,0.0,0.0,0.0,0.0,1.0,0.0,0.0,0.0,1.0,0.0,0.0,Placed
0.031439466999425084,-0.686247066688318,0.11482797611872785,2.079231270179135,0.035130796683576736,-1.1854941459440516,0.3019700722711672,1.1228297903622102,0.8685302249098616,0.635379403907343,-1.9750648597103204,-1.3526917817942032,-1.0116925831200891,0.9421806090692626,-1.0349576001572498,-0.39655595969245183,0.9335111891062733,0.0,0.0,0.0,0.0,1.0,0.0,0.0,1.0,0.0,0.0,0.0,0.0,1.0,0.0,0.0,1.0,0.0,0.0,0.0,0.0,Placed
0.031439466999425084,1.0056124581678425,1.7677881223913765,0.9497258268948607,0.035130796683576736,-0.20031895540882869,-0.874536702811302,1.20883044739355,0.593589520718228,1.429915976626709,0.11570846429166026,-0.349077599544152,-0.3584274147184587,1.7753484763876453,0.08566718859728424,-1.2780712718065077,0.03544284972959828,0.0,1.0,0.0,0.0,0.0,0.0,0.0,1.0,0.0,0.0,0.0,1.0,0.0,0.0,0.0,0.0,0.0,0.0,0.0,1.0,Not Placed
-1.1855721587832007,1.7934249086733849,0.8182152724049615,-1.309285059673688,0.035130796683576736,-0.20031895540882869,-0.874536702811302,-0.15154358201128584,0.17158750963339403,-0.1966353090346358,0.5718771895284561,1.7585121831809554,0.9247720232133166,-0.0655557637824955,0.7090611108183489,1.6519177179821167,0.46733831065120535,0.0,0.0,0.0,0.0,0.0,1.0,1.0,0.0,0.0,0.0,1.0,0.0,0.0,0.0,0.0,1.0,0.0,0.0,0.0,0.0,Placed
-1.1855721587832007,0.3211196733023737,-1.7139789942254808,-1.309285059673688,0.035130796683576736,-0.20031895540882869,-0.874536702811302,0.16118607992086048,0.30586087679675067,1.534854769250022,-1.7469804970919225,0.30713167346549686,0.3726074165881289,-1.0018777480069632,-1.1908060807125163,1.206962369962641,0.8992337715728124,0.0,0.0,1.0,0.0,0.0,0.0,1.0,0.0,0.0,0.0,0.0,0.0,0.0,1.0,0.0,1.0,0.0,0.0,0.0,0.0,Placed
-1.1855721587832007,1.4447210371381438,-1.5498552917586923,-0.1797796163894137,0.035130796683576736,0.7848562351263942,-0.874536702811302,0.5911893650775617,0.612771430312993,1.2125427633355612,-0.5989558719126525,1.0019414919463017,-0.2262189877800331,1.3865368049723996,-0.6267830082267909,1.1817762181879528,1.5642156717219537,0.0,0.0,0.0,1.0,0.0,0.0,1.0,0.0,0.0,0.0,0.0,0.0,0.0,1.0,0.0,0.0,0.0,0.0,0.0,1.0,Placed
-1.1855721587832007,-0.45377781899815767,0.021043003280562012,-0.1797796163894137,-0.9016904482118007,-0.20031895540882869,-0.874536702811302,-0.7770029058755784,-0.3463240494252648,-0.37653038210317097,-1.237592087244167,-0.13291454490567967,0.29483775368317283,-1.263730506307026,-1.1165925185433418,-1.6054912448774428,-0.1565106884577835,0.0,0.0,0.0,1.0,0.0,0.0,1.0,0.0,0.0,0.0,1.0,0.0,0.0,0.0,0.0,0.0,1.0,0.0,0.0,0.0,Placed
-1.1855721587832007,0.08865042561221449,0.5837528403095503,0.9497258268948607,-1.8385116931071779,-0.20031895540882869,-0.874536702811302,1.1853757227486392,0.6447412796376015,1.7297410984076023,1.0964712235507716,1.0714224737943814,1.0958652816042203,1.0532696580450474,-0.02565315465647741,0.08198092402660732,0.7278466839055079,0.0,0.0,1.0,0.0,0.0,0.0,0.0,1.0,0.0,0.0,0.0,1.0,0.0,0.0,0.0,0.0,0.0,0.0,0.0,1.0,Placed
1.248451092782051,-0.6345872338682825,-0.7878523874486058,-1.309285059673688,-1.8385116931071779,-1.1854941459440516,-0.874536702811302,-2.6768356021133677,-3.3067320968840206,-3.1574083866209546,-0.8270402345310504,-1.005286872553801,-0.41286617875192705,-2.049288781207216,-0.5970975833591208,-0.6148359417397414,-3.0495247282818823,0.0,1.0,0.0,0.0,0.0,0.0,0.0,1.0,0.0,0.0,0.0,1.0,0.0,0.0,0.0,0.0,0.0,0.0,1.0,0.0,Not Placed
-1.1855721587832007,-0.9187163143784771,-0.025849483138519234,-0.1797796163894137,-1.8385116931071779,0.7848562351263942,-0.874536702811302,-1.0975508093560291,0.27389102747214206,0.4554843308388068,0.5718771895284561,-2.4875478186461843,-0.8872611224721597,-0.9701380197281678,-1.7845145780659117,0.9718916200655585,0.12456413531659641,0.0,0.0,0.0,0.0,1.0,0.0,0.0,1.0,0.0,0.0,0.0,0.0,0.0,0.0,1.0,0.0,0.0,0.0,1.0,0.0,Placed
0.031439466999425084,-0.44086286079314907,0.27895167858551473,-1.309285059673688,-1.8385116931071779,-1.1854941459440516,-0.874536702811302,0.20027728766237876,-0.19926274253206544,-1.3209795157129847,0.5718771895284561,-0.7273629451614795,-0.786160560695717,-0.22425440517647313,-0.06275993574106463,-0.933860530885781,-0.32789777612508797,0.0,0.0,0.0,0.0,0.0,1.0,0.0,1.0,0.0,0.0,0.0,0.0,0.0,1.0,0.0,0.0,1.0,0.0,0.0,0.0,Placed
-1.1855721587832007,1.0056124581678425,-1.1512691571964941,-0.1797796163894137,0.035130796683576736,1.7700314256616172,-0.874536702811302,-0.3000901714290558,-0.51256726591323,-0.6613642477950202,-0.6217643081744931,0.013767527884712884,0.567031573850519,-0.6844804652190081,0.36767872484014685,0.4849593524216041,-0.38274164417862516,0.0,1.0,0.0,0.0,0.0,0.0,0.0,1.0,0.0,0.0,0.0,0.0,1.0,0.0,0.0,0.0,0.0,0.0,1.0,0.0,Placed
0.031439466999425084,-0.5700124428432384,1.439540717457801,-0.1797796163894137,-0.9016904482118007,-1.1854941459440516,0.3019700722711672,1.302649345973194,1.6230186689706243,-1.08111941828827,-1.0779330334112884,0.11412894610971779,0.24817595594019962,0.7358723752570921,-1.5841379602091405,-1.3200481914309867,0.6730028158519706,0.0,0.0,0.0,1.0,0.0,0.0,1.0,0.0,0.0,0.0,0.0,1.0,0.0,0.0,0.0,0.0,0.0,0.0,0.0,1.0,Placed
0.031439466999425084,0.23071496586731124,-0.5768361985627359,-0.1797796163894137,0.035130796683576736,-1.1854941459440516,0.3019700722711672,-0.8082758720687936,-2.021544154034755,0.3730324223490616,-0.8194374224437709,-0.5420803268999311,-1.5560802234547817,-0.09729549206129036,-0.06275993574106463,1.3748700484605565,-1.5344628733029109,0.0,0.0,0.0,0.0,0.0,1.0,1.0,0.0,0.0,1.0,0.0,0.0,0.0,0.0,0.0,1.0,0.0,0.0,0.0,0.0,Placed
0.031439466999425084,-0.169648738487963,-1.209884765220347,-1.309285059673688,0.035130796683576736,-1.1854941459440516,1.4784768473536365,-1.3477345389017459,-1.2798436497038357,-0.6988423880176319,0.4578350082192571,-0.6192814178422428,-1.0350234819915762,-2.120703169834506,-0.08502400439181675,-0.22025289726963995,-0.8694809731537695,0.0,1.0,0.0,0.0,0.0,0.0,0.0,1.0,0.0,0.0,0.0,0.0,0.0,0.0,1.0,0.0,1.0,0.0,0.0,0.0,Not Placed
-1.1855721587832007,1.61261549380326,-0.7761292658438359,-0.1797796163894137,0.9719520415789541,-1.1854941459440516,-0.874536702811302,0.6068258481741681,-0.4486275672640128,0.5679187515066416,1.1496909081617315,1.279865419338623,1.7646843825868432,-0.5337167558947288,0.6719543297337616,1.8198253964800322,1.0500544087200405,1.0,0.0,0.0,0.0,0.0,0.0,0.0,1.0,0.0,0.0,0.0,1.0,0.0,0.0,0.0,0.0,0.0,0.0,1.0,0.0,Placed
-1.1855721587832007,-1.5902941410389386,-0.33065064486255485,-0.1797796163894137,0.035130796683576736,0.7848562351263942,0.3019700722711672,0.6068258481741681,0.16519353976847267,-1.5608396131376987,-0.21881526754865602,1.0482621465116881,-1.4316487628068524,-1.954069596370829,-0.7900528449989739,1.341288512760973,0.5290376622114343,0.0,0.0,0.0,1.0,0.0,0.0,0.0,1.0,0.0,0.0,0.0,0.0,0.0,1.0,0.0,0.0,0.0,0.0,1.0,0.0,Placed
-1.1855721587832007,-0.5312675682282115,-0.2954812800482418,0.9497258268948607,0.035130796683576736,-0.20031895540882869,-0.874536702811302,-0.24536248059092997,-0.0522014356388661,-0.3390522418805593,0.16892814890262,0.16044960067510433,0.17818325932573872,-0.7479599217765989,-0.07760264817489973,0.24149321859962744,-0.053678435857400814,0.0,1.0,0.0,0.0,0.0,0.0,1.0,0.0,0.0,0.0,0.0,0.0,0.0,0.0,1.0,0.0,0.0,0.0,0.0,1.0,Placed
-1.1855721587832007,-1.1899304366836632,-0.3189275232577833,-0.1797796163894137,-0.9016904482118007,-0.20031895540882869,0.3019700722711672,0.3566421186284519,0.5168618823391672,1.7297410984076023,-1.222386463069607,-1.136528727155731,-0.45952797649490135,-2.9538710371528882,-0.17408027899482628,-1.9245158340234818,0.4810492776645899,1.0,0.0,0.0,0.0,0.0,0.0,0.0,1.0,0.0,0.0,0.0,0.0,0.0,0.0,1.0,1.0,0.0,0.0,0.0,0.0,Placed
0.031439466999425084,0.8764628761177544,-1.467793440525298,0.9497258268948607,0.035130796683576736,-1.1854941459440516,-0.874536702811302,-0.0029969925935170094,1.053955350992591,-0.4364954064593504,-0.6293671202617727,1.0019414919463017,0.6992400007889447,-0.07349069585219394,-0.10728807304256992,-0.4637190310916178,1.4476724521081867,0.0,0.0,0.0,0.0,1.0,0.0,1.0,0.0,0.0,1.0,0.0,0.0,0.0,0.0,0.0,1.0,0.0,0.0,0.0,0.0,Placed
-1.1855721587832007,0.5535889209925329,1.744341879181835,0.9497258268948607,0.9719520415789541,-1.1854941459440516,2.654983622436106,0.32536915243523684,0.39537645490565415,1.1225952268012942,0.685919370837655,1.7585121831809554,1.7724613488773382,-1.7080867022101636,-0.6787325017452122,2.264780744499508,0.5564595962382034,0.0,0.0,1.0,0.0,0.0,0.0,0.0,1.0,0.0,0.0,0.0,1.0,0.0,0.0,0.0,0.0,0.0,0.0,1.0,0.0,Placed
0.031439466999425084,-0.7766517741233793,1.4629869606673425,-0.1797796163894137,0.9719520415789541,0.7848562351263942,0.3019700722711672,-0.8317305967137043,-1.3246014387582878,-1.4334139363808196,0.815167176321414,0.6622566918001299,0.5825855064315105,0.3629305679812445,-0.5748335147083686,-0.12790367409578696,-0.4375855122321624,0.0,0.0,1.0,0.0,0.0,0.0,1.0,0.0,0.0,0.0,0.0,1.0,0.0,0.0,0.0,0.0,0.0,0.0,1.0,0.0,Placed
0.031439466999425084,-1.5515492664239117,1.0175083396860598,-0.1797796163894137,0.035130796683576736,0.7848562351263942,-0.874536702811302,-0.4017273115570031,0.29946690693182837,0.537936239328552,-0.5229277510398532,-0.6270015269364746,0.5437006749790325,0.07727301347208414,-0.35219282820084535,-0.010368299147245675,-0.6912384019797732,1.0,0.0,0.0,0.0,0.0,0.0,1.0,0.0,0.0,0.0,0.0,0.0,0.0,0.0,1.0,1.0,0.0,0.0,0.0,0.0,Placed
0.031439466999425084,1.3543163297030836,-0.8464679954724585,2.079231270179135,0.035130796683576736,0.7848562351263942,-0.874536702811302,-0.13590709891467942,0.7214689180166624,1.654784817962379,1.7275046267950056,1.4188273830347837,1.1503040456376896,1.6563244953421619,0.5161058491784958,1.2573346735120152,-0.20449907300462797,0.0,0.0,0.0,0.0,1.0,0.0,0.0,1.0,0.0,0.0,0.0,0.0,0.0,1.0,0.0,1.0,0.0,0.0,0.0,0.0,Placed
1.248451092782051,1.5997005355982514,-0.6002824417722774,-1.309285059673688,0.9719520415789541,2.75520661619684,0.3019700722711672,1.7717438388714135,1.6230186689706243,0.46297995888332866,0.41982094778285745,0.5310148371982,1.7724613488773382,1.0294648618359499,-0.12213078547640396,0.6024947273701453,1.653336957308952,0.0,0.0,1.0,0.0,0.0,0.0,0.0,1.0,0.0,0.0,0.0,0.0,0.0,1.0,0.0,0.0,0.0,0.0,1.0,0.0,Placed
-1.1855721587832007,-0.8670564815584416,-1.2919466164537396,-1.309285059673688,-1.8385116931071779,-1.1854941459440516,2.654983622436106,0.21591377075898519,0.16519353976847267,0.41800619061619515,-1.062727409236729,-0.6887623996903236,-2.1160217963704655,-0.3512133182916548,-2.1184756078271967,-0.648417477439325,0.7072802333854316,0.0,0.0,0.0,0.0,1.0,0.0,0.0,1.0,0.0,0.0,0.0,0.0,0.0,0.0,1.0,1.0,0.0,0.0,0.0,0.0,Placed
0.031439466999425084,0.4373542971474532,-0.3775431312816361,-1.309285059673688,-0.9016904482118007,-0.20031895540882869,-0.874536702811302,-1.6370094761889813,-1.1136004332158709,-1.4184226802917748,0.07009159176798112,-0.26415639950760966,-0.41286617875192705,0.6485881224904038,-1.0498003125910849,0.34223782569837574,-1.2328215990084552,1.0,0.0,0.0,0.0,0.0,0.0,0.0,1.0,0.0,0.0,0.0,0.0,0.0,0.0,1.0,0.0,0.0,0.0,0.0,1.0,Not Placed
1.248451092782051,0.5019290881724974,2.0725892841154105,-1.309285059673688,-1.8385116931071779,0.7848562351263942,1.4784768473536365,0.49737046649791755,0.5296498220690108,0.9352045256882361,0.10810565220438077,-1.136528727155731,-0.41286617875192705,-1.6842819060010672,-2.259481375948628,-2.2435404231695215,-0.17022165547116708,0.0,0.0,1.0,0.0,0.0,0.0,0.0,1.0,0.0,0.0,1.0,0.0,0.0,0.0,0.0,0.0,0.0,0.0,1.0,0.0,Not Placed
1.248451092782051,0.4115243807374361,0.4079060162379919,-1.309285059673688,0.9719520415789541,-0.20031895540882869,-0.874536702811302,-0.0889976496248568,0.12682972057894182,-0.06171400423323414,0.8683868609323737,0.5464550553866625,0.1392984278732607,0.9342456769995642,-0.3299287595500932,1.6267315662074298,-0.6706719514596968,1.0,0.0,0.0,0.0,0.0,0.0,0.0,0.0,1.0,1.0,0.0,0.0,0.0,0.0,0.0,0.0,0.0,0.0,1.0,0.0,Placed
0.031439466999425084,-0.06632907284789201,0.05621236809487503,2.079231270179135,-1.8385116931071779,-0.20031895540882869,0.3019700722711672,0.32536915243523684,-0.5445371152378385,0.328058654081927,1.043251538939812,-1.3372515636057412,1.2358506748331408,0.5136942773055226,0.3231505875386426,0.5017501202713959,-0.636394533926236,0.0,0.0,1.0,0.0,0.0,0.0,1.0,0.0,0.0,0.0,0.0,0.0,1.0,0.0,0.0,0.0,0.0,1.0,0.0,0.0,Placed
-1.1855721587832007,0.5535889209925329,0.07965861130441482,0.9497258268948607,0.035130796683576736,0.7848562351263942,1.4784768473536365,1.599742524808733,1.6230186689706243,-0.8112768086854667,0.7011249950122151,0.6159360372347434,1.2047428096711592,0.8548963563025754,0.8055387416382764,-0.38816057576755536,1.653336957308952,0.0,0.0,0.0,0.0,0.0,1.0,1.0,0.0,0.0,0.0,0.0,0.0,0.0,0.0,1.0,1.0,0.0,0.0,0.0,0.0,Placed
-1.1855721587832007,1.2251667476529933,1.439540717457801,0.9497258268948607,0.9719520415789541,0.7848562351263942,-0.874536702811302,1.4668324184875705,1.5015332415371112,1.2800034157362625,1.7275046267950056,1.7585121831809554,1.5858141579054432,-0.19251467689767715,1.584781144414608,0.5773085755954583,1.653336957308952,0.0,0.0,0.0,0.0,1.0,0.0,0.0,1.0,0.0,0.0,0.0,0.0,1.0,0.0,0.0,0.0,0.0,0.0,1.0,0.0,Placed
1.248451092782051,-1.8227633887290977,-1.7374252374350223,0.9497258268948607,0.035130796683576736,-0.20031895540882869,0.3019700722711672,-0.7144569734891494,-0.7171743015907247,-0.37653038210317097,-0.6369699323490522,0.14500938248664177,0.014866967225331394,-0.8590489707523836,0.026296338861944903,0.14074861150087797,-0.7460822700333104,0.0,0.0,0.0,0.0,1.0,0.0,1.0,0.0,0.0,0.0,0.0,1.0,0.0,0.0,0.0,1.0,0.0,0.0,0.0,0.0,Placed
1.248451092782051,-0.9316312725834858,-0.1079113343719135,-0.1797796163894137,0.9719520415789541,-0.20031895540882869,1.4784768473536365,-3.0442929548836397,-2.1238476718735027,-0.024235864010622513,-0.23402089172321608,-0.7582433815384034,-0.48285887536638794,-0.12903522034008633,-2.2891668008162975,1.660313101907012,-2.6039183003468906,0.0,0.0,1.0,0.0,0.0,0.0,1.0,0.0,0.0,0.0,0.0,0.0,0.0,1.0,0.0,0.0,0.0,0.0,1.0,0.0,Placed
0.031439466999425084,1.328486413293064,-0.916806725101083,-1.309285059673688,-0.9016904482118007,1.7700314256616172,0.3019700722711672,1.091556824168995,1.5846548497810944,-0.00924460792157765,0.20694220933901963,1.6349904376732571,-0.18733415632755507,-0.17664481275827917,1.0059153594950465,0.7620070219431643,1.0569098922267324,0.0,0.0,0.0,0.0,1.0,0.0,0.0,1.0,0.0,0.0,0.0,0.0,0.0,1.0,0.0,0.0,1.0,0.0,0.0,0.0,Placed
0.031439466999425084,-0.14381882207794583,-0.8230217522629171,0.9497258268948607,1.9087732864743314,-1.1854941459440516,-0.874536702811302,0.9039190270097079,-0.11614113428808329,0.9951695500444144,0.17653096098989948,0.2453708007116478,0.6992400007889447,0.783481967675285,1.5105675822454336,0.4765639684967088,0.6661473323452779,0.0,0.0,0.0,1.0,0.0,0.0,0.0,1.0,0.0,0.0,1.0,0.0,0.0,0.0,0.0,0.0,0.0,0.0,0.0,1.0,Placed
1.248451092782051,0.03699059279217899,1.2285245285719313,2.079231270179135,0.035130796683576736,-1.1854941459440516,0.3019700722711672,-0.9099130121967409,-0.845053698889159,-0.00924460792157765,1.316952774081889,0.7703382191193667,0.25595292223069477,0.9897902014874554,-0.06275993574106463,-0.3377882722181812,-0.9243248412073072,0.0,0.0,1.0,0.0,0.0,0.0,1.0,0.0,0.0,0.0,0.0,0.0,1.0,0.0,0.0,0.0,0.0,0.0,0.0,1.0,Placed
0.031439466999425084,0.4373542971474532,1.2168014069671595,0.9497258268948607,0.035130796683576736,0.7848562351263942,-0.874536702811302,1.7717438388714135,0.5808015809883844,1.7297410984076023,0.8835924851069339,-0.12519443581144893,1.7724613488773382,0.8390264921631774,0.1673021069833757,0.34223782569837574,0.8923782880661206,0.0,0.0,0.0,0.0,0.0,1.0,0.0,1.0,0.0,0.0,1.0,0.0,0.0,0.0,0.0,0.0,0.0,0.0,1.0,0.0,Placed
-1.1855721587832007,1.2122517894479845,-1.0340379411487886,0.9497258268948607,1.9087732864743314,-1.1854941459440516,0.3019700722711672,0.45827925875639924,0.4081643946354978,-0.31656535774699257,0.8227699884086935,1.1254632374539997,1.3991669669335494,0.815221695954081,1.1840279087010657,0.39261012924775107,0.0011654321961373898,0.0,0.0,0.0,1.0,0.0,0.0,1.0,0.0,0.0,0.0,0.0,0.0,0.0,0.0,1.0,0.0,0.0,0.0,0.0,1.0,Placed
-1.1855721587832007,-0.0017542818228479195,-0.025849483138519234,0.9497258268948607,0.035130796683576736,-0.20031895540882869,1.4784768473536365,0.16118607992086048,0.5296498220690108,-0.03173149205514441,-0.591353059825373,1.6427105467674878,-0.3428734821374672,0.8310915600934778,-0.20376570386249648,-1.0430005219094258,0.23425187142367088,0.0,1.0,0.0,0.0,0.0,0.0,0.0,1.0,0.0,1.0,0.0,0.0,0.0,0.0,0.0,0.0,0.0,1.0,0.0,0.0,Placed
0.031439466999425084,-0.45377781899815767,0.3961828946332203,-0.1797796163894137,-0.9016904482118007,-0.20031895540882869,-0.874536702811302,-1.558827060705945,-2.584213502147866,-1.5383527290041321,-0.9030683554038502,-0.4880395632403127,-1.3227712347399134,-0.08936055999159193,0.11535261346495337,-0.446928263241826,-2.343409927092588,0.0,1.0,0.0,0.0,0.0,0.0,1.0,0.0,0.0,1.0,0.0,0.0,0.0,0.0,0.0,0.0,0.0,0.0,1.0,0.0,Not Placed
1.248451092782051,0.4760991717624802,-1.2919466164537396,0.9497258268948607,1.9087732864743314,-0.20031895540882869,-0.874536702811302,1.3182858290698016,0.9580458030187652,1.7297410984076023,0.6707137466630949,1.7585121831809554,0.9558798883752995,1.7753484763876453,1.614466569282277,-1.1689312807828625,0.9677886066397341,0.0,0.0,0.0,1.0,0.0,0.0,1.0,0.0,0.0,0.0,0.0,0.0,1.0,0.0,0.0,1.0,0.0,0.0,0.0,0.0,Placed
0.031439466999425084,0.57941883740255,-1.7491483590397923,0.9497258268948607,1.9087732864743314,-1.1854941459440516,-0.874536702811302,1.2870128628765864,0.5871955508533058,0.5529274954175968,-0.462105254341614,0.2762512370885718,-0.14844932487507703,0.9025059487207683,-0.33735011576701024,-0.2622298168941188,1.653336957308952,0.0,0.0,0.0,0.0,1.0,0.0,0.0,1.0,0.0,0.0,1.0,0.0,0.0,0.0,0.0,0.0,0.0,1.0,0.0,0.0,Placed
-1.1855721587832007,0.10156538381722308,-0.41271249609594746,2.079231270179135,-0.9016904482118007,-0.20031895540882869,-0.874536702811302,-0.6988204903925419,-0.49338535631846414,0.33555428212645,1.5374343246130073,0.013767527884712884,0.038197866096817995,-0.03381603550369953,-2.2669027321655455,-0.010368299147245675,-1.568740290836372,0.0,0.0,0.0,1.0,0.0,0.0,0.0,1.0,0.0,1.0,0.0,0.0,0.0,0.0,0.0,1.0,0.0,0.0,0.0,0.0,Placed
-1.1855721587832007,-0.5054376518181932,0.8299383940097315,-1.309285059673688,-0.9016904482118007,-0.20031895540882869,0.3019700722711672,0.2237320123072895,0.1587995699035504,0.7103356843525662,-0.19600683128681642,-1.3526917817942032,0.20929112448772158,-0.8511140386826841,-2.2891668008162975,0.5857039595203536,-0.3210422926183952,0.0,0.0,1.0,0.0,0.0,0.0,0.0,1.0,0.0,0.0,0.0,0.0,0.0,1.0,0.0,0.0,1.0,0.0,0.0,0.0,Placed
-1.1855721587832007,-0.1309038638729361,-0.3775431312816361,-0.1797796163894137,-0.9016904482118007,-0.20031895540882869,-0.874536702811302,-0.4408185192985214,0.3186488165265934,-0.9686849976204351,-0.2948433884214553,-0.4880395632403127,-0.6383982011763001,-1.0256825442160598,0.018874982645026826,0.1071670758012944,-0.684382918473081,0.0,0.0,0.0,0.0,1.0,0.0,1.0,0.0,0.0,1.0,0.0,0.0,0.0,0.0,0.0,0.0,0.0,0.0,0.0,1.0,Placed
0.031439466999425084,-0.9703761471985126,-0.40098937449117755,2.079231270179135,-1.8385116931071779,0.7848562351263942,1.4784768473536365,0.9273737516546187,0.5424377617988535,1.4598984888047988,0.3133815785609391,-0.4571591268633887,0.0848596638397912,-1.2240558459585318,-0.26313655359783583,-0.4973005667912013,1.653336957308952,0.0,1.0,0.0,0.0,0.0,0.0,0.0,1.0,0.0,1.0,0.0,0.0,0.0,0.0,0.0,1.0,0.0,0.0,0.0,0.0,Placed
1.248451092782051,0.3856944643274177,0.9706158532669785,-0.1797796163894137,0.035130796683576736,0.7848562351263942,1.4784768473536365,0.3175509108869336,0.8301664057203308,0.08070292861269047,0.5870828137030162,-0.904925454328796,-0.19511112261805025,1.275447755996616,1.2062919773518177,-0.30420673651859764,1.187164078853884,0.0,1.0,0.0,0.0,0.0,0.0,0.0,1.0,0.0,0.0,0.0,0.0,1.0,0.0,0.0,1.0,0.0,0.0,0.0,0.0,Placed
1.248451092782051,0.7989731268877006,1.6505569063436707,-0.1797796163894137,0.9719520415789541,-0.20031895540882869,-0.874536702811302,1.240103413586765,0.9132880139643139,1.3249771840033961,0.05488596759342104,0.9324605100982206,1.7724613488773382,0.09314287761148211,0.56063398648,1.139799298563474,1.5230827706818002,0.0,0.0,1.0,0.0,0.0,0.0,1.0,0.0,0.0,0.0,1.0,0.0,0.0,0.0,0.0,1.0,0.0,0.0,0.0,0.0,Placed
0.031439466999425084,-0.40211798617812333,0.05621236809487503,-0.1797796163894137,0.035130796683576736,-1.1854941459440516,-0.874536702811302,-0.4173637946536107,-0.5956888741572122,-1.283501375490373,-1.7393776850046425,0.9247404010039899,1.5158214612909835,-0.7320900576372008,-0.2705579098147528,0.2750747542992098,-0.5472732483392369,1.0,0.0,0.0,0.0,0.0,0.0,1.0,0.0,0.0,0.0,0.0,1.0,0.0,0.0,0.0,1.0,0.0,0.0,0.0,0.0,Placed
1.248451092782051,-1.0478658964285665,-0.38926625288640765,-1.309285059673688,0.9719520415789541,0.7848562351263942,0.3019700722711672,-1.4650081621263007,-0.4997793261833864,0.9127176415546682,-1.0247133488003293,0.33029200074819015,-1.4394257290973476,-0.6368708728008152,1.2062919773518177,-1.6306773966521297,-0.38959712768531696,0.0,0.0,0.0,1.0,0.0,0.0,0.0,1.0,0.0,0.0,0.0,0.0,0.0,0.0,1.0,0.0,1.0,0.0,0.0,0.0,Placed
1.248451092782051,-0.40211798617812333,0.208612948956892,-0.1797796163894137,0.035130796683576736,-1.1854941459440516,-0.874536702811302,-0.38609082846039555,-0.2632024411812826,-0.09919214445584577,-1.6329383157827235,-1.2909309090403542,-0.4439740439139099,-2.7872374636892117,0.4789990680939085,-0.1866713615700576,-0.046822952350708054,0.0,0.0,0.0,0.0,0.0,1.0,1.0,0.0,0.0,0.0,0.0,0.0,0.0,1.0,0.0,0.0,0.0,0.0,0.0,1.0,Placed
1.248451092782051,0.82480304329772,0.5016909890761561,0.9497258268948607,-1.8385116931071779,0.7848562351263942,-0.874536702811302,0.23155025385559272,-0.5829009344273686,0.8677438732875347,-0.6825868048727324,1.349346401186704,-0.024017864227146645,1.0850093863238424,-0.9978508190726626,0.5940993434452488,-0.2593429410581662,1.0,0.0,0.0,0.0,0.0,0.0,0.0,1.0,0.0,0.0,1.0,0.0,0.0,0.0,0.0,0.0,1.0,0.0,0.0,0.0,Placed
-1.1855721587832007,-1.3836548097587966,2.0608661625106404,-1.309285059673688,0.9719520415789541,-1.1854941459440516,0.3019700722711672,-1.6370094761889813,-2.111059732143659,-0.30157410165794774,-0.46970806642889457,-1.607455381903832,-0.8017144932767074,-1.8112408191162495,0.09308854481420126,-0.010368299147245675,-1.9869247847445948,0.0,0.0,1.0,0.0,0.0,0.0,1.0,0.0,0.0,0.0,0.0,0.0,1.0,0.0,0.0,0.0,0.0,0.0,1.0,0.0,Not Placed
0.031439466999425084,1.4188911207281265,-1.3271159812680526,-0.1797796163894137,0.9719520415789541,0.7848562351263942,0.3019700722711672,1.4902871431324822,1.3480779647789904,1.6772717020959456,0.7999615521468539,1.5886697831078695,1.7024686522628774,-0.47817223140683757,1.280505539520992,1.9877330749779476,1.4202505180814176,1.0,0.0,0.0,0.0,0.0,0.0,0.0,1.0,0.0,0.0,0.0,0.0,1.0,0.0,0.0,0.0,0.0,1.0,0.0,0.0,Placed
1.248451092782051,-0.9316312725834858,1.1816320421528483,-0.1797796163894137,0.035130796683576736,-0.20031895540882869,0.3019700722711672,-1.1444602586458505,-0.4678094768587778,0.8002832208868333,0.7087278070994946,-1.2214499271922739,-0.3584274147184587,0.9580504732086607,0.4047855059247341,0.2918655221490016,-1.3356538516088379,0.0,1.0,0.0,0.0,0.0,0.0,0.0,1.0,0.0,0.0,0.0,0.0,1.0,0.0,0.0,0.0,0.0,1.0,0.0,0.0,Placed
1.248451092782051,-0.6604171502782996,0.6306453267286316,0.9497258268948607,-0.9016904482118007,-0.20031895540882869,-0.874536702811302,1.2870128628765864,1.6230186689706243,-0.039227120099666314,0.3894096994337384,-0.9898466543653389,1.165857978218681,0.40260522832973894,0.7164824670352669,-0.06913598662151631,0.8855228045594278,0.0,0.0,0.0,0.0,0.0,1.0,1.0,0.0,0.0,0.0,0.0,1.0,0.0,0.0,0.0,0.0,0.0,0.0,1.0,0.0,Placed
-1.1855721587832007,-1.0478658964285665,-0.40098937449117755,0.9497258268948607,-1.8385116931071779,1.7700314256616172,-0.874536702811302,-0.8473670798103118,-0.5956888741572122,-0.18164405294559094,0.3894096994337384,-0.21783574494222202,-0.7706066281147257,0.6089134621419094,-1.3095477801831954,-0.681999013138908,-0.574695182366006,0.0,0.0,0.0,0.0,0.0,1.0,1.0,0.0,0.0,0.0,0.0,1.0,0.0,0.0,0.0,0.0,0.0,1.0,0.0,0.0,Placed
-1.1855721587832007,-1.8098484305240892,-0.0024032399289777785,0.9497258268948607,1.9087732864743314,-0.20031895540882869,0.3019700722711672,0.6068258481741681,-0.44223359739909057,-0.2041309370791577,-1.0779330334112884,0.46153385535012015,1.119196180475707,-0.0258811034340011,-1.316969136400113,-0.3461836561430765,-0.046822952350708054,0.0,0.0,1.0,0.0,0.0,0.0,0.0,1.0,0.0,0.0,0.0,0.0,1.0,0.0,0.0,0.0,0.0,0.0,0.0,1.0,Placed
-1.1855721587832007,-0.0017542818228479195,1.146462677338537,-0.1797796163894137,-0.9016904482118007,1.7700314256616172,0.3019700722711672,-0.2844536883324482,-1.4460868661918005,0.5454318673730749,0.5642743774411766,-1.0130069816480323,-0.3662043810089538,0.9977251335571551,0.7090611108183489,1.6519177179821167,-0.8694809731537695,0.0,1.0,0.0,0.0,0.0,0.0,1.0,0.0,0.0,0.0,0.0,0.0,0.0,0.0,1.0,0.0,1.0,0.0,0.0,0.0,Placed
-1.1855721587832007,1.3672312879080921,1.9201887032533933,-1.309285059673688,0.035130796683576736,-1.1854941459440516,-0.874536702811302,-1.5197358529644265,-0.4294456576692469,-1.2085450950451497,0.44262938404469704,1.1486235647366931,0.007090000934835124,-1.295470234585822,-0.9607440379880754,2.264780744499508,-0.883191940167154,0.0,0.0,0.0,0.0,1.0,0.0,1.0,0.0,0.0,0.0,0.0,0.0,1.0,0.0,0.0,1.0,0.0,0.0,0.0,0.0,Placed
1.248451092782051,-0.2083936131029899,1.287140136595784,-1.309285059673688,0.9719520415789541,0.7848562351263942,1.4784768473536365,-0.6050015918128989,-1.7146336005185128,-0.0017489798770546838,1.575448385049407,-0.37995803592107713,-0.5295206731093611,-0.15284001654918275,1.6293092817161121,-0.8750928434115104,-1.5755957743430642,0.0,0.0,0.0,0.0,0.0,1.0,0.0,1.0,0.0,0.0,0.0,1.0,0.0,0.0,0.0,0.0,0.0,1.0,0.0,0.0,Not Placed
-1.1855721587832007,-0.04049915643787483,-0.8464679954724585,-1.309285059673688,0.035130796683576736,-1.1854941459440516,0.3019700722711672,1.4355594522943564,1.2393804770753212,-0.1441659127229793,-0.03634777745393833,-1.707816800128837,1.7724613488773382,0.5374990735146201,1.3027696081717444,0.7452162540933737,1.036343441706656,1.0,0.0,0.0,0.0,0.0,0.0,1.0,0.0,0.0,0.0,0.0,0.0,0.0,1.0,0.0,1.0,0.0,0.0,0.0,0.0,Placed
0.031439466999425084,-0.8799714397634503,0.5016909890761561,-1.309285059673688,0.9719520415789541,-0.20031895540882869,2.654983622436106,-0.1280888573663751,-1.004902945512202,-0.5114516869045737,-2.00547610805944,1.7585121831809554,0.3259456188451557,-1.3272099628646175,-0.12213078547640396,-1.8909342983238988,-0.6089725998994668,0.0,0.0,0.0,1.0,0.0,0.0,0.0,1.0,0.0,0.0,0.0,0.0,1.0,0.0,0.0,0.0,0.0,1.0,0.0,0.0,Not Placed
-1.1855721587832007,-0.45377781899815767,-0.2954812800482418,-1.309285059673688,0.035130796683576736,1.7700314256616172,2.654983622436106,0.6459170559156864,-0.21844465212683042,-0.6463729917059754,-0.7282036773964116,0.8320990918732157,-0.41286617875192705,1.7277388839694523,0.4122068621416511,-1.0178143701347389,0.46048282714451255,0.0,0.0,0.0,1.0,0.0,0.0,0.0,1.0,0.0,0.0,0.0,0.0,0.0,1.0,0.0,0.0,0.0,0.0,1.0,0.0,Placed
0.031439466999425084,-1.3836548097587966,-1.2802234948489697,-1.309285059673688,1.9087732864743314,-0.20031895540882869,-0.874536702811302,-0.22972599749432243,-0.5189612357781513,-1.3134838876684622,-1.2604005235060067,-1.0438874180249567,0.7459017985319178,-0.5575215521038264,-1.739986440764407,-0.04394983484682924,0.2548183219437472,1.0,0.0,0.0,0.0,0.0,0.0,1.0,0.0,0.0,0.0,1.0,0.0,0.0,0.0,0.0,0.0,1.0,0.0,0.0,0.0,Placed
-1.1855721587832007,-0.42794790258814047,-1.9249951831113505,-0.1797796163894137,0.035130796683576736,-0.20031895540882869,0.3019700722711672,-1.9653756212177347,-1.4844506853813308,-0.32406098579151554,-0.5305305631271338,0.09096861882702452,0.14707539416375584,-0.5416516879644284,-1.2130701493632683,0.6276808791448324,-1.3630757856356064,0.0,1.0,0.0,0.0,0.0,0.0,1.0,0.0,0.0,0.0,1.0,0.0,0.0,0.0,0.0,0.0,1.0,0.0,0.0,0.0,Placed
1.248451092782051,0.7731432104776834,0.5368603538904674,-0.1797796163894137,-0.9016904482118007,-1.1854941459440516,-0.874536702811302,0.4660975003047025,0.510467912474245,-0.6913467599731089,0.36660126317189773,-0.11747432671721711,0.5203697761075459,0.021728488984192863,-0.5451480898406984,-1.370420494980361,0.7826905519590451,0.0,0.0,1.0,0.0,0.0,0.0,0.0,1.0,0.0,1.0,0.0,0.0,0.0,0.0,0.0,0.0,0.0,1.0,0.0,0.0,Placed
1.248451092782051,-0.8412265651484245,0.03276612488533357,0.9497258268948607,0.9719520415789541,-0.20031895540882869,0.3019700722711672,1.7717438388714135,1.6230186689706243,-0.03173149205514441,0.19933939725174016,0.16816970976933615,-0.14067235858458077,0.41054016039943736,0.5457912740461659,-0.060740602696621016,1.529938254188493,0.0,0.0,0.0,0.0,0.0,1.0,0.0,1.0,0.0,0.0,0.0,0.0,0.0,0.0,1.0,0.0,0.0,0.0,1.0,0.0,Placed
0.031439466999425084,-0.15673378028295443,-0.4947743473293417,-0.1797796163894137,-0.9016904482118007,-0.20031895540882869,-0.874536702811302,0.48173398340131,0.11404178084909912,1.1900558792019944,-0.5837502477380935,-0.642441745124936,-0.6928369652097696,-0.6527407369402121,-0.8716877633850664,1.8534069321796145,0.878667321052736,0.0,0.0,1.0,0.0,0.0,0.0,0.0,1.0,0.0,0.0,1.0,0.0,0.0,0.0,0.0,0.0,1.0,0.0,0.0,0.0,Placed
1.248451092782051,-1.6419539738589741,0.6071990835190901,-0.1797796163894137,0.9719520415789541,-1.1854941459440516,-0.874536702811302,0.23936849540389704,-0.14811098361269187,-0.5564254551717073,0.047283155506141546,0.013767527884712884,0.6681321356269618,-0.4305626389886436,-0.46351317145460696,-1.3620251110554655,0.5358931457181271,0.0,0.0,0.0,1.0,0.0,0.0,1.0,0.0,0.0,0.0,0.0,0.0,0.0,1.0,0.0,0.0,1.0,0.0,0.0,0.0,Placed
1.248451092782051,1.9354894489284815,0.24378231377120335,-0.1797796163894137,0.035130796683576736,-1.1854941459440516,-0.874536702811302,1.365195278359623,1.6230186689706243,-0.5864079673497969,0.6098912499648557,1.086862691982844,1.7724613488773382,1.291317620136014,1.1394997713995614,0.26667937037431455,0.8375344200125824,1.0,0.0,0.0,0.0,0.0,0.0,1.0,0.0,0.0,0.0,1.0,0.0,0.0,0.0,0.0,0.0,1.0,0.0,0.0,0.0,Placed
0.031439466999425084,0.7473132940676662,0.09138173290918639,0.9497258268948607,-1.8385116931071779,-0.20031895540882869,-0.874536702811302,1.3182858290698016,1.2010166578857913,-0.5864079673497969,1.2713359015582097,1.573229564919407,-0.9650307853771158,-0.3750181145007512,-0.16665892277790925,2.264780744499508,1.159742144827115,0.0,0.0,0.0,1.0,0.0,0.0,0.0,1.0,0.0,0.0,0.0,0.0,0.0,0.0,1.0,1.0,0.0,0.0,0.0,0.0,Placed
1.248451092782051,0.9797825417578254,-1.0692073059631,0.9497258268948607,0.9719520415789541,0.7848562351263942,2.654983622436106,0.8179183699783671,1.0795312304522782,1.7297410984076023,1.1496909081617315,1.5809496740136388,1.6635838208103995,0.5613038697237166,1.4140899514255059,1.1314039146385786,1.4476724521081867,0.0,0.0,0.0,0.0,0.0,1.0,0.0,1.0,0.0,0.0,1.0,0.0,0.0,0.0,0.0,0.0,0.0,0.0,0.0,1.0,Placed
1.248451092782051,-0.9058013561734686,-1.9836107911352034,-0.1797796163894137,0.9719520415789541,-1.1854941459440516,0.3019700722711672,-0.9880954276797774,-0.7299622413205679,-1.478387704647953,-0.5001193147780136,-2.2559445458192497,-1.3538790999018961,-1.0098126800766623,-1.5618738915583883,-1.4207927985297355,-0.4444409957388542,1.0,0.0,0.0,0.0,0.0,0.0,1.0,0.0,0.0,0.0,0.0,0.0,0.0,1.0,0.0,0.0,0.0,1.0,0.0,0.0,Not Placed
-1.1855721587832007,0.04990555099718758,-1.9132720615065808,0.9497258268948607,1.9087732864743314,0.7848562351263942,-0.874536702811302,0.9117372685580112,1.0219855016679824,-0.8862330891306894,0.541465941179337,0.368892546219346,-0.38953527988044045,1.346862144623905,0.9242804411089551,-0.9590466826604681,0.49476024467797347,0.0,0.0,0.0,0.0,0.0,1.0,0.0,1.0,0.0,1.0,0.0,0.0,0.0,0.0,0.0,0.0,0.0,0.0,0.0,1.0,Placed
1.248451092782051,2.1679586966186406,-2.9449067627263896,-0.1797796163894137,0.035130796683576736,1.7700314256616172,0.3019700722711672,-0.4330002777502182,0.4081643946354978,1.1076039707122494,1.430994955391088,1.7585121831809554,1.5935911241959395,0.7358723752570921,0.4344709307924043,0.30865628999879335,0.3096621899972854,1.0,0.0,0.0,0.0,0.0,0.0,1.0,0.0,0.0,0.0,1.0,0.0,0.0,0.0,0.0,0.0,0.0,0.0,0.0,1.0,Placed
0.031439466999425084,-0.7508218577133621,-0.424435617700719,-1.309285059673688,-0.9016904482118007,-0.20031895540882869,1.4784768473536365,0.6068258481741681,0.056496052064803286,-2.760140100261271,0.21454502142629914,-1.7927380001653799,-2.147129661532448,-2.541254569528546,-2.400487144070059,-0.8499066916368233,0.7141357168921234,0.0,0.0,0.0,0.0,0.0,1.0,1.0,0.0,0.0,0.0,1.0,0.0,0.0,0.0,0.0,0.0,1.0,0.0,0.0,0.0,Placed
0.031439466999425084,-0.45377781899815767,0.24378231377120335,-0.1797796163894137,0.035130796683576736,-0.20031895540882869,-0.874536702811302,0.5130069495945251,0.3186488165265934,-1.40343142420273,-0.04395058954121783,1.3030257466213162,0.11596752900177408,-0.010011239294603113,0.08566718859728424,-0.6400220935144291,0.3165176735039772,1.0,0.0,0.0,0.0,0.0,0.0,0.0,1.0,0.0,0.0,0.0,0.0,0.0,0.0,1.0,0.0,0.0,0.0,0.0,1.0,Placed
0.031439466999425084,0.682738503042621,0.23205919216643345,0.9497258268948607,-0.9016904482118007,0.7848562351263942,0.3019700722711672,1.3417405537147125,1.6230186689706243,-0.5639210832162291,1.7275046267950056,-0.8663249088576401,1.3291742703190885,0.8310915600934778,-0.6119402957929558,-0.05234521877172453,1.1186092437869624,0.0,0.0,0.0,1.0,0.0,0.0,1.0,0.0,0.0,0.0,0.0,0.0,1.0,0.0,0.0,0.0,0.0,0.0,1.0,0.0,Placed
1.248451092782051,0.11448034202223166,2.119481770534493,-1.309285059673688,0.035130796683576736,1.7700314256616172,0.3019700722711672,-1.76210134096184,-2.6737290802567704,-1.395935796158208,0.1613253368153405,1.573229564919407,-0.25732685294201485,0.18836206244786893,0.3973641497078171,-0.6148359417397414,-2.110323487865054,0.0,1.0,0.0,0.0,0.0,0.0,0.0,1.0,0.0,0.0,0.0,0.0,1.0,0.0,0.0,0.0,0.0,1.0,0.0,0.0,Not Placed
1.248451092782051,0.5406739627875242,0.18516670574735056,-1.309285059673688,0.035130796683576736,-0.20031895540882869,-0.874536702811302,-0.9646407030348667,0.433740274095185,-0.05421837618871118,-0.9714936641893696,-0.4648792359576195,1.3058433714476019,-0.0655557637824955,0.3528360124063118,0.9970777718402468,0.46733831065120535,0.0,1.0,0.0,0.0,0.0,0.0,1.0,0.0,0.0,0.0,1.0,0.0,0.0,0.0,0.0,1.0,0.0,0.0,0.0,0.0,Not Placed
1.248451092782051,-0.10507394746291891,0.5837528403095503,-0.1797796163894137,0.035130796683576736,-1.1854941459440516,-0.874536702811302,1.0446473748791736,0.8429543454501744,-0.7663030404183321,-0.40888556973065426,-1.5997352728096008,-0.9883616842486025,-0.5178468917553319,1.2879268957379102,0.5017501202713959,0.4262054096110517,1.0,0.0,0.0,0.0,0.0,0.0,0.0,1.0,0.0,0.0,0.0,1.0,0.0,0.0,0.0,0.0,0.0,0.0,1.0,0.0,Placed
1.248451092782051,0.12739530022724024,2.0608661625106404,-0.1797796163894137,0.035130796683576736,-0.20031895540882869,-0.874536702811302,-0.018633475690124548,0.6894990686920538,-1.3809445400691631,-0.203609643374097,-0.6810422905960918,1.0258725849897603,-1.4541688759797997,1.7035228438852867,-0.010368299147245675,0.6524363653318943,1.0,0.0,0.0,0.0,0.0,0.0,0.0,1.0,0.0,0.0,0.0,0.0,0.0,0.0,1.0,0.0,0.0,0.0,0.0,1.0,Placed
0.031439466999425084,-0.9316312725834858,-0.1079113343719135,0.9497258268948607,-1.8385116931071779,0.7848562351263942,-0.874536702811302,-0.4173637946536107,-1.164752192135245,-0.21162656512368067,-0.203609643374097,-0.6733221815018611,0.9169950569228215,-1.4224291477010038,-0.8939518320358185,-2.403052717742541,-0.45129647924554694,1.0,0.0,0.0,0.0,0.0,0.0,1.0,0.0,0.0,0.0,1.0,0.0,0.0,0.0,0.0,0.0,0.0,1.0,0.0,0.0,Placed
1.248451092782051,1.199336831242976,1.732618757577065,-0.1797796163894137,-0.9016904482118007,1.7700314256616172,2.654983622436106,-1.1991879494839763,-1.164752192135245,0.1181810688353021,0.8607840488450932,1.1640637829251557,1.0647574164422384,-1.0336174762857586,0.5161058491784958,-0.1698805937202658,-1.8018267300639057,0.0,1.0,0.0,0.0,0.0,0.0,0.0,1.0,0.0,0.0,0.0,0.0,0.0,0.0,1.0,0.0,0.0,0.0,1.0,0.0,Placed
-1.1855721587832007,-0.24713848771801683,0.009319881675792117,-1.309285059673688,-0.9016904482118007,-1.1854941459440516,1.4784768473536365,0.16118607992086048,-0.2632024411812826,1.0701258304896377,-1.6253355036954436,0.49241429172704415,-0.5372976393998574,-0.4067578427795472,0.4047855059247341,-0.7323713166882827,-0.6226835669128514,0.0,0.0,0.0,0.0,0.0,1.0,0.0,1.0,0.0,0.0,0.0,0.0,0.0,0.0,1.0,0.0,1.0,0.0,0.0,0.0,Placed
1.248451092782051,-1.4482296007838407,-0.5064974689341133,-0.1797796163894137,0.9719520415789541,-0.20031895540882869,-0.874536702811302,-0.42518203620191386,0.005344293145429722,-1.478387704647953,0.5870828137030162,-0.5111998905230071,0.014866967225331394,-1.7953709549768515,-2.6231278305775825,-0.9590466826604681,0.03544284972959828,1.0,0.0,0.0,0.0,0.0,0.0,1.0,0.0,0.0,0.0,0.0,0.0,1.0,0.0,0.0,0.0,0.0,0.0,1.0,0.0,Placed
-1.1855721587832007,-2.391021549749487,-1.5967477781777752,-0.1797796163894137,0.035130796683576736,-1.1854941459440516,0.3019700722711672,0.2940961862420218,-0.013837616449335252,-3.194886526843566,-1.0247133488003293,-0.9358058907057205,-2.1160217963704655,0.4740196169570282,-0.2557151973809188,-2.2435404231695215,0.631869914811817,0.0,0.0,0.0,0.0,0.0,1.0,1.0,0.0,0.0,0.0,1.0,0.0,0.0,0.0,0.0,0.0,0.0,1.0,0.0,0.0,Not Placed
-1.1855721587832007,-0.07924403105290174,-0.9285298467058528,-0.1797796163894137,0.035130796683576736,0.7848562351263942,0.3019700722711672,-1.0350048769695994,-1.299025559298601,0.9726826659108476,1.316952774081889,-0.8200042542922537,0.14707539416375584,0.2835812472842557,0.6422689048660924,1.4588238877095143,-1.0614345113411507,0.0,0.0,0.0,0.0,1.0,0.0,0.0,1.0,0.0,0.0,0.0,0.0,1.0,0.0,0.0,1.0,0.0,0.0,0.0,0.0,Placed
0.031439466999425084,0.6569085866326039,-0.16652694239576632,-0.1797796163894137,-0.9016904482118007,-0.20031895540882869,1.4784768473536365,-0.7066387319408463,0.23552720828261123,0.6203881478182981,-0.2948433884214553,0.5541751644808943,-1.4705335942593303,-0.19251467689767715,0.048560407512697024,0.5437270398958747,-0.5884061493793905,0.0,1.0,0.0,0.0,0.0,0.0,0.0,1.0,0.0,0.0,1.0,0.0,0.0,0.0,0.0,0.0,1.0,0.0,0.0,0.0,Not Placed
-1.1855721587832007,0.3727795061224092,0.10310485451395628,0.9497258268948607,-0.9016904482118007,-0.20031895540882869,0.3019700722711672,-1.6526459592855884,-1.5164205347059394,-0.21912219316820256,1.043251538939812,0.5232947281039693,-0.2728807855230063,0.6803278507691998,0.30830787510480756,-1.3620251110554655,-1.7195609279836,0.0,1.0,0.0,0.0,0.0,0.0,0.0,1.0,0.0,0.0,0.0,0.0,0.0,0.0,1.0,0.0,0.0,0.0,1.0,0.0,Placed
1.248451092782051,0.23071496586731124,0.8885540020335843,-0.1797796163894137,-0.9016904482118007,-0.20031895540882869,-0.874536702811302,-0.519000934781558,-0.18008083293730048,0.8902307574211015,-0.5381333752144133,1.2258246556790047,-0.07845662826061611,1.1167491146026383,-0.18150163521174434,1.2321485217373283,-0.5815506658726978,0.0,0.0,0.0,1.0,0.0,0.0,0.0,1.0,0.0,1.0,0.0,0.0,0.0,0.0,0.0,0.0,1.0,0.0,0.0,0.0,Placed
0.031439466999425084,-0.8024816905333976,0.4547985026570731,-0.1797796163894137,0.035130796683576736,-0.20031895540882869,0.3019700722711672,-1.1288237755492436,-0.9473572167279066,-0.7063380160621537,-1.2832089597678467,-0.39539825410953966,1.7180225848438688,-1.9937442567193235,-1.131435230977177,1.8450115482547191,-1.5893067413564481,1.0,0.0,0.0,0.0,0.0,0.0,1.0,0.0,0.0,0.0,0.0,0.0,1.0,0.0,0.0,0.0,1.0,0.0,0.0,0.0,Placed
-1.1855721587832007,0.8118880850927115,-0.0375726047432908,-0.1797796163894137,0.035130796683576736,-0.20031895540882869,-0.874536702811302,0.270641461597111,0.40177042477057645,1.2350296474691291,1.0812655993762117,1.1795040011136182,0.18596022561623388,1.3706669408330028,-0.30766469089934007,-1.529932789553381,-0.29362035859162705,1.0,0.0,0.0,0.0,0.0,0.0,0.0,1.0,0.0,0.0,0.0,1.0,0.0,0.0,0.0,0.0,0.0,0.0,0.0,1.0,Placed
0.031439466999425084,0.15322521663725858,-0.6823442930056717,-1.309285059673688,1.9087732864743314,0.7848562351263942,-0.874536702811302,0.37227860172505833,-0.1864748028022218,-0.06920963227775605,0.06248877968070054,-1.9316999638615404,0.9247720232133166,0.2756463152145562,0.389942793490899,-0.010368299147245675,-0.2524874575514734,0.0,0.0,1.0,0.0,0.0,0.0,0.0,1.0,0.0,0.0,0.0,0.0,0.0,1.0,0.0,0.0,0.0,0.0,0.0,1.0,Placed
0.031439466999425084,0.07573546740720476,-0.424435617700719,-0.1797796163894137,0.035130796683576736,-0.20031895540882869,0.3019700722711672,-0.10463413272146434,-0.32714213983049983,-0.481469174726484,0.5870828137030162,-0.0479933448691373,-0.6617291000477867,0.0693380814023857,-0.649047076877543,0.048399388327023764,0.021731882716213728,0.0,0.0,0.0,1.0,0.0,0.0,0.0,1.0,0.0,1.0,0.0,0.0,0.0,0.0,0.0,0.0,0.0,0.0,1.0,0.0,Not Placed
1.248451092782051,-0.09215898925791033,-1.6788096294111694,0.9497258268948607,-1.8385116931071779,1.7700314256616172,-0.874536702811302,-0.45645500239512893,0.7790146468009572,1.0551345744005929,0.18413377307718007,0.6776969099885924,-0.6617291000477867,0.06140314933268727,-1.1091711623264242,0.048399388327023764,0.11770865180990364,0.0,0.0,0.0,0.0,0.0,1.0,1.0,0.0,0.0,0.0,1.0,0.0,0.0,0.0,0.0,0.0,0.0,0.0,0.0,1.0,Placed
1.248451092782051,0.82480304329772,0.05621236809487503,-1.309285059673688,-0.9016904482118007,-0.20031895540882869,1.4784768473536365,1.2948311044248908,1.1051071099119654,-0.6613642477950202,-1.9294479871866408,-0.8894852361403335,-0.521743706818866,-0.5733914162432232,1.250820114653323,2.264780744499508,0.8306789365058905,0.0,0.0,1.0,0.0,0.0,0.0,0.0,1.0,0.0,1.0,0.0,0.0,0.0,0.0,0.0,1.0,0.0,0.0,0.0,0.0,Placed
-1.1855721587832007,-0.19547865489798133,1.2050782853623898,0.9497258268948607,-0.9016904482118007,-0.20031895540882869,-0.874536702811302,-0.6206380749095053,-0.0074436465844138966,-0.31656535774699257,0.26016189394997935,-0.1483547630941422,0.1315214615827655,0.9580504732086607,0.7164824670352669,-1.538328173478276,-0.2730539080715497,0.0,0.0,0.0,0.0,1.0,0.0,0.0,1.0,0.0,0.0,0.0,0.0,0.0,1.0,0.0,0.0,0.0,0.0,1.0,0.0,Not Placed
-1.1855721587832007,0.3082047150973651,-0.5533899553531946,0.9497258268948607,-0.9016904482118007,-0.20031895540882869,-0.874536702811302,0.9195555101063144,0.9836216824784524,0.6728575441299547,1.1116768477253318,0.30713167346549686,-1.7660583132981633,-1.763631226698056,-0.4560918152376889,-1.4123974146048397,1.653336957308952,1.0,0.0,0.0,0.0,0.0,0.0,1.0,0.0,0.0,0.0,0.0,0.0,0.0,1.0,0.0,0.0,0.0,0.0,0.0,1.0,Placed
1.248451092782051,-0.996206063608531,0.25550543537597326,-1.309285059673688,0.035130796683576736,0.7848562351263942,0.3019700722711672,-0.2688172052358407,-0.4678094768587778,-0.9012243452197343,-0.9030683554038502,-0.8894852361403335,0.20151415819722532,0.013793556914493306,-2.207531882430206,-0.8750928434115104,-0.1565106884577835,0.0,0.0,0.0,0.0,1.0,0.0,1.0,0.0,0.0,0.0,0.0,0.0,0.0,1.0,0.0,0.0,0.0,0.0,1.0,0.0,Placed
0.031439466999425084,-0.8541415233534331,0.5134141106809259,0.9497258268948607,-1.8385116931071779,-0.20031895540882869,-0.874536702811302,-0.3469996207188773,0.49767997274440223,0.33555428212645,0.3285872027354981,-1.8544988729192289,0.10041359642078264,-0.4146927748492456,-0.16665892277790925,-0.32939288829328595,0.17255251986344186,0.0,0.0,1.0,0.0,0.0,0.0,1.0,0.0,0.0,0.0,0.0,0.0,0.0,1.0,0.0,1.0,0.0,0.0,0.0,0.0,Not Placed
1.248451092782051,-0.7249919413033449,-0.7761292658438359,2.079231270179135,0.9719520415789541,-1.1854941459440516,0.3019700722711672,-0.05772468343164284,0.1332236904438641,-0.2566003333908142,0.7391390554486147,1.7585121831809554,-0.42842011133291846,0.7358723752570921,0.41962821835856917,-0.681999013138908,0.03544284972959828,0.0,0.0,0.0,0.0,0.0,1.0,0.0,1.0,0.0,0.0,0.0,0.0,1.0,0.0,0.0,0.0,0.0,0.0,1.0,0.0,Placed
-1.1855721587832007,0.5406739627875242,0.021043003280562012,2.079231270179135,0.035130796683576736,0.7848562351263942,0.3019700722711672,0.23936849540389704,-0.9473572167279066,1.6772717020959456,1.0052374785034124,1.5037485830713273,1.500267528709992,0.4660846848873298,-0.055338579524147606,-1.7314220037508794,0.1314196188232882,0.0,1.0,0.0,0.0,0.0,0.0,0.0,1.0,0.0,0.0,0.0,0.0,1.0,0.0,0.0,0.0,1.0,0.0,0.0,0.0,Placed
-1.1855721587832007,-0.06632907284789201,1.5567719335055066,-0.1797796163894137,0.035130796683576736,0.7848562351263942,2.654983622436106,-1.504099369867819,-1.9576044553855378,-1.9131341312302483,0.6326996862266953,0.013767527884712884,-0.17178022374656363,-0.5495866200341268,0.5161058491784958,-0.6148359417397414,-1.8018267300639057,1.0,0.0,0.0,0.0,0.0,0.0,0.0,1.0,0.0,0.0,1.0,0.0,0.0,0.0,0.0,0.0,0.0,0.0,0.0,1.0,Not Placed
-1.1855721587832007,-1.099525729248601,0.5251372322856975,0.9497258268948607,0.035130796683576736,-0.20031895540882869,0.3019700722711672,-1.058459601614511,-0.51256726591323,-0.9087199732642568,0.3133815785609391,-1.422172763642284,-1.0350234819915762,-0.6527407369402121,-1.5767166039922236,-0.9926282183600511,-0.9243248412073072,0.0,0.0,0.0,1.0,0.0,0.0,0.0,1.0,0.0,0.0,0.0,0.0,0.0,0.0,1.0,0.0,0.0,0.0,1.0,0.0,Placed
1.248451092782051,-0.789566732328389,1.1230164341289954,-0.1797796163894137,0.035130796683576736,-0.20031895540882869,0.3019700722711672,-0.6284563164578096,-0.0010496767194925415,0.6278837758628201,0.2449562697754193,1.1331833465482315,-1.5794111223262688,-1.2240558459585318,0.56063398648,-0.446928263241826,-0.636394533926236,0.0,0.0,1.0,0.0,0.0,0.0,1.0,0.0,0.0,1.0,0.0,0.0,0.0,0.0,0.0,1.0,0.0,0.0,0.0,0.0,Placed
1.248451092782051,-0.8283116069434148,-1.4326240757109867,-1.309285059673688,1.9087732864743314,-0.20031895540882869,1.4784768473536365,-1.066277843162814,-0.9153873674032981,0.18564172123600345,1.7275046267950056,-0.2487161813191471,-1.6494038189407292,-0.4067578427795472,-1.1611206558448466,0.4681685845718123,-1.0134461267943053,0.0,0.0,0.0,1.0,0.0,0.0,0.0,1.0,0.0,0.0,0.0,1.0,0.0,0.0,0.0,0.0,0.0,0.0,1.0,0.0,Not Placed
1.248451092782051,-0.0017542818228479195,0.7127071779620259,-1.309285059673688,-1.8385116931071779,-0.20031895540882869,-0.874536702811302,0.33318739398354,0.45292218368995,1.0926127146232045,-0.5609418114762529,0.20677025524049197,0.9092180906323263,1.545235446366377,0.041139051295778946,1.206962369962641,-0.005690051310555373,0.0,1.0,0.0,0.0,0.0,0.0,1.0,0.0,0.0,0.0,0.0,0.0,1.0,0.0,0.0,0.0,0.0,0.0,0.0,1.0,Placed
-1.1855721587832007,0.17905513304727574,-0.025849483138519234,0.9497258268948607,0.035130796683576736,-1.1854941459440516,1.4784768473536365,1.7717438388714135,0.6383473097726793,1.1150995987567713,0.7771531158850143,-1.2368901453807357,-0.45175101020440506,-0.041750967573399085,0.15988075076645866,0.661262414844416,1.310562781974343,0.0,1.0,0.0,0.0,0.0,0.0,0.0,1.0,0.0,0.0,1.0,0.0,0.0,0.0,0.0,0.0,0.0,1.0,0.0,0.0,Placed
1.248451092782051,-1.1253556456586191,-0.3658200096768662,0.9497258268948607,-0.9016904482118007,-1.1854941459440516,0.3019700722711672,0.5208251911428283,-0.020231586314257515,-2.025568551898083,0.44262938404469704,-0.22555585403645384,0.90144112434183,-0.3194735900128599,-1.0720643812418371,-0.5980451738899503,0.014876399209520967,0.0,1.0,0.0,0.0,0.0,0.0,0.0,1.0,0.0,1.0,0.0,0.0,0.0,0.0,0.0,0.0,0.0,0.0,0.0,1.0,Placed
0.031439466999425084,-1.4482296007838407,0.8768308804288144,-0.1797796163894137,0.9719520415789541,0.7848562351263942,-0.874536702811302,0.32536915243523684,0.40177042477057645,0.125676696879824,-0.21881526754865602,0.8629795282501409,0.6292473041744837,-1.0336174762857586,-0.9459013255542408,-0.22025289726963995,0.05600930024967462,0.0,0.0,0.0,1.0,0.0,0.0,0.0,1.0,0.0,0.0,1.0,0.0,0.0,0.0,0.0,0.0,0.0,0.0,1.0,0.0,Placed
1.248451092782051,-1.3449099351437697,-0.0024032399289777785,-0.1797796163894137,-0.9016904482118007,0.7848562351263942,0.3019700722711672,0.09864014753443032,0.9068940440993917,-0.6388773636614524,-1.7849945575283221,-0.13291454490567967,-0.6228442685953086,0.5930435980025114,-0.30024333468242304,-0.027159066997037455,0.6113034642917407,0.0,0.0,0.0,0.0,1.0,0.0,0.0,1.0,0.0,0.0,0.0,1.0,0.0,0.0,0.0,0.0,0.0,1.0,0.0,0.0,Placed
0.031439466999425084,-0.7508218577133621,2.119481770534493,0.9497258268948607,0.035130796683576736,-1.1854941459440516,0.3019700722711672,0.8882825439131005,1.0603493208575132,0.9726826659108476,-0.4545024422543345,-0.1483547630941422,0.41149224804060697,0.18042713037817049,-0.09244536060873482,-0.010368299147245675,1.529938254188493,0.0,0.0,0.0,0.0,1.0,0.0,1.0,0.0,0.0,0.0,0.0,0.0,0.0,1.0,0.0,0.0,1.0,0.0,0.0,0.0,Placed
-1.1855721587832007,-0.996206063608531,1.0409545828956013,-0.1797796163894137,-1.8385116931071779,-0.20031895540882869,-0.874536702811302,-1.504099369867819,-1.1327823428106365,-0.5339385710381405,-0.04395058954121783,-1.900819527484616,0.3337225851356509,0.3391257717721481,-0.7306819952636345,-0.7239759327633868,-0.9723132257541521,0.0,0.0,0.0,0.0,0.0,1.0,0.0,1.0,0.0,0.0,0.0,0.0,1.0,0.0,0.0,0.0,1.0,0.0,0.0,0.0,Placed
1.248451092782051,0.514844046377507,1.1816320421528483,-0.1797796163894137,0.9719520415789541,-1.1854941459440516,-0.874536702811302,-0.8864582875518301,-0.9857210359174366,1.3999334644486194,-0.5609418114762529,-0.6733221815018611,1.7724613488773382,0.06140314933268727,-1.2056487931463513,-0.06913598662151631,-0.684382918473081,0.0,0.0,0.0,1.0,0.0,0.0,1.0,0.0,0.0,0.0,0.0,0.0,1.0,0.0,0.0,0.0,1.0,0.0,0.0,0.0,Placed
0.031439466999425084,-0.7637368159183706,-0.025849483138519234,-0.1797796163894137,0.035130796683576736,0.7848562351263942,-0.874536702811302,0.05954893979291203,-0.0010496767194925415,-1.7857084544733686,-0.03634777745393833,0.9247404010039899,-0.2262189877800331,-1.081227068703952,-0.6564684330944601,-0.8583020755617192,0.755268617932277,0.0,0.0,1.0,0.0,0.0,0.0,1.0,0.0,0.0,0.0,0.0,0.0,0.0,1.0,0.0,0.0,0.0,1.0,0.0,0.0,Placed
-1.1855721587832007,0.23071496586731124,-1.2802234948489697,-1.309285059673688,0.035130796683576736,-0.20031895540882869,-0.874536702811302,-1.1600967417424581,-1.0560547044315756,0.47047558692785163,-0.4392968180797744,-0.642441745124936,-0.3428734821374672,0.5136942773055226,-1.4802389731722965,0.04000400440212847,-1.0957119288746116,0.0,0.0,0.0,0.0,1.0,0.0,0.0,1.0,0.0,0.0,0.0,0.0,0.0,0.0,1.0,0.0,1.0,0.0,0.0,0.0,Not Placed
0.031439466999425084,0.9410376671427997,1.6153875415293595,-1.309285059673688,-0.9016904482118007,-1.1854941459440516,-0.874536702811302,1.0524656164274768,0.8621362550449394,0.20812860536957023,0.6022884378775762,0.4229333098789643,1.3991669669335494,-1.2478606421676286,0.15988075076645866,0.1911209150502521,1.1323202108003467,1.0,0.0,0.0,0.0,0.0,0.0,1.0,0.0,0.0,1.0,0.0,0.0,0.0,0.0,0.0,0.0,0.0,0.0,1.0,0.0,Placed
0.031439466999425084,-0.32462823694806947,1.439540717457801,0.9497258268948607,0.035130796683576736,-0.20031895540882869,-0.874536702811302,-0.792639388972186,-1.0368727948368106,-1.3809445400691631,-0.24162370381049667,1.7585121831809554,0.5437006749790325,0.6723929186995002,0.5457912740461659,0.44298243279712524,-0.9517467752340758,1.0,0.0,0.0,0.0,0.0,0.0,0.0,1.0,0.0,1.0,0.0,0.0,0.0,0.0,0.0,0.0,0.0,0.0,0.0,1.0,Placed
0.031439466999425084,1.2251667476529933,-2.3001350744640088,-0.1797796163894137,0.035130796683576736,0.7848562351263942,2.654983622436106,-1.0975508093560291,-0.9217813372682194,0.845256989153968,-1.0475217850621688,1.1640637829251557,-0.9961386505390981,-1.8271106832556467,-0.6787325017452122,1.7778484768555534,-0.8900474236738463,0.0,0.0,0.0,0.0,0.0,1.0,0.0,1.0,0.0,0.0,0.0,1.0,0.0,0.0,0.0,1.0,0.0,0.0,0.0,0.0,Placed
-1.1855721587832007,0.5277590045825157,-0.23686567202438902,-0.1797796163894137,-0.9016904482118007,-0.20031895540882869,1.4784768473536365,-0.6050015918128989,-0.3591119891551084,-0.7887899245518989,1.28654152573277,1.1717838920193875,-0.5139667405283708,-0.7082852614281044,-2.3930657878531423,-1.19411743255755,-0.6089725998994668,1.0,0.0,0.0,0.0,0.0,0.0,1.0,0.0,0.0,0.0,0.0,0.0,0.0,1.0,0.0,0.0,0.0,0.0,0.0,1.0,Not Placed
1.248451092782051,0.7731432104776834,-0.061018847952830586,-0.1797796163894137,0.9719520415789541,-1.1854941459440516,-0.874536702811302,0.30191442779032607,-0.1608989233425355,-0.6688598758395421,0.28297033021181894,-1.2832107999461229,0.17818325932573872,-0.7955695141947928,-0.292821978465506,-0.9506512987355723,0.5907370137716643,1.0,0.0,0.0,0.0,0.0,0.0,1.0,0.0,0.0,0.0,0.0,0.0,0.0,0.0,1.0,0.0,0.0,0.0,0.0,1.0,Placed
0.031439466999425084,-1.3965697679638052,1.1230164341289954,-0.1797796163894137,0.035130796683576736,-1.1854941459440516,0.3019700722711672,-0.04990644188333851,-0.6404466632116639,-2.8425920087510166,-0.021142153279378257,0.8012186554962907,-0.07845662826061611,-1.739826430488959,-1.131435230977177,-0.6232313256646373,-0.3758861606719324,0.0,0.0,0.0,0.0,1.0,0.0,1.0,0.0,0.0,0.0,0.0,1.0,0.0,0.0,0.0,0.0,1.0,0.0,0.0,0.0,Not Placed
-1.1855721587832007,0.57941883740255,-0.8230217522629171,-0.1797796163894137,0.9719520415789541,-1.1854941459440516,0.3019700722711672,0.25500497850050347,-0.37829389874987335,0.41051056257167323,0.655508122488536,-0.29503683588453367,-0.03179483051764292,-0.6765455331493095,0.4270495745754862,0.3506332096232722,0.13827510232998097,0.0,1.0,0.0,0.0,0.0,0.0,1.0,0.0,0.0,1.0,0.0,0.0,0.0,0.0,0.0,0.0,0.0,0.0,0.0,1.0,Not Placed
1.248451092782051,-2.0423176782142485,0.23205919216643345,0.9497258268948607,0.9719520415789541,0.7848562351263942,1.4784768473536365,-0.9646407030348667,-1.3693592278127398,0.03572916034555695,-1.0703302213240085,0.43065341897319503,1.7724613488773382,-0.9860078838675653,-0.30024333468242304,1.6687084858319086,-0.6089725998994668,1.0,0.0,0.0,0.0,0.0,0.0,0.0,1.0,0.0,1.0,0.0,0.0,0.0,0.0,0.0,1.0,0.0,0.0,0.0,0.0,Placed
0.031439466999425084,-1.7711035559090622,-0.6354518065865887,-1.309285059673688,0.035130796683576736,-0.20031895540882869,0.3019700722711672,-1.6526459592855884,-0.6468406330765857,-0.039227120099666314,-1.5036905102989646,-0.5729607632768562,-2.007144268303527,-0.914593495240276,-1.4431321920877092,-0.7323713166882827,-1.301376434075377,0.0,0.0,1.0,0.0,0.0,0.0,0.0,1.0,0.0,0.0,0.0,0.0,1.0,0.0,0.0,0.0,0.0,0.0,0.0,1.0,Not Placed
1.248451092782051,0.04990555099718758,-0.5182205905388831,0.9497258268948607,0.035130796683576736,1.7700314256616172,-0.874536702811302,1.4433776938426597,0.894106104369548,0.21562423341409212,0.41221813569557797,0.33801210984242086,0.4037152817501118,0.9977251335571551,0.5309485616123308,1.1565900664132658,0.2890957394772081,0.0,0.0,1.0,0.0,0.0,0.0,0.0,1.0,0.0,0.0,0.0,0.0,0.0,1.0,0.0,0.0,0.0,0.0,0.0,1.0,Placed
1.248451092782051,1.4834659117531719,0.4899678674713845,-0.1797796163894137,1.9087732864743314,-1.1854941459440516,-0.874536702811302,1.7717438388714135,1.6230186689706243,1.4149247205376643,1.0660599752016515,1.4033871648463223,1.7724613488773382,1.6801292915512585,1.4660394449439282,0.367423977473064,1.6327705067888756,0.0,0.0,1.0,0.0,0.0,0.0,0.0,1.0,0.0,1.0,0.0,0.0,0.0,0.0,0.0,0.0,0.0,1.0,0.0,0.0,Placed
1.248451092782051,-1.9002531379591505,-2.7104443306309784,-0.1797796163894137,-0.9016904482118007,-1.1854941459440516,-0.874536702811302,-0.9880954276797774,-1.2606617401090707,-1.8156909666514578,-1.0855358454985684,-0.26415639950760966,0.6525782030459704,-1.3906894194222084,-0.8420023385173961,-0.8079297720123445,-0.17022165547116708,0.0,1.0,0.0,0.0,0.0,0.0,0.0,1.0,0.0,0.0,0.0,0.0,0.0,1.0,0.0,1.0,0.0,0.0,0.0,0.0,Placed
0.031439466999425084,0.3469495897123908,-0.0024032399289777785,0.9497258268948607,-0.9016904482118007,1.7700314256616172,-0.874536702811302,0.8413730946232778,0.6639231892323665,0.46297995888332866,0.21454502142629914,0.6622566918001299,-0.23399595407052828,-0.04968589964309752,0.17472346320029378,-0.31260212044349417,0.39192799207759077,0.0,0.0,0.0,1.0,0.0,0.0,1.0,0.0,0.0,0.0,0.0,0.0,0.0,1.0,0.0,0.0,0.0,1.0,0.0,0.0,Placed
-1.1855721587832007,0.5406739627875242,0.3961828946332203,2.079231270179135,0.035130796683576736,-0.20031895540882869,2.654983622436106,1.0055561671376554,0.29307293706690707,1.0551345744005929,1.7275046267950056,1.4342676012232463,1.2125197759616544,-0.6765455331493095,1.7035228438852867,-1.3284435753558819,0.4124944425976681,1.0,0.0,0.0,0.0,0.0,0.0,1.0,0.0,0.0,0.0,0.0,0.0,1.0,0.0,0.0,0.0,0.0,0.0,1.0,0.0,Placed
-1.1855721587832007,-0.169648738487963,-0.2485887936291606,2.079231270179135,-0.9016904482118007,0.7848562351263942,0.3019700722711672,0.41136980946657664,0.4657101234197936,1.137586482890338,0.4654378203065377,-0.8894852361403335,-1.5483032571642865,0.7041326469782963,-0.30024333468242304,1.702290021531491,0.2548183219437472,0.0,0.0,0.0,0.0,0.0,1.0,1.0,0.0,0.0,0.0,0.0,1.0,0.0,0.0,0.0,1.0,0.0,0.0,0.0,0.0,Placed
0.031439466999425084,-0.5183526100232029,-0.1782500640005362,0.9497258268948607,-0.9016904482118007,-1.1854941459440516,0.3019700722711672,-0.49554621013664724,0.5360437919339321,0.13317232492434697,-0.7890261740946507,-0.7273629451614795,-0.43619707762341475,-0.08936055999159193,1.25824147087024,1.299311593136494,-0.3416087431384715,0.0,1.0,0.0,0.0,0.0,0.0,1.0,0.0,0.0,0.0,0.0,0.0,1.0,0.0,0.0,0.0,0.0,1.0,0.0,0.0,Placed
0.031439466999425084,-0.6991620248933266,-1.467793440525298,0.9497258268948607,0.9719520415789541,1.7700314256616172,-0.874536702811302,-0.0889976496248568,-0.3207481699655785,1.7297410984076023,1.28654152573277,-0.18695530856529802,0.28706078739267765,-0.3353434541522568,0.56063398648,-1.286466655731403,-1.1985441814749942,1.0,0.0,0.0,0.0,0.0,0.0,1.0,0.0,0.0,0.0,0.0,0.0,0.0,1.0,0.0,0.0,0.0,1.0,0.0,0.0,Placed
1.248451092782051,1.987149281748516,0.8416615156145013,-1.309285059673688,-0.9016904482118007,-1.1854941459440516,1.4784768473536365,1.4042864861011415,1.1242890195067303,-2.6402100515489137,0.19933939725174016,0.5773354917635876,-0.05512572938912952,0.8945710166510698,-1.1240138747602593,0.526936272046083,1.653336957308952,0.0,0.0,1.0,0.0,0.0,0.0,1.0,0.0,0.0,0.0,0.0,0.0,0.0,1.0,0.0,0.0,0.0,1.0,0.0,0.0,Not Placed
1.248451092782051,3.1236656037892967,-2.1360113719972205,0.9497258268948607,0.9719520415789541,-1.1854941459440516,-0.874536702811302,0.6771900221089014,0.5808015809883844,1.624802305784289,1.1877049685981311,-0.549800435994163,1.4769366298385054,1.7753484763876453,1.7035228438852867,-0.681999013138908,0.570170563251588,0.0,0.0,0.0,0.0,1.0,0.0,0.0,1.0,0.0,0.0,0.0,0.0,1.0,0.0,0.0,0.0,0.0,1.0,0.0,0.0,Placed
0.031439466999425084,1.405976162523118,1.3105863798053239,-0.1797796163894137,-0.9016904482118007,0.7848562351263942,-0.874536702811302,-0.3939090700086999,-0.14811098361269187,0.2605980016812267,-0.6217643081744931,1.1254632374539997,-0.19511112261805025,-0.39882291070984877,0.575476698913835,-0.060740602696621016,0.29595122298390086,0.0,0.0,0.0,0.0,1.0,0.0,0.0,1.0,0.0,1.0,0.0,0.0,0.0,0.0,0.0,1.0,0.0,0.0,0.0,0.0,Placed
0.031439466999425084,-0.42794790258814047,-0.916806725101083,-0.1797796163894137,0.9719520415789541,0.7848562351263942,-0.874536702811302,-1.2304609156771908,-1.5292084744357826,1.6922629581849906,0.5794800016157367,0.6622566918001299,0.8858871917608385,1.6642594274118603,1.1543424838333953,-1.1605358968579664,-0.9791687092608444,0.0,0.0,0.0,1.0,0.0,0.0,0.0,0.0,1.0,0.0,0.0,1.0,0.0,0.0,0.0,1.0,0.0,0.0,0.0,0.0,Placed
0.031439466999425084,-0.6475021920732911,0.29067480019028624,-0.1797796163894137,-0.9016904482118007,1.7700314256616172,1.4784768473536365,-0.6910022488442387,-0.5509310851027599,0.10318981274625724,0.815167176321414,1.0637023647001507,0.16262932674474728,0.30738604349335213,-0.040495867090312505,-0.7743482363127615,0.4399163766244362,0.0,0.0,1.0,0.0,0.0,0.0,1.0,0.0,0.0,0.0,0.0,0.0,1.0,0.0,0.0,0.0,0.0,1.0,0.0,0.0,Placed
0.031439466999425084,-1.2932501023237342,-0.8347448738676887,-0.1797796163894137,-0.9016904482118007,-1.1854941459440516,1.4784768473536365,0.28627794469371853,0.08207193152449052,-1.7182478020726677,0.7011249950122151,-0.37995803592107713,-0.5450746056903526,-1.0336174762857586,-0.15923756656099117,-1.588700477027651,-0.3141868091117034,0.0,0.0,1.0,0.0,0.0,0.0,0.0,1.0,0.0,0.0,0.0,1.0,0.0,0.0,0.0,0.0,0.0,1.0,0.0,0.0,Not Placed
-1.1855721587832007,0.8118880850927115,1.3105863798053239,-1.309285059673688,-0.9016904482118007,-0.20031895540882869,-0.874536702811302,0.16118607992086048,0.3889824850407328,-1.6657784057610112,-1.6937608124809629,-0.18695530856529802,-0.40508921246143187,0.2994511114236537,-0.292821978465506,0.30865628999879335,0.5496041127315117,0.0,0.0,0.0,0.0,0.0,1.0,1.0,0.0,0.0,0.0,0.0,0.0,1.0,0.0,0.0,0.0,1.0,0.0,0.0,0.0,Not Placed
-1.1855721587832007,0.21780000766230267,-0.21341942881484924,-0.1797796163894137,0.035130796683576736,2.75520661619684,1.4784768473536365,0.06736718134121636,0.47849806314963633,0.36553679430453867,0.2905731422990984,-0.549800435994163,0.3959383154596155,1.6007799708542696,0.5086844929615787,-0.018763683072142164,0.17940800337013363,0.0,0.0,1.0,0.0,0.0,0.0,1.0,0.0,0.0,0.0,0.0,1.0,0.0,0.0,0.0,0.0,0.0,0.0,0.0,1.0,Placed
-1.1855721587832007,1.2122517894479845,0.5368603538904674,0.9497258268948607,0.035130796683576736,-1.1854941459440516,2.654983622436106,-1.6448277177372852,-1.9448165156556942,-0.6313817356169305,-1.1463583421968078,-0.12519443581144893,-0.47508190907589276,1.7118690198300544,0.6645329735168446,0.7787977897929561,-1.7264164114902918,0.0,0.0,1.0,0.0,0.0,0.0,0.0,1.0,0.0,0.0,0.0,1.0,0.0,0.0,0.0,1.0,0.0,0.0,0.0,0.0,Not Placed
0.031439466999425084,1.0443573327828706,0.7947690291954201,-0.1797796163894137,-0.9016904482118007,-0.20031895540882869,-0.874536702811302,-1.1991879494839763,-0.7811140002399419,-0.11418340054488957,1.4005837070419689,-1.0824879634961126,1.0258725849897603,0.553368937654017,-0.5822548709252856,-0.6232313256646373,-1.4521970712226047,1.0,0.0,0.0,0.0,0.0,0.0,1.0,0.0,0.0,0.0,0.0,0.0,0.0,1.0,0.0,0.0,0.0,0.0,0.0,1.0,Not Placed
0.031439466999425084,-1.1124406874536106,-1.0340379411487886,-0.1797796163894137,0.035130796683576736,1.7700314256616172,-0.874536702811302,1.0837385826206918,1.6230186689706243,0.4854668430168965,-0.34046026094513554,-2.2482244367250184,-0.18733415632755507,-0.3274085220825584,0.17472346320029378,-2.3023081106437915,1.1940195623605758,0.0,0.0,0.0,0.0,1.0,0.0,0.0,1.0,0.0,0.0,1.0,0.0,0.0,0.0,0.0,0.0,1.0,0.0,0.0,0.0,Placed
-1.1855721587832007,-0.7249919413033449,0.7009840563572559,-0.1797796163894137,0.9719520415789541,-0.20031895540882869,-0.874536702811302,1.7717438388714135,1.6230186689706243,-0.6688598758395421,-0.6597783686108928,-0.08659389034029312,0.014866967225331394,-0.8273092424735876,0.9688085784104593,-1.286466655731403,1.3242737489877277,0.0,0.0,0.0,0.0,1.0,0.0,0.0,1.0,0.0,0.0,0.0,1.0,0.0,0.0,0.0,0.0,1.0,0.0,0.0,0.0,Placed
0.031439466999425084,-0.35045815335808783,-1.3388391028728226,2.079231270179135,0.035130796683576736,0.7848562351263942,0.3019700722711672,-0.21408951439771598,0.29946690693182837,0.2605980016812267,-0.09717027415217756,-0.0016726903037496612,0.675909101917458,-0.0258811034340011,-0.641625720660625,0.3002609060738969,0.39192799207759077,0.0,0.0,1.0,0.0,0.0,0.0,0.0,1.0,0.0,0.0,0.0,1.0,0.0,0.0,0.0,0.0,0.0,0.0,0.0,1.0,Placed
-1.1855721587832007,0.20488504945729408,0.208612948956892,0.9497258268948607,0.9719520415789541,1.7700314256616172,-0.874536702811302,0.5833711235292574,0.3186488165265934,-0.23411344925724742,0.7467418675358942,0.9170202919097581,0.014866967225331394,0.5295641414449206,0.1969875318510459,0.31705167392368866,0.18626348687682542,0.0,0.0,0.0,0.0,0.0,1.0,0.0,1.0,0.0,0.0,0.0,0.0,1.0,0.0,0.0,0.0,0.0,0.0,0.0,1.0,Placed
1.248451092782051,-0.5183526100232029,-2.288411952859238,-0.1797796163894137,1.9087732864743314,2.75520661619684,0.3019700722711672,0.6928265052055089,0.472104093284715,-1.9656035275419044,-0.08196464997761747,1.7585121831809554,0.3492765177166423,0.013793556914493306,0.34541465618939476,1.5091961912588885,0.7689795849456605,1.0,0.0,0.0,0.0,0.0,0.0,1.0,0.0,0.0,0.0,0.0,0.0,0.0,0.0,1.0,0.0,0.0,0.0,0.0,1.0,Placed
0.031439466999425084,1.134762040217933,-1.2685003732441997,0.9497258268948607,-0.9016904482118007,1.7700314256616172,0.3019700722711672,-0.581546867167987,-0.1736868630723782,-0.8412593208635554,-0.25682932798505564,1.1795040011136182,1.243627641123637,0.30738604349335213,0.8203814540721105,2.164036137400758,-0.026256501830631714,0.0,0.0,0.0,1.0,0.0,0.0,0.0,1.0,0.0,0.0,0.0,0.0,0.0,1.0,0.0,0.0,0.0,1.0,0.0,0.0,Placed
0.031439466999425084,-0.1309038638729361,0.208612948956892,-0.1797796163894137,-0.9016904482118007,-0.20031895540882869,0.3019700722711672,-0.19845303130110845,0.005344293145429722,-0.00924460792157765,-0.0059365291048181805,0.013767527884712884,-0.3195425832659806,-0.010011239294603113,0.33057194375555965,-1.0849774415339046,0.4330608931177444,0.0,0.0,1.0,0.0,0.0,0.0,1.0,0.0,0.0,0.0,0.0,0.0,1.0,0.0,0.0,0.0,0.0,1.0,0.0,0.0,Placed
-1.1855721587832007,-0.2213085713079985,-1.2802234948489697,-0.1797796163894137,0.9719520415789541,-0.20031895540882869,1.4784768473536365,-0.9177312537450446,-0.35271801929018703,0.41051056257167323,0.6403024983139759,0.7626181100251349,-0.14067235858458077,0.8548963563025754,-2.2001105262132885,-1.4207927985297355,-0.8969029071805386,0.0,1.0,0.0,0.0,0.0,0.0,1.0,0.0,0.0,0.0,0.0,0.0,1.0,0.0,0.0,1.0,0.0,0.0,0.0,0.0,Placed
0.031439466999425084,-0.7379068995083535,0.99406209647652,-0.1797796163894137,0.9719520415789541,0.7848562351263942,-0.874536702811302,0.8726460608164929,1.3225020853193032,-0.2940784736134258,-0.028744965366657754,1.6967513104271064,0.823671461436874,0.9104408807904667,1.599623856848442,0.40940089709754285,1.5847821222420302,0.0,0.0,0.0,1.0,0.0,0.0,1.0,0.0,0.0,0.0,0.0,0.0,0.0,0.0,1.0,1.0,0.0,0.0,0.0,0.0,Placed
-1.1855721587832007,-1.1511855620686364,-0.6354518065865887,-0.1797796163894137,0.035130796683576736,-1.1854941459440516,-0.874536702811302,-1.5119176114161228,-1.0624486742964974,0.3055717699483603,0.18413377307718007,-0.9358058907057205,-0.26510381923251114,-0.486107163476536,-1.3466545612677827,0.40940089709754285,-0.9586022587407681,0.0,0.0,0.0,0.0,1.0,0.0,1.0,0.0,0.0,1.0,0.0,0.0,0.0,0.0,0.0,0.0,1.0,0.0,0.0,0.0,Placed
-1.1855721587832007,0.19197009125228548,1.6505569063436707,-0.1797796163894137,0.035130796683576736,-1.1854941459440516,-0.874536702811302,-0.8786400460035269,0.44013424396010636,0.1106854407907802,0.5718771895284561,-0.904925454328796,-0.26510381923251114,-1.557322992885885,-0.5451480898406984,0.5605178077456665,0.3439396075307463,1.0,0.0,0.0,0.0,0.0,0.0,0.0,1.0,0.0,0.0,0.0,0.0,0.0,0.0,1.0,0.0,0.0,0.0,1.0,0.0,Placed
1.248451092782051,-0.7249919413033449,1.4864332038768822,0.9497258268948607,-0.9016904482118007,1.7700314256616172,0.3019700722711672,1.1306480319105134,-0.33353610969542113,0.6503706599963868,0.7543446796231749,-1.1751292726268867,0.559254607560024,-0.10523042413098992,1.7035228438852867,-1.0094189862098428,0.5358931457181271,0.0,1.0,0.0,0.0,0.0,0.0,0.0,1.0,0.0,0.0,0.0,0.0,1.0,0.0,0.0,0.0,0.0,1.0,0.0,0.0,Placed
0.031439466999425084,-0.9703761471985126,0.2672285569807448,2.079231270179135,-0.9016904482118007,-1.1854941459440516,1.4784768473536365,1.0368291333308692,1.2905322359946947,-2.063046692120695,0.2905731422990984,-0.35679770863838384,0.528146742398041,0.8866360845813702,0.21183024428488098,-0.4217421114671389,1.5367937376951848,0.0,0.0,1.0,0.0,0.0,0.0,1.0,0.0,0.0,0.0,0.0,1.0,0.0,0.0,0.0,0.0,0.0,0.0,1.0,0.0,Placed
-1.1855721587832007,0.8506329597077372,1.1581857989433069,-1.309285059673688,0.9719520415789541,-1.1854941459440516,-0.874536702811302,-0.20627127284941166,-0.06498937536870972,-0.22661782121272445,1.7275046267950056,1.2953056375270855,-0.8094914595672037,-0.4067578427795472,-0.33735011576701024,0.7871931737178526,0.008020915702829179,1.0,0.0,0.0,0.0,0.0,0.0,0.0,0.0,1.0,0.0,1.0,0.0,0.0,0.0,0.0,0.0,0.0,0.0,0.0,1.0,Placed
-1.1855721587832007,0.4631842135574716,-0.33065064486255485,-0.1797796163894137,0.035130796683576736,0.7848562351263942,0.3019700722711672,0.21591377075898519,1.4631694223475813,1.7297410984076023,-0.8802599191420102,-0.10975421762298639,1.7724613488773382,0.14075247002967609,0.4270495745754862,-0.4721144150165131,1.5025163201617238,0.0,0.0,0.0,0.0,0.0,1.0,1.0,0.0,0.0,0.0,0.0,0.0,0.0,1.0,0.0,0.0,1.0,0.0,0.0,0.0,Placed
0.031439466999425084,-0.996206063608531,-1.022314819544017,0.9497258268948607,-1.8385116931071779,-0.20031895540882869,0.3019700722711672,-1.2382791572254948,-1.1583582222703233,-1.8081953386069358,0.5946856257902956,0.7085773463655176,-2.364884717666325,-1.2161209138888334,-0.02565315465647741,-0.22025289726963995,-1.4453415877159128,1.0,0.0,0.0,0.0,0.0,0.0,1.0,0.0,0.0,1.0,0.0,0.0,0.0,0.0,0.0,0.0,0.0,0.0,1.0,0.0,Placed
0.031439466999425084,-1.8615082633441247,-0.2485887936291606,-1.309285059673688,-0.9016904482118007,1.7700314256616172,0.3019700722711672,-0.5580921425230763,-0.4869913864535428,0.35804116626001675,0.33619001482277866,-2.3408657458557927,-1.6027420211977554,-0.8193743104038892,-0.49319859632227614,-2.209958887469938,-1.0408680608210739,0.0,0.0,1.0,0.0,0.0,0.0,1.0,0.0,0.0,0.0,0.0,0.0,0.0,1.0,0.0,0.0,0.0,0.0,0.0,1.0,Not Placed
-1.1855721587832007,2.2196185294386774,-0.21341942881484924,-1.309285059673688,-0.9016904482118007,0.7848562351263942,0.3019700722711672,1.4199229691977489,1.6230186689706243,-0.4664779186374391,-0.2796377642468963,-0.07115367215183058,1.010318652408769,0.1248826058902781,-0.03307451087339549,0.7368208701684772,1.1665976283338078,1.0,0.0,0.0,0.0,0.0,0.0,0.0,1.0,0.0,0.0,0.0,1.0,0.0,0.0,0.0,0.0,1.0,0.0,0.0,0.0,Placed
0.031439466999425084,1.1605919566279501,-1.5029628053396111,0.9497258268948607,0.9719520415789541,-0.20031895540882869,-0.874536702811302,1.6153790079053403,0.9836216824784524,1.1150995987567713,0.9064009213687734,1.7585121831809554,1.1503040456376896,0.767612103535887,1.6367306379330293,-0.2622298168941188,1.4476724521081867,0.0,0.0,0.0,1.0,0.0,0.0,0.0,1.0,0.0,0.0,1.0,0.0,0.0,0.0,0.0,0.0,0.0,1.0,0.0,0.0,Placed
1.248451092782051,-0.0017542818228479195,0.3258441650045976,-0.1797796163894137,0.035130796683576736,-1.1854941459440516,0.3019700722711672,-0.6988204903925419,-0.9409632468629848,-1.6507871496719668,-2.081504228932239,-0.13291454490567967,0.4192692143311021,-0.4226277069189452,0.10793125724803636,-0.10271752232109987,-0.3141868091117034,0.0,1.0,0.0,0.0,0.0,0.0,0.0,1.0,0.0,0.0,1.0,0.0,0.0,0.0,0.0,0.0,1.0,0.0,0.0,0.0,Placed
0.031439466999425084,-1.3190800187337526,1.603664419924588,-0.1797796163894137,0.035130796683576736,-0.20031895540882869,0.3019700722711672,-0.2688172052358407,0.7918025865308009,0.8002832208868333,-1.1615639663713677,0.13728927339241107,-0.06290269567962468,0.5930435980025114,-1.2427555742309386,-1.4207927985297355,0.3439396075307463,0.0,0.0,0.0,1.0,0.0,0.0,1.0,0.0,0.0,0.0,1.0,0.0,0.0,0.0,0.0,0.0,0.0,1.0,0.0,0.0,Placed
-1.1855721587832007,0.3211196733023737,1.6153875415293595,-0.1797796163894137,-0.9016904482118007,-0.20031895540882869,1.4784768473536365,0.4426427756597917,1.3161081154543819,0.21562423341409212,0.44262938404469704,0.3843327644078085,-1.3616560661923913,1.1722936390905307,1.1988706211349007,0.4010055131726464,0.7689795849456605,0.0,0.0,0.0,0.0,1.0,0.0,1.0,0.0,0.0,1.0,0.0,0.0,0.0,0.0,0.0,0.0,0.0,0.0,0.0,1.0,Placed
0.031439466999425084,-0.2342235295130071,-0.0024032399289777785,-1.309285059673688,0.035130796683576736,-0.20031895540882869,0.3019700722711672,0.5130069495945251,0.1587995699035504,0.4554843308388068,-0.6673811806981723,-0.27187650860184037,-1.0194695494105848,-0.36708318243105276,0.1969875318510459,-1.03460513798453,0.878667321052736,0.0,0.0,1.0,0.0,0.0,0.0,1.0,0.0,0.0,0.0,0.0,0.0,0.0,1.0,0.0,0.0,0.0,1.0,0.0,0.0,Placed
1.248451092782051,2.0646390309785696,0.5485834754952373,-1.309285059673688,0.035130796683576736,-0.20031895540882869,-0.874536702811302,-0.730093456585757,-1.7913612388975733,0.47047558692785163,0.28297033021181894,-0.8663249088576401,-0.8561532573101769,0.6882627828388982,0.4122068621416511,0.3002609060738969,-0.7872151710734636,0.0,0.0,0.0,0.0,0.0,1.0,0.0,1.0,0.0,0.0,0.0,1.0,0.0,0.0,0.0,0.0,1.0,0.0,0.0,0.0,Placed
1.248451092782051,1.2251667476529933,0.24378231377120335,2.079231270179135,0.9719520415789541,-0.20031895540882869,-0.874536702811302,1.7717438388714135,1.4695633922125027,1.7297410984076023,1.674284942184046,1.7585121831809554,0.598139439012502,1.7753484763876453,1.7035228438852867,0.6528670309195195,1.0637653757334251,0.0,0.0,0.0,0.0,0.0,1.0,0.0,1.0,0.0,0.0,0.0,1.0,0.0,0.0,0.0,0.0,0.0,0.0,0.0,1.0,Placed
-1.1855721587832007,-2.261871967699399,0.09138173290918639,-0.1797796163894137,0.9719520415789541,-0.20031895540882869,0.3019700722711672,1.029010891782566,1.5526850004564856,-0.0916965164113228,-1.2680033355932867,0.13728927339241107,-0.1328953922940856,-0.5654564841735248,0.15988075076645866,-1.7733989233753582,0.6524363653318943,1.0,0.0,0.0,0.0,0.0,0.0,0.0,1.0,0.0,0.0,0.0,0.0,0.0,1.0,0.0,1.0,0.0,0.0,0.0,0.0,Placed
-1.1855721587832007,0.3340346315073823,-1.5498552917586923,-1.309285059673688,0.035130796683576736,-0.20031895540882869,-0.874536702811302,-1.6917371670271066,-1.3246014387582878,-0.36903475405864905,-2.2791773432015177,0.3457322189366527,0.014866967225331394,-1.3986243514919072,0.4641563556600734,0.04000400440212847,-1.4179196536891436,0.0,0.0,0.0,1.0,0.0,0.0,0.0,1.0,0.0,0.0,0.0,0.0,1.0,0.0,0.0,0.0,0.0,1.0,0.0,0.0,Placed
1.248451092782051,0.07573546740720476,-2.6752749658166666,-1.309285059673688,0.035130796683576736,0.7848562351263942,-0.874536702811302,-1.6995554085754103,-1.9064526964661643,-0.5114516869045737,-1.1995780268077674,-0.6964825087845544,-0.3584274147184587,-1.9143949360223347,-0.2260297725132486,-0.9254651469608852,-2.1034680043583616,0.0,0.0,0.0,1.0,0.0,0.0,1.0,0.0,0.0,0.0,0.0,1.0,0.0,0.0,0.0,0.0,0.0,1.0,0.0,0.0,Not Placed
-1.1855721587832007,1.2509966640630126,0.5720297187047787,-0.1797796163894137,-0.9016904482118007,0.7848562351263942,-0.874536702811302,-1.0193683938729925,-0.0010496767194925415,-0.8112768086854667,0.4882462565683773,1.1949442193020807,0.3959383154596155,1.4817559898087864,-0.2557151973809188,0.6276808791448324,-1.0545790278344584,1.0,0.0,0.0,0.0,0.0,0.0,0.0,1.0,0.0,1.0,0.0,0.0,0.0,0.0,0.0,0.0,0.0,0.0,0.0,1.0,Not Placed
0.031439466999425084,0.23071496586731124,-0.3658200096768662,-0.1797796163894137,0.9719520415789541,0.7848562351263942,0.3019700722711672,-0.7066387319408463,-0.3463240494252648,-0.8187724367299887,0.7011249950122151,0.4074930916905018,1.578037191614948,0.8628312883722739,-0.8345809823004792,0.1911209150502521,0.851245387025967,1.0,0.0,0.0,0.0,0.0,0.0,0.0,1.0,0.0,0.0,1.0,0.0,0.0,0.0,0.0,0.0,0.0,0.0,0.0,1.0,Not Placed
1.248451092782051,-0.686247066688318,-0.27203503683870206,-1.309285059673688,-0.9016904482118007,1.7700314256616172,-0.874536702811302,-0.3939090700086999,0.12043575071402046,-0.4964604308155288,-1.7697889333537622,0.5696153826693557,-1.003915616829594,-1.0018777480069632,-2.2223745948640405,-0.11950829017089165,0.4330608931177444,0.0,1.0,0.0,0.0,0.0,0.0,1.0,0.0,0.0,0.0,0.0,0.0,0.0,0.0,1.0,0.0,0.0,0.0,1.0,0.0,Not Placed
-1.1855721587832007,0.04990555099718758,-0.8933604818915415,0.9497258268948607,1.9087732864743314,-0.20031895540882869,-0.874536702811302,0.3800968432733627,1.0603493208575132,0.8002832208868333,0.047283155506141546,0.32257189165395944,1.7724613488773382,-0.38295304657045076,0.7016397546014318,-0.010368299147245675,1.529938254188493,0.0,0.0,0.0,0.0,1.0,0.0,1.0,0.0,0.0,0.0,0.0,1.0,0.0,0.0,0.0,0.0,0.0,0.0,1.0,0.0,Placed
-1.1855721587832007,1.2509966640630126,-0.7644061442390643,-0.1797796163894137,0.035130796683576736,0.7848562351263942,0.3019700722711672,0.3488238770801476,-0.570112994697525,0.4479887027942849,-0.1427871466758567,0.5541751644808943,1.7724613488773382,1.3309922804845082,0.3231505875386426,1.072636227164308,-0.3758861606719324,0.0,1.0,0.0,0.0,0.0,0.0,1.0,0.0,0.0,0.0,0.0,0.0,0.0,0.0,1.0,0.0,0.0,0.0,0.0,1.0,Not Placed
1.248451092782051,0.04990555099718758,0.99406209647652,-0.1797796163894137,0.9719520415789541,0.7848562351263942,1.4784768473536365,0.24718673695220025,0.38258851517581055,-1.0586325341547034,0.06248877968070054,-0.711922726973017,1.7335765174248603,0.029663421053891293,0.6422689048660924,-0.19506674549495287,-0.0331119853373235,0.0,0.0,0.0,0.0,0.0,1.0,1.0,0.0,0.0,0.0,0.0,0.0,0.0,0.0,1.0,0.0,1.0,0.0,0.0,0.0,Placed
-1.1855721587832007,0.7602282522726749,-0.23686567202438902,0.9497258268948607,0.9719520415789541,-0.20031895540882869,0.3019700722711672,1.7717438388714135,1.6230186689706243,0.9501957817772798,0.7011249950122151,1.4960284739770955,1.3758360680620627,0.3788004321206425,1.0356007843627169,2.264780744499508,1.653336957308952,1.0,0.0,0.0,0.0,0.0,0.0,0.0,1.0,0.0,1.0,0.0,0.0,0.0,0.0,0.0,1.0,0.0,0.0,0.0,0.0,Placed
0.031439466999425084,-0.7379068995083535,-0.6002824417722774,-0.1797796163894137,1.9087732864743314,-1.1854941459440516,0.3019700722711672,-1.4180987128364786,-0.6852044522661161,-1.2610144913568058,0.7087278070994946,-0.3104770540729962,0.1548523604542521,0.569238801793415,-0.4189850341531017,0.5857039595203536,-0.9517467752340758,1.0,0.0,0.0,0.0,0.0,0.0,0.0,1.0,0.0,0.0,1.0,0.0,0.0,0.0,0.0,0.0,0.0,0.0,1.0,0.0,Placed
-1.1855721587832007,-0.8412265651484245,0.4665216242618447,0.9497258268948607,0.9719520415789541,-0.20031895540882869,-0.874536702811302,-0.034269958786730975,-0.49338535631846414,-0.03173149205514441,-0.25682932798505564,-0.10975421762298639,-1.128347077477523,0.370865500050943,0.30830787510480756,0.16593476327556503,-0.14279972144439895,0.0,1.0,0.0,0.0,0.0,0.0,0.0,1.0,0.0,1.0,0.0,0.0,0.0,0.0,0.0,0.0,0.0,1.0,0.0,0.0,Placed
-1.1855721587832007,-0.5054376518181932,1.1347395557337654,0.9497258268948607,0.035130796683576736,-1.1854941459440516,2.654983622436106,-0.4330002777502182,-0.09056525482839606,-1.3284751437575066,-0.7510121136582512,-0.009392799397981483,-1.7193965155551894,-2.342881267786074,-1.6212447412937276,0.12395784365108618,-0.32789777612508797,1.0,0.0,0.0,0.0,0.0,0.0,0.0,1.0,0.0,0.0,0.0,0.0,1.0,0.0,0.0,0.0,0.0,0.0,1.0,0.0,Placed
1.248451092782051,-0.31171327874306093,0.7830459075906485,0.9497258268948607,1.9087732864743314,0.7848562351263942,1.4784768473536365,1.2166486889418542,1.6230186689706243,1.452402860760276,1.316952774081889,-0.1715150903768355,0.5514776412695277,0.7200025111176942,0.6348475486491744,0.5101455041962911,0.7758350684523534,1.0,0.0,0.0,0.0,0.0,0.0,1.0,0.0,0.0,0.0,0.0,0.0,0.0,1.0,0.0,0.0,0.0,0.0,1.0,0.0,Placed
1.248451092782051,-0.45377781899815767,0.4313522594475317,-0.1797796163894137,0.035130796683576736,-1.1854941459440516,-0.874536702811302,-1.3086433311602275,-1.2095099811896968,-0.47397354668196207,-1.640541127870003,-0.7891238179153286,-0.9883616842486025,0.9342456769995642,-0.09244536060873482,0.4513778167220217,-1.0340125773143822,0.0,0.0,0.0,0.0,0.0,1.0,1.0,0.0,0.0,0.0,1.0,0.0,0.0,0.0,0.0,0.0,0.0,0.0,1.0,0.0,Placed
0.031439466999425084,0.3856944643274177,0.03276612488533357,-0.1797796163894137,0.035130796683576736,0.7848562351263942,-0.874536702811302,-0.4408185192985214,-0.4550215371289342,1.2725077876917408,0.7999615521468539,-0.5575205450883937,-3.0959195489729123,-0.46230236726743956,0.7981173854213583,1.7274761733061779,-0.5609842153526214,0.0,0.0,0.0,1.0,0.0,0.0,0.0,1.0,0.0,0.0,0.0,0.0,1.0,0.0,0.0,0.0,1.0,0.0,0.0,0.0,Placed
-1.1855721587832007,0.08865042561221449,-1.3857315892919053,-1.309285059673688,-0.9016904482118007,0.7848562351263942,-0.874536702811302,0.12991311372764539,-0.6148707837519771,-0.3090697297024707,-0.40888556973065426,-0.6810422905960918,-1.2994403358684268,-0.5178468917553319,0.18214481941721078,-1.1353497450832795,-0.7255158195132341,0.0,0.0,0.0,1.0,0.0,0.0,0.0,1.0,0.0,0.0,1.0,0.0,0.0,0.0,0.0,0.0,0.0,1.0,0.0,0.0,Placed
-1.1855721587832007,1.509295828163189,-0.9402529683106228,-0.1797796163894137,1.9087732864743314,-1.1854941459440516,0.3019700722711672,0.8961007854614036,0.7790146468009572,-0.12917465663393443,0.4654378203065377,-0.7273629451614795,1.5858141579054432,1.7753484763876453,1.7035228438852867,-0.740766700613178,0.6592918488385862,0.0,0.0,0.0,0.0,1.0,0.0,0.0,1.0,0.0,0.0,0.0,0.0,0.0,0.0,1.0,1.0,0.0,0.0,0.0,0.0,Placed
1.248451092782051,-0.28588336233304257,-1.1395460355917226,0.9497258268948607,0.9719520415789541,-0.20031895540882869,0.3019700722711672,0.6068258481741681,0.7214689180166624,1.2500209035581729,0.7543446796231749,0.013767527884712884,-0.7161678640812562,0.585108665932813,0.6200048362153404,-1.1437451290081753,-0.08110036988416895,0.0,1.0,0.0,0.0,0.0,0.0,0.0,1.0,0.0,0.0,0.0,0.0,0.0,1.0,0.0,0.0,0.0,1.0,0.0,0.0,Placed
0.031439466999425084,0.5535889209925329,0.7595996643811087,-1.309285059673688,0.9719520415789541,0.7848562351263942,0.3019700722711672,0.7631906791402412,0.7406508276114273,-0.45148666254839426,0.4046153236082974,-0.5420803268999311,0.20151415819722532,-1.366884623213112,-1.2279128617971033,0.1995162989751486,0.6730028158519706,0.0,0.0,1.0,0.0,0.0,0.0,0.0,1.0,0.0,0.0,0.0,0.0,0.0,1.0,0.0,0.0,1.0,0.0,0.0,0.0,Placed
0.031439466999425084,1.2897415386780384,-1.1278229139869527,0.9497258268948607,0.035130796683576736,1.7700314256616172,-0.874536702811302,1.2948311044248908,-0.3079602302357348,1.145082110934861,0.27536751812453947,0.9401806191924525,1.4380517983860275,1.7753484763876453,1.3621404579070846,1.5343823430335755,-0.636394533926236,0.0,0.0,0.0,0.0,1.0,0.0,1.0,0.0,0.0,0.0,0.0,1.0,0.0,0.0,0.0,0.0,1.0,0.0,0.0,0.0,Placed
1.248451092782051,-0.7120769830983351,0.4899678674713845,2.079231270179135,0.035130796683576736,-0.20031895540882869,-0.874536702811302,0.9351919932029219,1.437593542887894,-0.18164405294559094,1.7275046267950056,0.36117243712511526,0.6448012367554752,0.370865500050943,-1.0423789563741674,-0.03555445092193394,0.9677886066397341,0.0,0.0,0.0,1.0,0.0,0.0,0.0,1.0,0.0,0.0,0.0,0.0,1.0,0.0,0.0,1.0,0.0,0.0,0.0,0.0,Placed
1.248451092782051,-1.9002531379591505,-0.0024032399289777785,-0.1797796163894137,0.9719520415789541,-0.20031895540882869,-0.874536702811302,-0.13590709891467942,0.26110308774229846,0.6803531721744766,-0.6977924290472924,-0.5189199996172378,0.7614557311129093,-2.3508161998557733,0.018874982645026826,-1.1353497450832795,-0.24563197404478163,0.0,1.0,0.0,0.0,0.0,0.0,1.0,0.0,0.0,0.0,0.0,1.0,0.0,0.0,0.0,1.0,0.0,0.0,0.0,0.0,Placed
0.031439466999425084,0.682738503042621,-0.15480382079099642,-0.1797796163894137,-0.9016904482118007,-0.20031895540882869,0.3019700722711672,-0.7691846643272753,-0.6276587234818207,-0.6088948514833638,-0.462105254341614,0.824378982778985,-0.26510381923251114,0.18042713037817049,0.1969875318510459,-0.681999013138908,-1.3356538516088379,1.0,0.0,0.0,0.0,0.0,0.0,0.0,1.0,0.0,1.0,0.0,0.0,0.0,0.0,0.0,1.0,0.0,0.0,0.0,0.0,Placed
1.248451092782051,-0.2213085713079985,-0.916806725101083,-0.1797796163894137,-0.9016904482118007,-0.20031895540882869,0.3019700722711672,-1.0115501523246888,-1.497238625111174,0.02823353230103398,-1.4352652015134453,-0.8972053452345647,0.038197866096817995,-1.6446072456525727,-0.6564684330944601,1.3916608163103472,-1.9595028507178263,0.0,0.0,0.0,0.0,0.0,1.0,0.0,1.0,0.0,1.0,0.0,0.0,0.0,0.0,0.0,0.0,0.0,0.0,0.0,1.0,Placed
1.248451092782051,-1.7581885977040537,-1.9836107911352034,-0.1797796163894137,-0.9016904482118007,-1.1854941459440516,0.3019700722711672,-0.3235448960739665,0.13961766030878545,-2.250437393233753,-1.8838311146629612,-1.7927380001653799,-1.493864493130817,-0.9939428159372643,-0.7900528449989739,1.1062177628638916,-0.36903067716524063,0.0,0.0,0.0,1.0,0.0,0.0,1.0,0.0,0.0,0.0,0.0,0.0,1.0,0.0,0.0,1.0,0.0,0.0,0.0,0.0,Placed
0.031439466999425084,-0.9316312725834858,0.29067480019028624,-0.1797796163894137,0.035130796683576736,-0.20031895540882869,-0.874536702811302,-1.4650081621263007,-1.4269049565970355,0.537936239328552,-1.0855358454985684,0.09868872792125524,-1.4783105605498255,-0.03381603550369953,-1.0572216688080025,-0.5056959507160966,-1.2122551484883783,0.0,1.0,0.0,0.0,0.0,0.0,1.0,0.0,0.0,0.0,0.0,0.0,0.0,0.0,1.0,1.0,0.0,0.0,0.0,0.0,Not Placed
-1.1855721587832007,0.04990555099718758,-1.3974547108966753,-0.1797796163894137,-0.9016904482118007,0.7848562351263942,-0.874536702811302,-0.9959136692280812,0.8301664057203308,0.25310237363670374,0.36660126317189773,-1.3990124363595904,-0.8017144932767074,-0.7558948538462984,-0.34477147198392727,-0.9254651469608852,-1.075145478354535,1.0,0.0,0.0,0.0,0.0,0.0,0.0,1.0,0.0,0.0,0.0,0.0,0.0,1.0,0.0,0.0,0.0,1.0,0.0,0.0,Placed
1.248451092782051,0.12739530022724024,-0.07274196955760215,0.9497258268948607,0.035130796683576736,0.7848562351263942,-0.874536702811302,-1.2226426741288872,-0.9025994276734545,1.7297410984076023,-3.275145726635188,0.39977298259627103,0.3337225851356509,0.48195454902672774,1.7035228438852867,0.5940993434452488,-0.47186292976562333,0.0,0.0,0.0,0.0,0.0,1.0,0.0,1.0,0.0,1.0,0.0,0.0,0.0,0.0,0.0,0.0,0.0,1.0,0.0,0.0,Placed
-1.1855721587832007,-0.35045815335808783,-0.061018847952830586,-0.1797796163894137,0.9719520415789541,0.7848562351263942,0.3019700722711672,1.7717438388714135,1.0923191701821218,0.3205630260374051,-1.2071808388950473,0.16044960067510433,-0.09401056084160755,1.3389272125542067,-0.8642664071681488,-0.010368299147245675,1.461383419121571,0.0,0.0,1.0,0.0,0.0,0.0,0.0,1.0,0.0,0.0,1.0,0.0,0.0,0.0,0.0,1.0,0.0,0.0,0.0,0.0,Placed
1.248451092782051,-0.41503294438313193,1.287140136595784,-0.1797796163894137,-0.9016904482118007,-0.20031895540882869,0.3019700722711672,1.5606513170672145,1.2074106277507126,-0.6163904795278856,-0.03634777745393833,1.2644252011501604,-0.3817583135899453,-0.8273092424735876,0.08566718859728424,-1.0681866736841135,0.39878347558428356,0.0,0.0,0.0,0.0,0.0,1.0,1.0,0.0,0.0,0.0,1.0,0.0,0.0,0.0,0.0,0.0,1.0,0.0,0.0,0.0,Placed
0.031439466999425084,-0.35045815335808783,-0.15480382079099642,-0.1797796163894137,0.035130796683576736,-0.20031895540882869,-0.874536702811302,-2.0670127613456826,-0.9665391263226716,-1.283501375490373,-0.6369699323490522,-0.3722379268268453,-0.5372976393998574,-0.700350329358406,0.07082447616344914,-2.092423512521397,-1.2945209505686848,1.0,0.0,0.0,0.0,0.0,0.0,1.0,0.0,0.0,0.0,1.0,0.0,0.0,0.0,0.0,0.0,0.0,0.0,1.0,0.0,Placed
0.031439466999425084,-0.0017542818228479195,-0.9285298467058528,2.079231270179135,-0.9016904482118007,0.7848562351263942,2.654983622436106,1.2322851720384607,0.7278628878815837,1.7297410984076023,0.6403024983139759,0.052368073355868704,1.1347501130566982,1.4658861256693883,1.7035228438852867,-1.001023602284947,0.5496041127315117,1.0,0.0,0.0,0.0,0.0,0.0,0.0,1.0,0.0,0.0,0.0,1.0,0.0,0.0,0.0,0.0,1.0,0.0,0.0,0.0,Placed
-1.1855721587832007,0.6052487538125695,0.4196291378427618,-1.309285059673688,-1.8385116931071779,-0.20031895540882869,1.4784768473536365,0.05954893979291203,0.7278628878815837,-0.3540434979696042,0.047283155506141546,-0.6887623996903236,-1.944928537979562,-0.8273092424735876,-1.4134467672200395,0.4010055131726464,0.7415576509188925,0.0,0.0,0.0,1.0,0.0,0.0,0.0,1.0,0.0,0.0,1.0,0.0,0.0,0.0,0.0,1.0,0.0,0.0,0.0,0.0,Placed
0.031439466999425084,0.9152077507327802,0.3844597730284504,-1.309285059673688,-0.9016904482118007,-0.20031895540882869,-0.874536702811302,-0.5971833502645946,-0.6404466632116639,-0.7138336441066756,-0.8574514828801706,0.30713167346549686,-0.3584274147184587,0.3629305679812445,-2.4598579938053993,-1.529932789553381,-0.19078810599124438,0.0,0.0,0.0,0.0,1.0,0.0,1.0,0.0,0.0,0.0,0.0,0.0,1.0,0.0,0.0,0.0,0.0,0.0,0.0,1.0,Placed
0.031439466999425084,0.9797825417578254,-1.0574841843583282,-0.1797796163894137,-0.9016904482118007,-0.20031895540882869,0.3019700722711672,0.5286434326911315,1.0987131400470431,-0.7288249001957205,-1.359237080640646,-0.2795966176960722,-0.1328953922940856,-2.160377830183,-0.649047076877543,0.9886823879153503,0.07657575076975096,0.0,0.0,0.0,0.0,1.0,0.0,0.0,1.0,0.0,0.0,0.0,1.0,0.0,0.0,0.0,0.0,0.0,1.0,0.0,0.0,Placed
-1.1855721587832007,-1.5644642246289202,0.24378231377120335,0.9497258268948607,-0.9016904482118007,0.7848562351263942,-0.874536702811302,0.6928265052055089,1.2521684168051648,-0.11418340054488957,0.3970125115210179,-0.21783574494222202,-0.15622629116557218,0.9025059487207683,0.4789990680939085,0.7116347183937901,1.653336957308952,0.0,0.0,0.0,0.0,0.0,1.0,0.0,1.0,0.0,0.0,0.0,0.0,1.0,0.0,0.0,0.0,0.0,0.0,1.0,0.0,Placed
1.248451092782051,-0.28588336233304257,1.0644008261051427,-0.1797796163894137,-0.9016904482118007,-1.1854941459440516,-0.874536702811302,0.4035515679182734,0.1332236904438641,-0.8937287171752119,0.05488596759342104,-1.0438874180249567,-0.5995133697238221,0.6406531904207053,0.5457912740461659,1.36647466453566,0.30280670649059266,0.0,0.0,1.0,0.0,0.0,0.0,0.0,1.0,0.0,1.0,0.0,0.0,0.0,0.0,0.0,0.0,0.0,0.0,0.0,1.0,Placed
1.248451092782051,-2.0164877618042314,-0.41271249609594746,-0.1797796163894137,0.9719520415789541,-0.20031895540882869,1.4784768473536365,-1.0350048769695994,0.12043575071402046,-0.8112768086854667,-2.522467329994475,-1.4453330909249775,-0.3506504484279624,-0.7558948538462984,-1.2872837115324427,-0.933860530885781,-0.3141868091117034,0.0,1.0,0.0,0.0,0.0,0.0,0.0,1.0,0.0,0.0,1.0,0.0,0.0,0.0,0.0,0.0,1.0,0.0,0.0,0.0,Not Placed
1.248451092782051,-0.6733321084833094,1.3457557446196369,-0.1797796163894137,-1.8385116931071779,1.7700314256616172,-0.874536702811302,-0.7066387319408463,-0.19286877266714408,0.5829100075956866,0.556671565353896,0.07552840063856198,1.5624832590339566,0.9421806090692626,0.731325179469102,-0.6064405578148461,-0.40330809469870155,0.0,0.0,1.0,0.0,0.0,0.0,1.0,0.0,0.0,0.0,1.0,0.0,0.0,0.0,0.0,1.0,0.0,0.0,0.0,0.0,Placed
-1.1855721587832007,0.7473132940676662,-0.1782500640005362,-1.309285059673688,-0.9016904482118007,-1.1854941459440516,-0.874536702811302,0.16118607992086048,-0.6212647536168989,-1.3434663998465515,1.20291059277269,-0.09431399943452384,0.16262932674474728,-1.5097134004676915,0.048560407512697024,-0.8079297720123445,-0.17022165547116708,1.0,0.0,0.0,0.0,0.0,0.0,1.0,0.0,0.0,0.0,1.0,0.0,0.0,0.0,0.0,0.0,0.0,0.0,0.0,1.0,Placed
-1.1855721587832007,1.4576359953431546,0.07965861130441482,-0.1797796163894137,-0.9016904482118007,-0.20031895540882869,1.4784768473536365,0.21591377075898519,0.9452578632889225,-2.362871813901588,1.7275046267950056,-0.4494390177691569,0.45815404578358015,-1.4224291477010038,-0.14439485412715714,0.955100852215768,0.4741937941578971,0.0,0.0,0.0,0.0,0.0,1.0,1.0,0.0,0.0,0.0,1.0,0.0,0.0,0.0,0.0,0.0,0.0,0.0,0.0,1.0,Placed
-1.1855721587832007,-1.8356783469341065,-0.3658200096768662,0.9497258268948607,-0.9016904482118007,1.7700314256616172,-0.874536702811302,-0.04990644188333851,-0.13532304388284827,-1.6133090094493552,-1.6177326916081636,0.22993058252318524,0.014866967225331394,-0.1211002882703879,-1.2872837115324427,-1.6810497002015046,0.5016157281846663,0.0,0.0,0.0,0.0,1.0,0.0,1.0,0.0,0.0,0.0,0.0,0.0,1.0,0.0,0.0,0.0,1.0,0.0,0.0,0.0,Placed
1.248451092782051,-2.2877018841094174,-1.1043766707774112,0.9497258268948607,0.035130796683576736,-0.20031895540882869,0.3019700722711672,0.0908219059861271,-0.8002959098347069,-0.7663030404183321,-0.5305305631271338,1.05598225560592,-1.2683324707064445,-0.8828537669614801,0.4122068621416511,-2.2015635035450427,-0.08110036988416895,0.0,0.0,0.0,0.0,0.0,1.0,1.0,0.0,0.0,0.0,0.0,0.0,0.0,0.0,1.0,0.0,1.0,0.0,0.0,0.0,Placed
-1.1855721587832007,0.4760991717624802,0.12655109772349774,0.9497258268948607,0.9719520415789541,-1.1854941459440516,-0.874536702811302,1.5528330755189113,1.4823513319423463,0.10318981274625724,1.6362708817476463,0.013767527884712884,0.43482314691209356,0.1090127417508801,-1.0794857374587545,-2.0840281285965014,1.653336957308952,1.0,0.0,0.0,0.0,0.0,0.0,0.0,1.0,0.0,0.0,0.0,0.0,0.0,0.0,1.0,0.0,0.0,1.0,0.0,0.0,Placed
-1.1855721587832007,0.4760991717624802,0.5251372322856975,-1.309285059673688,0.035130796683576736,-1.1854941459440516,1.4784768473536365,-0.8708218044552226,-0.7747200303750201,-1.290997003534895,-1.2604005235060067,0.5310148371982,0.5359237086885362,1.7356738160391507,-0.01823179843956039,0.4681685845718123,-1.0957119288746116,0.0,0.0,1.0,0.0,0.0,0.0,1.0,0.0,0.0,0.0,0.0,1.0,0.0,0.0,0.0,0.0,0.0,0.0,1.0,0.0,Placed
1.248451092782051,0.3211196733023737,1.0761239477099125,-1.309285059673688,0.035130796683576736,0.7848562351263942,1.4784768473536365,-0.792639388972186,-0.9665391263226716,0.4554843308388068,-0.09717027415217756,-1.3835722181711283,0.9169950569228215,-0.08142562792189349,0.3528360124063118,-1.4795604860040061,-1.1505557969281488,1.0,0.0,0.0,0.0,0.0,0.0,0.0,1.0,0.0,1.0,0.0,0.0,0.0,0.0,0.0,1.0,0.0,0.0,0.0,0.0,Placed
0.031439466999425084,0.5277590045825157,-0.4830512257245718,-0.1797796163894137,-1.8385116931071779,1.7700314256616172,-0.874536702811302,-0.2688172052358407,0.13961766030878545,1.3699509522705307,-0.0059365291048181805,-0.6578819633133985,-0.8950380887626549,-0.914593495240276,-1.3540759174847001,-0.354579040067973,-0.45129647924554694,0.0,0.0,0.0,0.0,0.0,1.0,0.0,1.0,0.0,0.0,0.0,0.0,0.0,0.0,1.0,0.0,0.0,0.0,1.0,0.0,Placed
1.248451092782051,-0.06632907284789201,-2.33530443927832,-0.1797796163894137,0.035130796683576736,-0.20031895540882869,0.3019700722711672,-0.7222752150374537,-0.5892949042922904,-0.03173149205514441,0.35899845108461825,-0.7196428360672477,-0.8561532573101769,1.5690402425754748,-0.5525694460576165,-0.5056959507160966,-0.2593429410581662,0.0,1.0,0.0,0.0,0.0,0.0,0.0,1.0,0.0,0.0,0.0,0.0,0.0,1.0,0.0,0.0,0.0,1.0,0.0,0.0,Placed
0.031439466999425084,0.3340346315073823,1.099570190919454,-0.1797796163894137,0.9719520415789541,0.7848562351263942,0.3019700722711672,-0.46427324394343217,-0.39747580834463836,-0.98367625370948,-0.08956746206489806,0.6854170190828233,-1.4705335942593303,0.8945710166510698,0.07082447616344914,-0.30420673651859764,0.39878347558428356,0.0,0.0,0.0,0.0,0.0,1.0,1.0,0.0,0.0,0.0,0.0,0.0,0.0,1.0,0.0,0.0,0.0,0.0,0.0,1.0,Placed
1.248451092782051,1.1089321238079135,-0.08446509116237204,-0.1797796163894137,0.9719520415789541,-0.20031895540882869,1.4784768473536365,0.9821014424927446,1.2201985674805562,0.06571167252364561,1.1801021565108505,-0.7891238179153286,0.7147939333699361,1.0373997939056494,1.399247238991672,1.0054731557651422,1.4476724521081867,0.0,1.0,0.0,0.0,0.0,0.0,0.0,1.0,0.0,0.0,0.0,0.0,1.0,0.0,0.0,0.0,0.0,1.0,0.0,0.0,Placed
1.248451092782051,-1.3319949769387611,1.4629869606673425,0.9497258268948607,0.035130796683576736,-0.20031895540882869,0.3019700722711672,-0.3235448960739665,-0.4869913864535428,0.05072041643460074,0.6174940620521363,0.32257189165395944,-0.5372976393998574,1.7753484763876453,-0.9087945444696536,-0.6903943970638038,0.4193499261043599,0.0,0.0,0.0,0.0,0.0,1.0,0.0,1.0,0.0,0.0,0.0,0.0,0.0,0.0,1.0,0.0,0.0,0.0,0.0,1.0,Placed
1.248451092782051,-0.0017542818228479195,-1.760871480644562,-1.309285059673688,0.035130796683576736,1.7700314256616172,0.3019700722711672,0.48173398340131,1.0731372605873568,-1.5308571009596095,-0.3784743213815352,-0.5884009814653187,0.06930573125879977,-0.16870988068858073,-0.6193616520098729,0.845960861192122,1.0157769911865795,0.0,0.0,0.0,0.0,0.0,1.0,1.0,0.0,0.0,0.0,0.0,0.0,0.0,0.0,1.0,0.0,0.0,0.0,1.0,0.0,Placed
0.031439466999425084,-0.7637368159183706,0.6423684483334031,-1.309285059673688,0.035130796683576736,0.7848562351263942,-0.874536702811302,-0.9177312537450446,-1.343783348353053,-1.1111019304663592,0.1461197126407804,-2.032061382086546,-0.7161678640812562,-0.13697015240978477,-0.18892299142866137,-2.050446592896918,-1.1642667639415334,0.0,0.0,1.0,0.0,0.0,0.0,0.0,1.0,0.0,1.0,0.0,0.0,0.0,0.0,0.0,0.0,0.0,0.0,1.0,0.0,Placed
-1.1855721587832007,-0.9187163143784771,-0.7995755090533773,-0.1797796163894137,0.9719520415789541,-0.20031895540882869,-0.874536702811302,-0.8395488382620087,-0.36550595902002975,1.1975515072465175,-1.9522564234484803,-0.8354444724807151,-0.05512572938912952,-0.2956687938037624,0.9539658659766254,0.2079116829000439,-0.883191940167154,0.0,1.0,0.0,0.0,0.0,0.0,0.0,0.0,1.0,0.0,0.0,1.0,0.0,0.0,0.0,0.0,0.0,0.0,1.0,0.0,Placed
0.031439466999425084,-1.5386343082189031,-0.916806725101083,-0.1797796163894137,0.035130796683576736,-1.1854941459440516,-0.874536702811302,-0.519000934781558,0.27389102747214206,-0.3465478699250823,-0.8878627312292902,-0.4571591268633887,-0.4439740439139099,-0.21631947310677357,-1.5247671104738012,0.6444716469946242,-0.9037583906872303,0.0,0.0,1.0,0.0,0.0,0.0,0.0,1.0,0.0,1.0,0.0,0.0,0.0,0.0,0.0,0.0,0.0,0.0,0.0,1.0,Not Placed
0.031439466999425084,-0.46669277720316743,-1.4795165621300697,-0.1797796163894137,-0.9016904482118007,-0.20031895540882869,-0.874536702811302,0.5833711235292574,0.20355735895800262,-1.3059882596239398,-1.458073637775285,-0.20239552675376057,-1.2605555044159487,-1.1209017290524466,-2.4153298565038943,-0.153089825870474,-0.0605339193640926,0.0,0.0,1.0,0.0,0.0,0.0,1.0,0.0,0.0,0.0,0.0,1.0,0.0,0.0,0.0,0.0,0.0,0.0,1.0,0.0,Placed
0.031439466999425084,-0.45377781899815767,-1.010591697939247,-0.1797796163894137,-1.8385116931071779,-0.20031895540882869,-0.874536702811302,-0.02645171723842776,0.2227392685527676,-2.707670703949615,-0.720600865309132,-0.37995803592107713,-0.8717071898911684,-0.6527407369402121,0.21183024428488098,0.9634962361406633,-0.33475325963177976,0.0,0.0,1.0,0.0,0.0,0.0,0.0,1.0,0.0,0.0,0.0,0.0,0.0,0.0,1.0,0.0,0.0,0.0,0.0,1.0,Placed
0.031439466999425084,-0.5700124428432384,-2.839398668283454,0.9497258268948607,0.9719520415789541,0.7848562351263942,-0.874536702811302,-0.6050015918128989,-0.23762656172159538,-0.27159158947985906,-1.587321443259044,0.5232947281039693,0.6292473041744837,-0.3194735900128599,0.7832746729875233,0.22470245074983566,-0.7186603360065418,0.0,0.0,1.0,0.0,0.0,0.0,1.0,0.0,0.0,0.0,1.0,0.0,0.0,0.0,0.0,1.0,0.0,0.0,0.0,0.0,Placed
1.248451092782051,0.6310786702225867,-0.7878523874486058,-0.1797796163894137,0.035130796683576736,-1.1854941459440516,-0.874536702811302,0.12991311372764539,0.1332236904438641,-0.08420088836680091,-0.9866992883639296,-0.12519443581144893,0.5359237086885362,-0.44643250312804156,0.5309485616123308,-0.6652082452891162,0.5358931457181271,0.0,0.0,0.0,1.0,0.0,0.0,0.0,1.0,0.0,1.0,0.0,0.0,0.0,0.0,0.0,0.0,0.0,0.0,1.0,0.0,Placed
1.248451092782051,-0.38920302797311357,-0.6823442930056717,-0.1797796163894137,0.035130796683576736,-0.20031895540882869,1.4784768473536365,0.5051887080462207,-0.10335319455823967,0.6503706599963868,-0.6977924290472924,-0.07115367215183058,-0.7783835944052209,-0.914593495240276,0.12277396968187146,1.4000562002352437,0.021731882716213728,1.0,0.0,0.0,0.0,0.0,0.0,1.0,0.0,0.0,0.0,0.0,1.0,0.0,0.0,0.0,0.0,0.0,1.0,0.0,0.0,Placed
-1.1855721587832007,0.5019290881724974,-0.13135757758145497,-0.1797796163894137,1.9087732864743314,-0.20031895540882869,0.3019700722711672,-1.3320980558051387,-0.845053698889159,1.4673941168493208,-0.348063073032415,1.4574279285059395,1.4924905624194968,0.783481967675285,0.34541465618939476,-0.40495134361734714,-2.4119647621595095,0.0,0.0,0.0,0.0,1.0,0.0,1.0,0.0,0.0,0.0,0.0,0.0,1.0,0.0,0.0,0.0,0.0,0.0,0.0,1.0,Placed
0.031439466999425084,-1.4998894336038762,-0.04929572634806069,-1.309285059673688,-1.8385116931071779,-0.20031895540882869,-0.874536702811302,-2.2311958338600593,-1.8361190279520254,-2.865078892884583,-2.887402310183912,-1.3681319999826658,1.7724613488773382,-1.771566158767755,-0.5006199525391942,-0.7491620845380739,-2.5559299158000455,0.0,0.0,1.0,0.0,0.0,0.0,0.0,1.0,0.0,0.0,0.0,1.0,0.0,0.0,0.0,0.0,0.0,0.0,1.0,0.0,Placed
1.248451092782051,0.24362992407231984,0.4665216242618447,-0.1797796163894137,0.035130796683576736,-0.20031895540882869,-0.874536702811302,-1.1053690509043324,-1.4396928963268787,-0.6913467599731089,-0.6825868048727324,1.6890312013328745,0.16262932674474728,0.9342456769995642,1.1766065524841487,0.5017501202713959,-2.514797014759892,0.0,1.0,0.0,0.0,0.0,0.0,0.0,1.0,0.0,0.0,0.0,0.0,1.0,0.0,0.0,0.0,1.0,0.0,0.0,0.0,Not Placed
-1.1855721587832007,0.3856944643274177,1.451263839062571,-0.1797796163894137,0.9719520415789541,-1.1854941459440516,-0.874536702811302,-1.3008250896119238,-1.5036325949760958,-2.280419905411842,0.8455784246705342,0.3843327644078085,0.7614557311129093,1.2992525522057123,0.49384178052774363,-2.159586583920564,-1.4796190052493736,1.0,0.0,0.0,0.0,0.0,0.0,0.0,1.0,0.0,1.0,0.0,0.0,0.0,0.0,0.0,0.0,1.0,0.0,0.0,0.0,Not Placed
-1.1855721587832007,-1.0736958128385836,0.8299383940097315,-1.309285059673688,1.9087732864743314,-0.20031895540882869,-0.874536702811302,0.6068258481741681,0.22913323841768987,-0.676355503884064,1.2409246532090896,-0.5034797814287753,-1.9604824705605535,-0.13697015240978477,-0.4783558838884421,0.6192854952199371,1.2968518149609585,0.0,0.0,0.0,1.0,0.0,0.0,1.0,0.0,0.0,0.0,0.0,0.0,0.0,1.0,0.0,0.0,0.0,0.0,0.0,1.0,Placed
1.248451092782051,-1.2415902695036987,0.23205919216643345,-1.309285059673688,0.9719520415789541,-1.1854941459440516,1.4784768473536365,-1.1679149832907618,-1.55478435389547,-1.8531691068740694,-0.8422458587056105,-0.3722379268268453,-0.9961386505390981,-2.731692939201319,1.2211346897856528,-0.45532364716672247,-1.993780268251287,0.0,1.0,0.0,0.0,0.0,0.0,0.0,0.0,1.0,0.0,0.0,0.0,0.0,1.0,0.0,0.0,0.0,1.0,0.0,0.0,Placed
-1.1855721587832007,-0.5958423592532556,-0.5651130769579661,-1.309285059673688,-0.9016904482118007,-0.20031895540882869,0.3019700722711672,-1.7386466163169287,0.037314142470038315,-0.37653038210317097,-0.9790964762766495,-0.4648792359576195,-0.9883616842486025,-0.1211002882703879,-0.7900528449989739,-1.370420494980361,-0.14279972144439895,0.0,0.0,0.0,0.0,0.0,1.0,0.0,1.0,0.0,0.0,0.0,1.0,0.0,0.0,0.0,0.0,0.0,1.0,0.0,0.0,Placed
1.248451092782051,-0.9574611889935041,1.8381268520199991,0.9497258268948607,-0.9016904482118007,-0.20031895540882869,1.4784768473536365,1.6779249402917693,1.194622688020869,-0.06171400423323414,-0.462105254341614,0.8784197464386023,0.3181686525546594,-1.6842819060010672,1.1098143465318913,-0.4973005667912013,0.7621241014389688,0.0,0.0,0.0,0.0,1.0,0.0,1.0,0.0,0.0,0.0,0.0,0.0,0.0,1.0,0.0,0.0,1.0,0.0,0.0,0.0,Placed
1.248451092782051,-0.35045815335808783,0.4196291378427618,0.9497258268948607,-0.9016904482118007,-0.20031895540882869,0.3019700722711672,1.0759203410723874,1.2521684168051648,0.20063297732504726,-0.4545024422543345,0.7317376736482109,-1.3772099987733828,-0.39882291070984877,-1.5321884666907186,0.048399388327023764,1.1734531118404994,0.0,1.0,0.0,0.0,0.0,0.0,0.0,1.0,0.0,0.0,0.0,0.0,1.0,0.0,0.0,0.0,0.0,0.0,0.0,1.0,Placed
-1.1855721587832007,1.1089321238079135,0.5251372322856975,0.9497258268948607,-0.9016904482118007,-0.20031895540882869,0.3019700722711672,-0.0420882003350353,0.5552257015286971,-0.10668777250036768,1.0812655993762117,0.8166588736847532,0.3881613491691203,-0.27979892966436554,1.7035228438852867,-0.25383443296922353,0.14513058583667274,0.0,0.0,1.0,0.0,0.0,0.0,0.0,1.0,0.0,1.0,0.0,0.0,0.0,0.0,0.0,0.0,0.0,1.0,0.0,0.0,Placed
-1.1855721587832007,-0.35045815335808783,-0.16652694239576632,-0.1797796163894137,-0.9016904482118007,-1.1854941459440516,-0.874536702811302,-0.15154358201128584,-0.3079602302357348,0.34304991017097186,-0.9182739795784097,0.04464796426163688,-1.610518987488251,-0.9383982914493725,0.8797523038074508,-1.6054912448774428,-0.24563197404478163,1.0,0.0,0.0,0.0,0.0,0.0,1.0,0.0,0.0,0.0,0.0,0.0,0.0,1.0,0.0,0.0,0.0,1.0,0.0,0.0,Not Placed
-1.1855721587832007,0.17905513304727574,0.8651077588240428,0.9497258268948607,0.035130796683576736,-1.1854941459440516,-0.874536702811302,1.7717438388714135,0.7470447974763487,0.9576914098218028,-0.5229277510398532,-0.02483301758644293,1.500267528709992,-0.26392906552496753,1.6367306379330293,0.6948439505439984,1.036343441706656,0.0,0.0,0.0,1.0,0.0,0.0,1.0,0.0,0.0,0.0,0.0,0.0,0.0,1.0,0.0,0.0,0.0,0.0,0.0,1.0,Placed
-1.1855721587832007,-0.789566732328389,1.2636938933862425,0.9497258268948607,-0.9016904482118007,0.7848562351263942,-0.874536702811302,-1.6839189254788034,-1.6123300826797653,-0.2790872175243809,-0.4240911939052143,0.6931371281770551,0.28706078739267765,0.1645572662387725,1.7035228438852867,-0.8415113077119275,-0.4307300287254706,0.0,0.0,0.0,1.0,0.0,0.0,1.0,0.0,0.0,0.0,0.0,0.0,0.0,1.0,0.0,0.0,0.0,0.0,0.0,1.0,Not Placed
-1.1855721587832007,-0.31171327874306093,0.9237233668478956,-0.1797796163894137,0.035130796683576736,0.7848562351263942,-0.874536702811302,-1.2460973987737984,-1.235085860649384,-0.0916965164113228,0.06248877968070054,-0.549800435994163,0.28706078739267765,0.7914168997449834,-1.339233205050865,2.264780744499508,-0.8694809731537695,0.0,0.0,0.0,1.0,0.0,0.0,0.0,1.0,0.0,0.0,0.0,0.0,0.0,0.0,1.0,0.0,1.0,0.0,0.0,0.0,Placed
-1.1855721587832007,0.6569085866326039,-0.3189275232577833,-0.1797796163894137,0.035130796683576736,-0.20031895540882869,1.4784768473536365,0.27845970314541535,0.26110308774229846,0.7403181965306549,1.3549668345182886,0.013767527884712884,-0.4906358416568831,-0.866983902822082,-1.339233205050865,-0.2706252008190153,0.5290376622114343,0.0,1.0,0.0,0.0,0.0,0.0,0.0,1.0,0.0,0.0,0.0,0.0,1.0,0.0,0.0,0.0,0.0,0.0,0.0,1.0,Placed
-1.1855721587832007,-0.1309038638729361,1.1347395557337654,2.079231270179135,1.9087732864743314,-0.20031895540882869,1.4784768473536365,0.6771900221089014,0.5680136412585407,0.4554843308388068,1.2105134048599706,0.724017564553979,1.4069439332240445,0.9025059487207683,0.4122068621416511,-1.7314220037508794,0.8101124859858142,0.0,0.0,0.0,0.0,0.0,1.0,1.0,0.0,0.0,0.0,1.0,0.0,0.0,0.0,0.0,0.0,1.0,0.0,0.0,0.0,Placed
1.248451092782051,-0.36337311156309643,-0.2837581584434719,-1.309285059673688,0.035130796683576736,0.7848562351263942,0.3019700722711672,-0.5346374178781655,-0.8514476687540808,0.9501957817772798,0.3437928269100582,-0.25643629041337784,-1.6805116841027115,-1.0098126800766623,-2.007155264573435,0.8711470129668103,-0.684382918473081,0.0,0.0,0.0,0.0,1.0,0.0,0.0,1.0,0.0,0.0,0.0,0.0,0.0,1.0,0.0,0.0,0.0,1.0,0.0,0.0,Not Placed
1.248451092782051,0.10156538381722308,-0.0375726047432908,-1.309285059673688,0.9719520415789541,2.75520661619684,0.3019700722711672,0.3097326693386293,1.137076959236574,-0.45148666254839426,0.6250968741394158,0.02148763697894361,1.1114192141852117,0.10107780968118167,-0.5228840211899464,-0.010368299147245675,0.5358931457181271,0.0,0.0,0.0,0.0,1.0,0.0,1.0,0.0,0.0,0.0,0.0,0.0,0.0,0.0,1.0,0.0,0.0,1.0,0.0,0.0,Placed
1.248451092782051,-0.09215898925791033,-0.0375726047432908,-0.1797796163894137,1.9087732864743314,-0.20031895540882869,-0.874536702811302,1.0681020995240844,0.9068940440993917,0.6803531721744766,1.2789387136454893,-0.8277243633864844,0.90144112434183,-1.3906894194222084,-0.5303053774068633,-0.07753137054641279,1.2968518149609585,0.0,0.0,0.0,0.0,1.0,0.0,0.0,1.0,0.0,0.0,0.0,1.0,0.0,0.0,0.0,0.0,0.0,0.0,1.0,0.0,Placed
0.031439466999425084,-0.0017542818228479195,0.29067480019028624,0.9497258268948607,0.9719520415789541,-0.20031895540882869,-0.874536702811302,-1.2382791572254948,-1.2798436497038357,0.6428750319518649,-0.36326869720697513,0.052368073355868704,1.2125197759616544,-0.3908879786401492,1.3250336768224975,-2.3778665659678535,-1.993780268251287,0.0,0.0,0.0,0.0,1.0,0.0,1.0,0.0,0.0,0.0,0.0,0.0,0.0,1.0,0.0,0.0,0.0,0.0,1.0,0.0,Placed
0.031439466999425084,1.1735069148329589,-0.5533899553531946,-1.309285059673688,0.035130796683576736,-0.20031895540882869,-0.874536702811302,0.028275973599698065,-0.4486275672640128,0.7253269404416101,1.7275046267950056,-0.40311836320377037,0.014866967225331394,0.4502148207479318,0.18214481941721078,0.3002609060738969,-0.2799093915782425,0.0,0.0,0.0,1.0,0.0,0.0,0.0,1.0,0.0,0.0,0.0,0.0,0.0,1.0,0.0,1.0,0.0,0.0,0.0,0.0,Placed
0.031439466999425084,1.3801462461131009,0.361013529818909,-0.1797796163894137,0.9719520415789541,-0.20031895540882869,-0.874536702811302,-0.5737286256196839,-0.7427501810504115,-0.07670526032227794,1.5450371367002869,1.7585121831809554,-1.2450015718349572,1.7753484763876453,0.08566718859728424,-0.23704366511943173,0.6113034642917407,0.0,1.0,0.0,0.0,0.0,0.0,0.0,0.0,1.0,0.0,0.0,0.0,0.0,1.0,0.0,0.0,0.0,0.0,1.0,0.0,Placed
0.031439466999425084,0.10156538381722308,-2.5580437497689608,-1.309285059673688,0.9719520415789541,-0.20031895540882869,-0.874536702811302,-1.2539156403221023,-0.11614113428808329,-0.9536937415313903,-1.1843724026332074,-0.3722379268268453,-1.8749358413651016,-0.47817223140683757,0.25635838158638524,-1.0094189862098428,-0.8283480721136168,0.0,0.0,1.0,0.0,0.0,0.0,0.0,1.0,0.0,0.0,0.0,0.0,1.0,0.0,0.0,0.0,0.0,1.0,0.0,0.0,Placed
1.248451092782051,0.24362992407231984,2.1077586489297233,-1.309285059673688,0.035130796683576736,-1.1854941459440516,0.3019700722711672,0.5364616742394358,1.1626528386962605,-1.0136587658875693,-0.2720349521596157,-0.6810422905960918,-1.0894622460250452,0.5057593452358242,0.33057194375555965,-0.38816057576755536,1.653336957308952,0.0,0.0,0.0,0.0,1.0,0.0,1.0,0.0,0.0,0.0,1.0,0.0,0.0,0.0,0.0,0.0,0.0,0.0,1.0,0.0,Placed
0.031439466999425084,1.0056124581678425,0.14999734093303918,2.079231270179135,-1.8385116931071779,-0.20031895540882869,-0.874536702811302,1.1853757227486392,1.2201985674805562,0.4929624710614184,-0.4392968180797744,1.5037485830713273,1.1814119107996726,1.7515436801785487,0.7758533167706062,0.5185408881211877,0.9060892550795041,0.0,0.0,0.0,0.0,1.0,0.0,1.0,0.0,0.0,0.0,0.0,0.0,0.0,1.0,0.0,0.0,0.0,0.0,0.0,1.0,Placed
1.248451092782051,1.5997005355982514,0.29067480019028624,-0.1797796163894137,0.035130796683576736,-0.20031895540882869,-0.874536702811302,-0.1749983066561977,-0.6340526933467421,-0.3465478699250823,0.5794800016157367,1.7585121831809554,0.014866967225331394,-0.12903522034008633,1.080128921664221,0.2079116829000439,-0.19764358949793617,0.0,0.0,1.0,0.0,0.0,0.0,0.0,1.0,0.0,0.0,0.0,0.0,0.0,0.0,1.0,0.0,0.0,1.0,0.0,0.0,Placed
0.031439466999425084,-0.8024816905333976,-0.9402529683106228,2.079231270179135,-1.8385116931071779,-0.20031895540882869,0.3019700722711672,-0.761366422778972,-0.9153873674032981,-0.39152163819221586,-0.5153249389525737,-0.7350830542557102,0.8703332591798483,-0.3908879786401492,0.3008865188878895,-0.7575574684629698,-1.157411280434841,0.0,1.0,0.0,0.0,0.0,0.0,1.0,0.0,0.0,0.0,0.0,0.0,1.0,0.0,0.0,1.0,0.0,0.0,0.0,0.0,Placed
1.248451092782051,-1.3965697679638052,-1.3271159812680526,-0.1797796163894137,0.9719520415789541,-0.20031895540882869,0.3019700722711672,0.5130069495945251,0.7662267070711136,-0.10668777250036768,-0.24162370381049667,1.6890312013328745,-0.04734876309863435,-0.6448058048705136,-1.4653962607384619,-0.7575574684629698,-0.3210422926183952,0.0,1.0,0.0,0.0,0.0,0.0,1.0,0.0,0.0,0.0,0.0,0.0,1.0,0.0,0.0,1.0,0.0,0.0,0.0,0.0,Placed
1.248451092782051,-1.3190800187337526,1.4043713526434896,-0.1797796163894137,0.9719520415789541,-0.20031895540882869,-0.874536702811302,1.0837385826206918,0.9005000742344703,-0.6313817356169305,-0.2796377642468963,-1.4993738545845958,0.9869877535372824,-0.21631947310677357,1.4808821573777633,-0.3629744239928683,1.653336957308952,1.0,0.0,0.0,0.0,0.0,0.0,1.0,0.0,0.0,0.0,0.0,0.0,1.0,0.0,0.0,0.0,0.0,0.0,0.0,1.0,Placed
0.031439466999425084,-1.267420185913717,1.5216025686911954,0.9497258268948607,0.9719520415789541,-0.20031895540882869,2.654983622436106,1.0993750657172994,0.2674970576072198,0.02073790425651208,-0.15799277085041677,-0.8354444724807151,-0.7394987629527427,0.39467029626003935,0.11535261346495337,-0.23704366511943173,0.7484131344255842,0.0,1.0,0.0,0.0,0.0,0.0,0.0,1.0,0.0,0.0,1.0,0.0,0.0,0.0,0.0,0.0,1.0,0.0,0.0,0.0,Placed
0.031439466999425084,1.031442374577862,-0.5299437121436531,0.9497258268948607,-0.9016904482118007,-1.1854941459440516,-0.874536702811302,-0.7535481812306677,0.1587995699035504,0.7028400563080434,1.4538033916529285,0.013767527884712884,-1.2683324707064445,0.8628312883722739,-0.292821978465506,-0.3713698079177648,-0.4375855122321624,0.0,0.0,0.0,0.0,1.0,0.0,0.0,1.0,0.0,0.0,0.0,0.0,0.0,0.0,1.0,0.0,0.0,1.0,0.0,0.0,Placed
1.248451092782051,0.2823747986873468,0.8768308804288144,0.9497258268948607,0.035130796683576736,0.7848562351263942,-0.874536702811302,0.5755528819809541,0.5999834905831494,1.7297410984076023,1.7275046267950056,-0.42627869048646366,-0.109564493422599,0.7358723752570921,0.2340943129356331,0.43458704887222993,0.9609331231330424,0.0,0.0,1.0,0.0,0.0,0.0,1.0,0.0,0.0,1.0,0.0,0.0,0.0,0.0,0.0,0.0,0.0,1.0,0.0,0.0,Placed
0.031439466999425084,-0.38920302797311357,-0.8581911170772302,-1.309285059673688,0.035130796683576736,-1.1854941459440516,0.3019700722711672,-0.7066387319408463,-0.7491441509153333,-0.7138336441066756,-0.7890261740946507,-0.6964825087845544,-0.3817583135899453,-1.144706525261543,0.14503803833262358,-0.7995343880874486,-0.1565106884577835,0.0,1.0,0.0,0.0,0.0,0.0,1.0,0.0,0.0,0.0,0.0,0.0,0.0,0.0,1.0,0.0,0.0,1.0,0.0,0.0,Placed
-1.1855721587832007,0.06282050920219617,-0.0024032399289777785,2.079231270179135,0.035130796683576736,0.7848562351263942,0.3019700722711672,1.7717438388714135,1.5271091209967984,0.24560674559218185,1.2561302773836498,-0.349077599544152,0.0848596638397912,1.6483895632724634,0.5903194113476702,1.1481946824883704,1.653336957308952,0.0,0.0,0.0,0.0,0.0,1.0,1.0,0.0,0.0,0.0,0.0,0.0,1.0,0.0,0.0,1.0,0.0,0.0,0.0,0.0,Placed
-1.1855721587832007,-1.060780854633575,1.099570190919454,2.079231270179135,0.9719520415789541,-1.1854941459440516,0.3019700722711672,-0.9724589445831705,-1.235085860649384,-0.6688598758395421,1.7275046267950056,-0.40311836320377037,0.47370797836457157,0.600978530072211,-0.18892299142866137,-0.48050979894140955,-1.02715709380769,0.0,0.0,0.0,0.0,1.0,0.0,1.0,0.0,0.0,0.0,0.0,0.0,1.0,0.0,0.0,0.0,0.0,1.0,0.0,0.0,Placed
0.031439466999425084,2.361683069693774,-0.14308069918622485,-0.1797796163894137,0.035130796683576736,-1.1854941459440516,-0.874536702811302,-0.22972599749432243,-0.9217813372682194,-0.5939035953943188,-0.05915621371577791,0.14500938248664177,-0.3584274147184587,0.32325590763275014,-1.7919359342828292,0.753611638018269,-0.9723132257541521,0.0,0.0,0.0,0.0,0.0,1.0,0.0,1.0,0.0,0.0,0.0,0.0,0.0,1.0,0.0,1.0,0.0,0.0,0.0,0.0,Placed
1.248451092782051,0.9668675835528168,-0.0024032399289777785,-0.1797796163894137,0.035130796683576736,0.7848562351263942,-0.874536702811302,0.2237320123072895,1.034773441397826,0.0057466481674672155,0.21454502142629914,1.5191888012597898,0.9947647198277775,0.05346821726298771,-1.3763399861354524,-0.19506674549495287,-0.046822952350708054,0.0,0.0,0.0,0.0,1.0,0.0,0.0,1.0,0.0,0.0,0.0,1.0,0.0,0.0,0.0,0.0,0.0,1.0,0.0,0.0,Not Placed
1.248451092782051,1.8579996996984278,0.4196291378427618,2.079231270179135,0.035130796683576736,0.7848562351263942,1.4784768473536365,0.20809552921068197,-0.10974716442316103,-0.6388773636614524,-1.0475217850621688,0.986501273757839,1.7724613488773382,1.7753484763876453,1.7035228438852867,0.014817852627441399,-0.5267067978191605,0.0,0.0,0.0,0.0,1.0,0.0,0.0,1.0,0.0,0.0,1.0,0.0,0.0,0.0,0.0,1.0,0.0,0.0,0.0,0.0,Placed
-1.1855721587832007,1.5867855773932429,1.392648231038718,0.9497258268948607,-0.9016904482118007,0.7848562351263942,0.3019700722711672,1.1853757227486392,1.0411674112627483,0.33555428212645,1.1192796598126113,0.5001344008212759,1.0336495512802555,0.7438073073267906,0.4715777118769915,-0.5308821024907837,1.653336957308952,1.0,0.0,0.0,0.0,0.0,0.0,0.0,1.0,0.0,0.0,1.0,0.0,0.0,0.0,0.0,0.0,1.0,0.0,0.0,0.0,Placed
0.031439466999425084,0.7343983358626577,-0.45960498251503035,-1.309285059673688,-0.9016904482118007,-1.1854941459440516,-0.874536702811302,-0.4173637946536107,0.12043575071402046,-0.8262680647745111,-1.0855358454985684,-1.3218113454172786,-0.45952797649490135,0.3391257717721481,0.14503803833262358,1.3161023609862859,0.3165176735039772,1.0,0.0,0.0,0.0,0.0,0.0,1.0,0.0,0.0,0.0,0.0,0.0,1.0,0.0,0.0,0.0,0.0,1.0,0.0,0.0,Placed
0.031439466999425084,0.2565448822773296,0.07965861130441482,0.9497258268948607,-0.9016904482118007,-1.1854941459440516,0.3019700722711672,-0.27663544678414503,-0.7747200303750201,0.28308488581479346,-0.8422458587056105,-0.26415639950760966,-0.9183689876341421,-0.002076307224904682,-0.4560918152376889,0.7200301023186855,-0.5335622813258533,0.0,0.0,0.0,0.0,1.0,0.0,0.0,1.0,0.0,0.0,1.0,0.0,0.0,0.0,0.0,0.0,0.0,0.0,1.0,0.0,Placed
0.031439466999425084,-0.40211798617812333,0.30239792179505615,-0.1797796163894137,0.035130796683576736,-0.20031895540882869,0.3019700722711672,0.15336783837255616,-0.6340526933467421,-0.6688598758395421,-2.020681732234,-0.26415639950760966,-0.3584274147184587,-0.5257818238250304,-0.1963443476455784,-2.100818896446293,-0.0331119853373235,1.0,0.0,0.0,0.0,0.0,0.0,1.0,0.0,0.0,0.0,0.0,0.0,0.0,1.0,0.0,1.0,0.0,0.0,0.0,0.0,Placed
0.031439466999425084,0.4631842135574716,0.9002771236383541,-0.1797796163894137,0.9719520415789541,0.7848562351263942,-0.874536702811302,-0.0420882003350353,0.4081643946354978,1.3924378364040975,-0.05915621371577791,0.46153385535012015,0.24039898964970335,1.688064223620958,-0.5228840211899464,-1.7062358519761915,-0.039967468844016266,0.0,1.0,0.0,0.0,0.0,0.0,0.0,1.0,0.0,0.0,0.0,0.0,0.0,1.0,0.0,0.0,0.0,0.0,0.0,1.0,Placed
-1.1855721587832007,0.024075634587169256,-1.1512691571964941,-0.1797796163894137,0.035130796683576736,-1.1854941459440516,0.3019700722711672,0.45827925875639924,-0.19926274253206544,-0.47397354668196207,-0.203609643374097,0.11412894610971779,-0.49841280794737935,-0.38295304657045076,0.5309485616123308,-0.7071851649135951,0.7895460354657379,0.0,1.0,0.0,0.0,0.0,0.0,0.0,1.0,0.0,0.0,0.0,0.0,0.0,0.0,1.0,0.0,0.0,1.0,0.0,0.0,Not Placed
0.031439466999425084,0.7085684194526405,0.16172046253780908,0.9497258268948607,0.035130796683576736,0.7848562351263942,-0.874536702811302,1.3261040706181049,0.6383473097726793,0.2381111175476589,0.4882462565683773,0.6854170190828233,0.19373719190673014,0.8310915600934778,1.7035228438852867,0.08198092402660732,0.8855228045594278,0.0,0.0,0.0,1.0,0.0,0.0,0.0,1.0,0.0,0.0,0.0,1.0,0.0,0.0,0.0,0.0,0.0,0.0,1.0,0.0,Not Placed
0.031439466999425084,-2.223127093084372,0.6775378131477144,-1.309285059673688,0.9719520415789541,-1.1854941459440516,-0.874536702811302,-2.786290983789619,-3.364277825668316,-0.5714167112607521,-0.9714936641893696,-0.9821265452711077,-0.19511112261805025,-2.4142956564133637,-1.5841379602091405,-1.4459789503044231,-2.5422189487866613,0.0,0.0,1.0,0.0,0.0,0.0,0.0,1.0,0.0,0.0,0.0,0.0,0.0,0.0,1.0,0.0,1.0,0.0,0.0,0.0,Not Placed
0.031439466999425084,0.8377180015027287,0.009319881675792117,0.9497258268948607,-0.9016904482118007,-0.20031895540882869,-0.874536702811302,0.16118607992086048,-0.5381431453729163,-0.8412593208635554,-0.5153249389525737,0.7162974554597483,-0.14067235858458077,-0.20838454103707515,-0.33735011576701024,-0.06913598662151631,0.49476024467797347,1.0,0.0,0.0,0.0,0.0,0.0,1.0,0.0,0.0,0.0,0.0,0.0,0.0,0.0,1.0,0.0,0.0,1.0,0.0,0.0,Placed
0.031439466999425084,0.23071496586731124,1.1933551637576183,-0.1797796163894137,-0.9016904482118007,-0.20031895540882869,-0.874536702811302,0.2237320123072895,0.4657101234197936,1.3774465803150526,-0.3252546367705755,-0.4725993450518513,-0.5372976393998574,0.6803278507691998,0.8723309475905328,-0.06913598662151631,0.24110735493036364,0.0,0.0,0.0,0.0,0.0,1.0,1.0,0.0,0.0,0.0,0.0,1.0,0.0,0.0,0.0,1.0,0.0,0.0,0.0,0.0,Placed
1.248451092782051,-0.7637368159183706,-0.47132810411980025,2.079231270179135,0.9719520415789541,-0.20031895540882869,1.4784768473536365,0.6850082636572047,0.8301664057203308,1.452402860760276,0.5490687532666165,-0.4417189086749262,0.6914630344984484,-0.30360372587346196,-1.339233205050865,0.8627516290419138,0.9952105406665033,0.0,0.0,1.0,0.0,0.0,0.0,0.0,1.0,0.0,1.0,0.0,0.0,0.0,0.0,0.0,0.0,1.0,0.0,0.0,0.0,Placed
-1.1855721587832007,-0.9316312725834858,-0.1782500640005362,-0.1797796163894137,0.9719520415789541,-0.20031895540882869,0.3019700722711672,-0.2219077559460192,-0.23123259185667402,-0.7138336441066756,0.8911952971942133,-0.8817651270461028,-0.7939375269862122,-1.358949691143413,-0.01823179843956039,-0.5980451738899503,-0.5335622813258533,1.0,0.0,0.0,0.0,0.0,0.0,0.0,1.0,0.0,1.0,0.0,0.0,0.0,0.0,0.0,0.0,1.0,0.0,0.0,0.0,Not Placed
-1.1855721587832007,-0.32462823694806947,-1.174715400406034,-1.309285059673688,0.035130796683576736,-0.20031895540882869,0.3019700722711672,0.0908219059861271,0.7086809782868188,0.537936239328552,0.3437928269100582,-0.6578819633133985,0.1315214615827655,-2.3111415395072785,-0.15923756656099117,-0.010368299147245675,1.2762853644408823,0.0,1.0,0.0,0.0,0.0,0.0,1.0,0.0,0.0,1.0,0.0,0.0,0.0,0.0,0.0,1.0,0.0,0.0,0.0,0.0,Placed
1.248451092782051,1.302656496883047,0.9706158532669785,2.079231270179135,0.9719520415789541,0.7848562351263942,2.654983622436106,1.7717438388714135,1.6230186689706243,0.2905805138593154,-0.26443214007233623,1.7585121831809554,1.7724613488773382,1.7753484763876453,1.7035228438852867,0.7704024058680607,1.653336957308952,1.0,0.0,0.0,0.0,0.0,0.0,0.0,1.0,0.0,0.0,0.0,0.0,0.0,1.0,0.0,0.0,0.0,0.0,1.0,0.0,Placed
-1.1855721587832007,0.16614017484226717,-1.4443471973157582,-1.309285059673688,-1.8385116931071779,-0.20031895540882869,-0.874536702811302,0.05954893979291203,0.47849806314963633,-1.4334139363808196,0.11570846429166026,-0.5034797814287753,0.7147939333699361,-1.2875353025161231,0.4715777118769915,0.5017501202713959,0.323373157010669,0.0,0.0,0.0,0.0,1.0,0.0,1.0,0.0,0.0,0.0,0.0,0.0,0.0,1.0,0.0,0.0,0.0,0.0,1.0,0.0,Placed
1.248451092782051,-1.267420185913717,-1.162992278801264,-0.1797796163894137,0.035130796683576736,-1.1854941459440516,0.3019700722711672,-1.066277843162814,-1.1327823428106365,-0.8412593208635554,-0.9334796037529699,-1.3526917817942032,-1.5871880886167644,0.4502148207479318,0.8945950162412849,0.9970777718402468,-0.8146371051002322,0.0,0.0,1.0,0.0,0.0,0.0,0.0,1.0,0.0,0.0,0.0,0.0,0.0,0.0,1.0,0.0,0.0,0.0,0.0,1.0,Placed
-1.1855721587832007,0.7602282522726749,1.7912343656009178,-0.1797796163894137,-0.9016904482118007,-0.20031895540882869,0.3019700722711672,0.724099471398723,0.3442246959862806,0.5754143795511636,0.25255908186269876,1.7585121831809554,0.8858871917608385,-1.9064600039526356,0.1301953258987885,0.7871931737178526,0.3165176735039772,0.0,0.0,1.0,0.0,0.0,0.0,1.0,0.0,0.0,0.0,0.0,0.0,0.0,1.0,0.0,0.0,0.0,1.0,0.0,0.0,Placed
1.248451092782051,0.514844046377507,0.24378231377120335,-0.1797796163894137,0.9719520415789541,1.7700314256616172,0.3019700722711672,0.27845970314541535,0.36980057544596784,1.3924378364040975,1.7275046267950056,0.46925396444435086,1.1425270793471944,1.013594997696553,1.2953482519548272,-1.781794307300254,0.7415576509188925,0.0,0.0,0.0,1.0,0.0,0.0,1.0,0.0,0.0,0.0,0.0,0.0,0.0,0.0,1.0,0.0,0.0,0.0,1.0,0.0,Placed
-1.1855721587832007,2.3100232368737377,0.4196291378427618,-0.1797796163894137,0.9719520415789541,-0.20031895540882869,-0.874536702811302,1.7717438388714135,1.2393804770753212,0.8752395013320566,1.7275046267950056,0.6236561463289741,1.391390000643053,1.7356738160391507,0.7090611108183489,0.1911209150502521,1.653336957308952,1.0,0.0,0.0,0.0,0.0,0.0,0.0,1.0,0.0,0.0,0.0,0.0,1.0,0.0,0.0,1.0,0.0,0.0,0.0,0.0,Placed
0.031439466999425084,-0.272968404128034,1.298863258200554,-0.1797796163894137,0.035130796683576736,0.7848562351263942,-0.874536702811302,-0.21408951439771598,-0.5445371152378385,-0.7887899245518989,-0.3708715092942546,1.2875855284328548,-1.159454942639506,-0.501977027615934,1.22855604600257,-0.6400220935144291,-0.36903067716524063,0.0,1.0,0.0,0.0,0.0,0.0,0.0,1.0,0.0,1.0,0.0,0.0,0.0,0.0,0.0,0.0,1.0,0.0,0.0,0.0,Placed
0.031439466999425084,-1.099525729248601,-0.15480382079099642,2.079231270179135,0.035130796683576736,-1.1854941459440516,0.3019700722711672,-0.37045434536378913,0.03092017260511605,0.9127176415546682,-0.4316940059924949,1.7585121831809554,-1.6338498863597377,-0.4305626389886436,0.07082447616344914,-0.3209975043683894,0.04229833323629007,1.0,0.0,0.0,0.0,0.0,0.0,1.0,0.0,0.0,0.0,1.0,0.0,0.0,0.0,0.0,0.0,0.0,1.0,0.0,0.0,Placed
0.031439466999425084,-0.8541415233534331,0.99406209647652,2.079231270179135,0.035130796683576736,-1.1854941459440516,1.4784768473536365,-0.7770029058755784,-0.9281753071331412,1.347464068136964,-0.348063073032415,-0.05571345396336803,-0.7317217966622476,-0.8590489707523836,-0.3596141844177624,-0.4385328793169307,-0.30733132560501064,0.0,0.0,0.0,0.0,0.0,1.0,1.0,0.0,0.0,0.0,0.0,0.0,1.0,0.0,0.0,1.0,0.0,0.0,0.0,0.0,Placed
-1.1855721587832007,-0.11798890566792751,-0.3189275232577833,0.9497258268948607,0.9719520415789541,-0.20031895540882869,0.3019700722711672,-1.1757332248390657,-0.7811140002399419,0.6503706599963868,0.3970125115210179,0.7162974554597483,0.9792107872467861,0.9183758128601662,1.22855604600257,-1.0681866736841135,-0.8694809731537695,0.0,1.0,0.0,0.0,0.0,0.0,1.0,0.0,0.0,0.0,0.0,1.0,0.0,0.0,0.0,0.0,0.0,0.0,0.0,1.0,Placed
1.248451092782051,2.0904689473885867,-0.3658200096768662,-0.1797796163894137,-0.9016904482118007,-0.20031895540882869,0.3019700722711672,0.7866454037851531,1.0411674112627483,0.8977263854656244,0.9216065455433335,0.5310148371982,1.0025416861182728,-0.43849757105834314,0.4270495745754862,-0.37976519184266005,0.4879047611712817,0.0,1.0,0.0,0.0,0.0,0.0,1.0,0.0,0.0,0.0,0.0,1.0,0.0,0.0,0.0,0.0,1.0,0.0,0.0,0.0,Placed
0.031439466999425084,0.15322521663725858,1.4043713526434896,2.079231270179135,0.9719520415789541,0.7848562351263942,-0.874536702811302,-0.19063478975280412,-1.0368727948368106,0.5454318673730749,1.7275046267950056,0.3148517825597276,1.7724613488773382,0.5454340055843185,-0.01823179843956039,1.2825208252867024,-0.9723132257541521,0.0,0.0,0.0,0.0,1.0,0.0,1.0,0.0,0.0,1.0,0.0,0.0,0.0,0.0,0.0,0.0,0.0,1.0,0.0,0.0,Placed
0.031439466999425084,-0.9058013561734686,0.31412104339982605,-1.309285059673688,0.9719520415789541,-0.20031895540882869,1.4784768473536365,-1.0897325678077254,-1.4205109867321137,0.942700153732758,-0.4392968180797744,1.604110001296332,-1.003915616829594,-0.898723631100878,-1.5989806726429756,0.1827255311253568,-1.4042086866757597,0.0,0.0,0.0,0.0,1.0,0.0,0.0,1.0,0.0,0.0,0.0,1.0,0.0,0.0,0.0,0.0,1.0,0.0,0.0,0.0,Not Placed
-1.1855721587832007,0.3211196733023737,0.09138173290918639,-0.1797796163894137,0.9719520415789541,-1.1854941459440516,-0.874536702811302,0.4739157418530068,0.043708112334959665,-0.4215041503703056,-0.0059365291048181805,-0.4494390177691569,-0.49841280794737935,-1.5176483325373906,-0.040495867090312505,-0.9254651469608852,0.7415576509188925,0.0,0.0,0.0,1.0,0.0,0.0,1.0,0.0,0.0,0.0,0.0,0.0,0.0,0.0,1.0,0.0,0.0,0.0,1.0,0.0,Placed
0.031439466999425084,0.16614017484226717,-0.7526830226342944,0.9497258268948607,-1.8385116931071779,-0.20031895540882869,0.3019700722711672,-1.597918268447463,-0.9729330961875935,0.8002832208868333,1.6134624454858066,0.5773354917635876,0.014866967225331394,0.029663421053891293,0.4715777118769915,-0.3209975043683894,-1.4453415877159128,0.0,0.0,0.0,0.0,1.0,0.0,0.0,1.0,0.0,0.0,1.0,0.0,0.0,0.0,0.0,0.0,1.0,0.0,0.0,0.0,Placed
1.248451092782051,1.2122517894479845,0.4899678674713845,-0.1797796163894137,0.9719520415789541,1.7700314256616172,-0.874536702811302,0.7553724375919381,-0.250414501451439,-0.08420088836680091,1.4766118279147682,-0.349077599544152,0.4426001132025898,-0.19251467689767715,0.389942793490899,-0.010368299147245675,0.11770865180990364,0.0,0.0,0.0,0.0,1.0,0.0,0.0,1.0,0.0,0.0,0.0,0.0,1.0,0.0,0.0,1.0,0.0,0.0,0.0,0.0,Placed
0.031439466999425084,0.3727795061224092,-0.0024032399289777785,0.9497258268948607,0.035130796683576736,1.7700314256616172,2.654983622436106,1.7717438388714135,1.6230186689706243,0.26809362972574863,-0.1351843345885772,1.511468692165558,0.3259456188451557,-0.9463332235190709,1.0356007843627169,1.3916608163103472,1.3928285840546495,1.0,0.0,0.0,0.0,0.0,0.0,1.0,0.0,0.0,0.0,1.0,0.0,0.0,0.0,0.0,0.0,1.0,0.0,0.0,0.0,Placed
1.248451092782051,-0.582927401048247,2.0022505544867877,2.079231270179135,0.9719520415789541,-0.20031895540882869,-0.874536702811302,1.154102756555424,0.7214689180166624,1.4224203485821871,1.5298315125257278,1.4574279285059395,0.4192692143311021,0.2835812472842557,0.8278028102890286,1.3580792806107647,1.653336957308952,0.0,0.0,0.0,1.0,0.0,0.0,1.0,0.0,0.0,0.0,0.0,0.0,1.0,0.0,0.0,0.0,0.0,1.0,0.0,0.0,Placed
0.031439466999425084,-0.6216722756632739,-1.0926535491726415,0.9497258268948607,0.9719520415789541,-1.1854941459440516,0.3019700722711672,0.19245904611407444,0.36980057544596784,-0.0017489798770546838,-0.8878627312292902,0.04464796426163688,-1.2294476392539664,0.2677113831448577,1.1543424838333953,1.9709423071281558,0.23425187142367088,0.0,0.0,1.0,0.0,0.0,0.0,1.0,0.0,0.0,0.0,0.0,0.0,0.0,1.0,0.0,0.0,0.0,0.0,0.0,1.0,Placed
-1.1855721587832007,-0.6475021920732911,-0.8581911170772302,0.9497258268948607,1.9087732864743314,0.7848562351263942,-0.874536702811302,0.37227860172505833,0.056496052064803286,-0.9387024854423459,1.430994955391088,-0.5034797814287753,0.5437006749790325,-0.3353434541522568,0.4122068621416511,-1.19411743255755,-0.1222332709243226,0.0,1.0,0.0,0.0,0.0,0.0,0.0,0.0,1.0,0.0,0.0,0.0,1.0,0.0,0.0,0.0,0.0,0.0,0.0,1.0,Placed
-1.1855721587832007,-0.6087573174582641,0.99406209647652,-0.1797796163894137,1.9087732864743314,-1.1854941459440516,0.3019700722711672,0.9586467178478327,1.6230186689706243,1.0776214585341597,1.0204431026779723,0.21449036433472268,-0.48285887536638794,-0.01794617136430154,0.27862245023713733,0.8291700933423314,1.2351524634007296,0.0,0.0,0.0,0.0,1.0,0.0,1.0,0.0,0.0,0.0,0.0,0.0,1.0,0.0,0.0,0.0,0.0,0.0,1.0,0.0,Placed
1.248451092782051,1.1864218730379674,0.7244302995667957,0.9497258268948607,0.035130796683576736,0.7848562351263942,0.3019700722711672,1.3964682445528382,1.117895049641808,1.7297410984076023,0.9368121697178925,0.7780583282135974,1.0958652816042203,0.48988948109642616,1.0133367157119646,-0.5560682542654708,1.036343441706656,0.0,0.0,0.0,0.0,1.0,0.0,0.0,1.0,0.0,0.0,0.0,0.0,0.0,0.0,1.0,1.0,0.0,0.0,0.0,0.0,Placed
0.031439466999425084,-0.789566732328389,-0.916806725101083,-0.1797796163894137,0.035130796683576736,-1.1854941459440516,0.3019700722711672,0.4739157418530068,-0.14171701374776963,-1.493378960736998,-0.7814233620073713,-2.0397814911807775,0.09263663013028747,-0.04968589964309752,-0.003389086005725292,0.8543562451170185,0.46048282714451255,0.0,0.0,1.0,0.0,0.0,0.0,1.0,0.0,0.0,0.0,0.0,0.0,0.0,0.0,1.0,0.0,0.0,0.0,1.0,0.0,Placed
0.031439466999425084,-2.0681475946242656,2.119481770534493,-0.1797796163894137,-1.8385116931071779,-0.20031895540882869,2.654983622436106,-1.1600967417424581,-0.8834175180786895,-1.9730991555864268,-2.3247942157251966,-0.15607487218837293,-1.003915616829594,-0.08142562792189349,-0.5748335147083686,-1.219303584332237,-1.3287983681021456,0.0,0.0,0.0,0.0,0.0,1.0,0.0,1.0,0.0,0.0,0.0,1.0,0.0,0.0,0.0,1.0,0.0,0.0,0.0,0.0,Placed
0.031439466999425084,-0.7508218577133621,0.29067480019028624,-0.1797796163894137,0.035130796683576736,-0.20031895540882869,1.4784768473536365,-0.25318072213923426,0.13961766030878545,0.7927875928423115,-0.7434093015709716,-1.7772977819769173,-0.28843471810399773,0.7596771714661886,0.9762299346273774,-0.23704366511943173,0.3370841240240535,0.0,0.0,0.0,0.0,1.0,0.0,0.0,1.0,0.0,1.0,0.0,0.0,0.0,0.0,0.0,0.0,0.0,1.0,0.0,0.0,Placed
1.248451092782051,-0.9703761471985126,-1.0457610627535585,-0.1797796163894137,1.9087732864743314,-0.20031895540882869,-0.874536702811302,1.271376379779979,0.09485987125433323,0.09569418470173534,0.3894096994337384,-0.5961210905595494,-0.4673049427853965,1.2357730956481214,-0.2779792660316709,0.1995162989751486,0.8718118375460433,0.0,0.0,0.0,0.0,1.0,0.0,1.0,0.0,0.0,0.0,0.0,0.0,0.0,1.0,0.0,0.0,0.0,0.0,1.0,0.0,Placed
0.031439466999425084,0.6310786702225867,0.5837528403095503,-1.309285059673688,-0.9016904482118007,-1.1854941459440516,-0.874536702811302,-0.33918137917057406,-0.9729330961875935,-1.5083702168260429,-0.8574514828801706,-0.9744064361768764,0.030420899806321726,-0.16870988068858073,0.8649095913736158,0.258283986449418,-1.2191106319950706,0.0,0.0,0.0,1.0,0.0,0.0,0.0,1.0,0.0,0.0,0.0,0.0,0.0,0.0,1.0,0.0,1.0,0.0,0.0,0.0,Not Placed
1.248451092782051,-2.1843822184693464,-0.20169630721007767,-0.1797796163894137,1.9087732864743314,1.7700314256616172,0.3019700722711672,-0.40954555310530744,-0.8898114879436109,1.257516531602696,-1.473279261949845,-0.39539825410953966,1.7724613488773382,0.05346821726298771,-0.09244536060873482,-1.001023602284947,-0.20449907300462797,1.0,0.0,0.0,0.0,0.0,0.0,1.0,0.0,0.0,0.0,1.0,0.0,0.0,0.0,0.0,0.0,0.0,0.0,1.0,0.0,Placed
0.031439466999425084,-1.887338179754142,1.3574788662244068,-1.309285059673688,0.035130796683576736,-1.1854941459440516,0.3019700722711672,-1.824647273348269,-1.7657853594378865,-1.905638503185726,-1.465676449862565,-1.0593276362134192,-0.9805847179581068,-2.1921175584617956,-1.0498003125910849,-0.8750928434115104,-1.8292486640906744,0.0,0.0,0.0,0.0,0.0,1.0,0.0,1.0,0.0,0.0,0.0,0.0,0.0,0.0,1.0,0.0,0.0,1.0,0.0,0.0,Not Placed
-1.1855721587832007,0.5665038791975414,-0.3658200096768662,0.9497258268948607,0.9719520415789541,-1.1854941459440516,1.4784768473536365,1.6701066987434663,1.6230186689706243,0.46297995888332866,1.7275046267950056,0.9787811646636083,-1.003915616829594,0.783481967675285,-0.14439485412715714,1.7778484768555534,1.653336957308952,1.0,0.0,0.0,0.0,0.0,0.0,1.0,0.0,0.0,0.0,0.0,1.0,0.0,0.0,0.0,0.0,1.0,0.0,0.0,0.0,Placed
-1.1855721587832007,-0.09215898925791033,0.7713227859858787,2.079231270179135,0.035130796683576736,0.7848562351263942,2.654983622436106,1.7717438388714135,0.8429543454501744,0.7028400563080434,-0.1275815225012977,0.48469418263281344,1.1814119107996726,1.3706669408330028,1.6961014876683695,0.17433014720046033,1.1391756943070386,0.0,0.0,0.0,0.0,1.0,0.0,1.0,0.0,0.0,0.0,0.0,0.0,1.0,0.0,0.0,0.0,0.0,0.0,0.0,1.0,Placed
1.248451092782051,0.10156538381722308,-0.1079113343719135,0.9497258268948607,0.035130796683576736,0.7848562351263942,-0.874536702811302,0.24718673695220025,-0.33353610969542113,1.4973766290274104,1.3701724586928488,0.5155746190097386,0.21706809077821676,0.783481967675285,1.7035228438852867,-0.22864828119453642,-0.07424488637747716,1.0,0.0,0.0,0.0,0.0,0.0,0.0,1.0,0.0,0.0,1.0,0.0,0.0,0.0,0.0,1.0,0.0,0.0,0.0,0.0,Placed
1.248451092782051,-0.7508218577133621,-1.467793440525298,0.9497258268948607,-0.9016904482118007,-1.1854941459440516,-0.874536702811302,-0.3548178622671816,-0.12892907401792691,-0.98367625370948,-0.8194374224437709,-0.9126455634230273,-0.8328223584386902,-1.2240558459585318,-1.0498003125910849,-1.6138866288023386,0.02858736622290552,0.0,0.0,0.0,1.0,0.0,0.0,1.0,0.0,0.0,0.0,0.0,0.0,0.0,1.0,0.0,0.0,0.0,0.0,0.0,1.0,Placed
1.248451092782051,0.06282050920219617,-0.7761292658438359,-1.309285059673688,0.9719520415789541,-0.20031895540882869,-0.874536702811302,0.5520981573360434,0.09485987125433323,0.8677438732875347,0.44262938404469704,-0.21783574494222202,0.450377079493085,0.0693380814023857,-0.7084179266128824,1.6267315662074298,0.3576505745441299,0.0,0.0,0.0,0.0,0.0,1.0,1.0,0.0,0.0,0.0,0.0,0.0,0.0,1.0,0.0,1.0,0.0,0.0,0.0,0.0,Placed
1.248451092782051,0.2694598404823382,0.99406209647652,-1.309285059673688,-1.8385116931071779,-0.20031895540882869,-0.874536702811302,-0.08117940807655359,0.612771430312993,-0.39901726623673883,0.4578350082192571,-0.8508846906691776,-1.4705335942593303,1.5055607860178828,-1.9997339083565173,2.264780744499508,0.6113034642917407,0.0,0.0,0.0,0.0,0.0,1.0,0.0,1.0,0.0,0.0,0.0,0.0,1.0,0.0,0.0,0.0,1.0,0.0,0.0,0.0,Placed
-1.1855721587832007,-0.6475021920732911,1.2636938933862425,-0.1797796163894137,1.9087732864743314,-0.20031895540882869,0.3019700722711672,0.028275973599698065,-0.46141550699385553,-0.07670526032227794,-1.0171105367130493,1.7585121831809554,-0.8017144932767074,0.48195454902672774,-1.2501769304478556,-0.48890518286630485,0.05600930024967462,0.0,0.0,1.0,0.0,0.0,0.0,0.0,1.0,0.0,0.0,1.0,0.0,0.0,0.0,0.0,0.0,0.0,0.0,1.0,0.0,Placed
-1.1855721587832007,0.7085684194526405,-1.3974547108966753,-1.309285059673688,0.035130796683576736,0.7848562351263942,0.3019700722711672,0.1690043214691637,-0.21844465212683042,-0.781294296507377,0.07009159176798112,-1.7000966910346056,-0.3662043810089538,1.2675128239269162,-0.2779792660316709,1.9037792357289898,0.9883550571598105,1.0,0.0,0.0,0.0,0.0,0.0,0.0,1.0,0.0,0.0,0.0,0.0,0.0,1.0,0.0,1.0,0.0,0.0,0.0,0.0,Not Placed
-1.1855721587832007,-1.0866107710435922,-0.44788186091026044,0.9497258268948607,-1.8385116931071779,-0.20031895540882869,-0.874536702811302,-0.14372534046298263,0.2802849973370634,-1.0436412780656583,-1.0931386575858484,0.10640883701548597,-1.9527055042700576,-0.898723631100878,-1.7993572904997468,0.9131239325912891,0.693569266372047,0.0,1.0,0.0,0.0,0.0,0.0,0.0,1.0,0.0,0.0,0.0,0.0,0.0,1.0,0.0,0.0,1.0,0.0,0.0,0.0,Not Placed
0.031439466999425084,0.5019290881724974,-0.8347448738676887,-0.1797796163894137,0.035130796683576736,-1.1854941459440516,0.3019700722711672,-0.7535481812306677,0.3378307261213592,-0.8412593208635554,0.27536751812453947,-1.1905694908153492,-0.09401056084160755,-0.6844804652190081,-0.292821978465506,1.0306593075398292,-0.5815506658726978,0.0,0.0,0.0,0.0,1.0,0.0,0.0,1.0,0.0,0.0,0.0,0.0,1.0,0.0,0.0,0.0,1.0,0.0,0.0,0.0,Not Placed
0.031439466999425084,0.8377180015027287,-0.0024032399289777785,0.9497258268948607,0.035130796683576736,-1.1854941459440516,0.3019700722711672,-0.7535481812306677,-0.3463240494252648,-0.6238861075724086,0.13091408846622035,-0.07115367215183058,-0.9261459539246378,1.3230573484148087,-0.02565315465647741,0.023213236552336692,-0.47186292976562333,1.0,0.0,0.0,0.0,0.0,0.0,0.0,1.0,0.0,1.0,0.0,0.0,0.0,0.0,0.0,0.0,1.0,0.0,0.0,0.0,Placed
1.248451092782051,0.6698235448376124,-0.38926625288640765,-1.309285059673688,0.035130796683576736,-1.1854941459440516,0.3019700722711672,-0.2688172052358407,0.19076941922815902,0.837761361109445,0.16892814890262,0.2530909098058785,-0.8639302236006732,1.5055607860178828,0.3379932999724767,0.40940089709754285,-0.6158280834061587,0.0,0.0,0.0,1.0,0.0,0.0,1.0,0.0,0.0,0.0,0.0,0.0,1.0,0.0,0.0,0.0,0.0,0.0,1.0,0.0,Not Placed
1.248451092782051,-0.5312675682282115,-0.6471749281913587,-0.1797796163894137,0.035130796683576736,-1.1854941459440516,-0.874536702811302,-2.0748310028939865,-1.2031160113247754,-0.3540434979696042,-1.4200595773388853,0.4074930916905018,-0.7317217966622476,-1.0177476121463613,0.18214481941721078,0.5689131916705618,-1.6167286753832173,0.0,1.0,0.0,0.0,0.0,0.0,0.0,1.0,0.0,1.0,0.0,0.0,0.0,0.0,0.0,0.0,0.0,1.0,0.0,0.0,Placed
-1.1855721587832007,-0.0017542818228479195,-1.010591697939247,-1.309285059673688,-0.9016904482118007,-0.20031895540882869,1.4784768473536365,-1.8168290317999654,-1.4716627456514872,-1.4633964485589088,-1.3136202081169663,-2.0629418184634707,0.014866967225331394,-0.39882291070984877,-0.8494236947343137,0.03160862047723318,-1.6784280269434468,0.0,1.0,0.0,0.0,0.0,0.0,0.0,1.0,0.0,0.0,0.0,0.0,1.0,0.0,0.0,0.0,0.0,1.0,0.0,0.0,Placed
-1.1855721587832007,1.1605919566279501,-0.13135757758145497,-0.1797796163894137,-0.9016904482118007,-1.1854941459440516,0.3019700722711672,0.012639490503090529,-0.41026374807448196,1.2725077876917408,1.689490566358606,1.0945828010770757,-0.07845662826061611,1.0612045901147458,0.5977407675645872,1.2153577538875364,0.08343123427644275,1.0,0.0,0.0,0.0,0.0,0.0,0.0,1.0,0.0,0.0,0.0,1.0,0.0,0.0,0.0,0.0,1.0,0.0,0.0,0.0,Not Placed
1.248451092782051,-1.3449099351437697,2.119481770534493,-0.1797796163894137,0.035130796683576736,-0.20031895540882869,0.3019700722711672,-0.6988204903925419,0.01813223287527334,-0.07670526032227794,-0.6521755565236123,0.5078545099155067,-2.4348774142807854,-1.6208024494434758,-0.6267830082267909,0.8963331647414974,-0.22506552352470527,0.0,0.0,0.0,0.0,0.0,1.0,1.0,0.0,0.0,0.0,0.0,0.0,1.0,0.0,0.0,1.0,0.0,0.0,0.0,0.0,Not Placed
-1.1855721587832007,0.9152077507327802,1.603664419924588,-1.309285059673688,0.035130796683576736,-0.20031895540882869,1.4784768473536365,0.5755528819809541,1.3288960551842255,1.3999334644486194,0.23735345768813979,-0.26415639950760966,-0.2495498866515197,-1.8509154794647438,0.6348475486491744,-0.31260212044349417,0.3096621899972854,0.0,0.0,0.0,0.0,1.0,0.0,0.0,1.0,0.0,0.0,0.0,0.0,1.0,0.0,0.0,0.0,1.0,0.0,0.0,0.0,Placed
0.031439466999425084,-0.36337311156309643,0.3258441650045976,-1.309285059673688,0.035130796683576736,1.7700314256616172,1.4784768473536365,0.7866454037851531,0.12682972057894182,-0.39152163819221586,-0.0667590258030574,-1.2909309090403542,-0.9572538190866201,0.767612103535887,0.5235272053954128,0.4681685845718123,0.8992337715728124,0.0,0.0,0.0,0.0,0.0,1.0,0.0,1.0,0.0,0.0,1.0,0.0,0.0,0.0,0.0,0.0,0.0,0.0,0.0,1.0,Placed
-1.1855721587832007,-0.15673378028295443,-0.3189275232577833,0.9497258268948607,-0.9016904482118007,-0.20031895540882869,-0.874536702811302,1.5684695586155188,1.5015332415371112,-0.7138336441066756,-1.1539611542840877,0.3534523280308834,1.6402529219389128,0.18836206244786893,-0.2705579098147528,0.8627516290419138,0.7278466839055079,0.0,0.0,0.0,0.0,1.0,0.0,1.0,0.0,0.0,0.0,0.0,0.0,1.0,0.0,0.0,0.0,0.0,0.0,1.0,0.0,Not Placed
-1.1855721587832007,0.4502692553524618,-0.09618821276714361,-1.309285059673688,-0.9016904482118007,-1.1854941459440516,-0.874536702811302,-1.0193683938729925,0.08207193152449052,-0.6238861075724086,-1.344031456466086,-0.19467541765952875,0.5903624727220057,-0.866983902822082,-0.2408724849470837,-0.5392774864156802,-1.1368448299147649,0.0,0.0,1.0,0.0,0.0,0.0,0.0,1.0,0.0,0.0,0.0,0.0,1.0,0.0,0.0,0.0,1.0,0.0,0.0,0.0,Placed
1.248451092782051,-1.2932501023237342,-0.22514255041961911,-1.309285059673688,-0.9016904482118007,2.75520661619684,-0.874536702811302,0.5130069495945251,-0.7555381207802551,-1.4109270522472523,-1.2147836509823275,-1.0284471998364948,0.014866967225331394,-0.9701380197281678,-0.2779792660316709,0.014817852627441399,0.008020915702829179,1.0,0.0,0.0,0.0,0.0,0.0,1.0,0.0,0.0,0.0,0.0,1.0,0.0,0.0,0.0,0.0,0.0,0.0,1.0,0.0,Placed
0.031439466999425084,-0.6604171502782996,-0.2485887936291606,-0.1797796163894137,-1.8385116931071779,-1.1854941459440516,0.3019700722711672,1.756107355774806,1.3864417839685206,0.46297995888332866,0.35899845108461825,1.05598225560592,-1.5949650549072596,-1.3192750307949186,-2.3188522256839676,2.264780744499508,1.4750943861349557,0.0,0.0,0.0,0.0,1.0,0.0,1.0,0.0,0.0,0.0,0.0,0.0,0.0,0.0,1.0,0.0,0.0,0.0,0.0,1.0,Placed
1.248451092782051,-0.44086286079314907,1.9670811896724762,-0.1797796163894137,-1.8385116931071779,-0.20031895540882869,1.4784768473536365,-1.2070061910322802,-0.35271801929018703,-0.31656535774699257,-1.9826676717976,-0.318197163167228,0.21706809077821676,-1.295470234585822,1.7035228438852867,0.55212242382077,-1.8292486640906744,0.0,0.0,0.0,1.0,0.0,0.0,1.0,0.0,0.0,0.0,1.0,0.0,0.0,0.0,0.0,1.0,0.0,0.0,0.0,0.0,Placed
-1.1855721587832007,-0.44086286079314907,-0.0024032399289777785,-0.1797796163894137,0.035130796683576736,2.75520661619684,0.3019700722711672,0.9351919932029219,0.6063774604480707,-1.0886150463327924,0.07009159176798112,0.12184905520394851,-0.8328223584386902,0.6327182583510058,0.8649095913736158,-0.010368299147245675,0.5221821787047426,0.0,0.0,1.0,0.0,0.0,0.0,1.0,0.0,0.0,0.0,0.0,0.0,0.0,0.0,1.0,0.0,0.0,0.0,1.0,0.0,Placed
1.248451092782051,0.5277590045825157,0.6071990835190901,0.9497258268948607,0.9719520415789541,0.7848562351263942,1.4784768473536365,1.2870128628765864,1.6230186689706243,-0.1366702846784574,-0.8954655433165702,0.5078545099155067,1.2280737085426459,1.0294648618359499,1.3621404579070846,0.8207747094174349,0.7141357168921234,0.0,0.0,1.0,0.0,0.0,0.0,0.0,1.0,0.0,0.0,0.0,1.0,0.0,0.0,0.0,0.0,0.0,0.0,0.0,1.0,Placed
0.031439466999425084,0.7602282522726749,1.7795112439961462,-0.1797796163894137,0.9719520415789541,1.7700314256616172,0.3019700722711672,0.2628232200488078,-0.03941349590902249,-0.45148666254839426,-1.7697889333537622,1.4497078194117088,0.7147939333699361,1.6642594274118603,1.7035228438852867,0.9718916200655585,-0.06738940287078439,0.0,0.0,0.0,1.0,0.0,0.0,1.0,0.0,0.0,0.0,0.0,0.0,1.0,0.0,0.0,0.0,1.0,0.0,0.0,0.0,Placed
-1.1855721587832007,0.7731432104776834,1.2168014069671595,-1.309285059673688,-0.9016904482118007,0.7848562351263942,-0.874536702811302,-0.487727968588344,-0.6852044522661161,0.5079537271504633,1.605859633398527,-0.7273629451614795,-0.18733415632755507,1.4024066691117976,0.553212630263083,0.4849593524216041,-0.9311803247139995,0.0,1.0,0.0,0.0,0.0,0.0,0.0,0.0,1.0,0.0,0.0,0.0,0.0,0.0,1.0,0.0,0.0,1.0,0.0,0.0,Not Placed
0.031439466999425084,0.992697499962834,0.03276612488533357,-0.1797796163894137,0.035130796683576736,2.75520661619684,-0.874536702811302,1.7326526311298953,1.6230186689706243,1.3924378364040975,-0.1503899587631373,0.9170202919097581,-0.2806577518135026,0.2835812472842557,0.90943772867512,0.33384244177348044,1.0637653757334251,0.0,1.0,0.0,0.0,0.0,0.0,0.0,1.0,0.0,0.0,0.0,1.0,0.0,0.0,0.0,0.0,1.0,0.0,0.0,0.0,Placed
-1.1855721587832007,2.878281397894129,-0.0024032399289777785,-0.1797796163894137,0.035130796683576736,1.7700314256616172,-0.874536702811302,1.4590141769392673,1.6230186689706243,0.24560674559218185,0.7163306191867752,0.07552840063856198,1.3291742703190885,1.7753484763876453,1.6961014876683695,0.44298243279712524,1.468238902628263,0.0,0.0,1.0,0.0,0.0,0.0,1.0,0.0,0.0,1.0,0.0,0.0,0.0,0.0,0.0,0.0,1.0,0.0,0.0,0.0,Placed
0.031439466999425084,0.6439936284275952,0.4079060162379919,-1.309285059673688,-0.9016904482118007,1.7700314256616172,-0.874536702811302,1.7717438388714135,1.4631694223475813,-1.4858833326924754,-0.03634777745393833,-1.1133683998730377,0.9869877535372824,0.5216292093752222,-0.7158392828297995,-0.13629905802068223,1.5436492212018775,0.0,0.0,0.0,0.0,0.0,1.0,0.0,1.0,0.0,0.0,0.0,0.0,0.0,0.0,1.0,0.0,0.0,0.0,0.0,1.0,Placed
-1.1855721587832007,-0.46669277720316743,1.6271106631341292,-0.1797796163894137,0.035130796683576736,0.7848562351263942,0.3019700722711672,0.8491913361715822,-0.020231586314257515,-0.4065128942812607,-0.8954655433165702,-1.7695776728826864,-0.21844202148953684,-0.6527407369402121,1.1617638400503134,-0.1782759776451611,1.3242737489877277,0.0,0.0,0.0,0.0,0.0,1.0,0.0,1.0,0.0,0.0,0.0,1.0,0.0,0.0,0.0,1.0,0.0,0.0,0.0,0.0,Placed
0.031439466999425084,0.4115243807374361,-0.6588980497961302,-0.1797796163894137,0.035130796683576736,-1.1854941459440516,0.3019700722711672,0.3800968432733627,0.977227712613531,-1.0736237902437475,-2.3247942157251966,-1.7232570183172995,-0.11734145971309416,0.06140314933268727,-1.32439049261703,0.5017501202713959,0.11770865180990364,0.0,0.0,1.0,0.0,0.0,0.0,0.0,1.0,0.0,0.0,0.0,0.0,0.0,0.0,1.0,0.0,0.0,1.0,0.0,0.0,Placed
-1.1855721587832007,1.819254825083402,-0.33065064486255485,-0.1797796163894137,0.035130796683576736,0.7848562351263942,1.4784768473536365,0.9742832009444402,1.4503814826177377,0.35804116626001675,1.3625696466055692,0.561895273575125,-0.7006139315002647,0.5374990735146201,1.7035228438852867,-1.1353497450832795,1.036343441706656,0.0,1.0,0.0,0.0,0.0,0.0,0.0,1.0,0.0,0.0,1.0,0.0,0.0,0.0,0.0,0.0,0.0,0.0,0.0,1.0,Placed
1.248451092782051,1.2122517894479845,-0.8347448738676887,-0.1797796163894137,0.9719520415789541,0.7848562351263942,0.3019700722711672,1.7717438388714135,1.6230186689706243,0.3880236784381054,1.7275046267950056,0.8012186554962907,-0.01624089793665148,-0.5416516879644284,-2.0516834018749397,0.55212242382077,1.2145860128806523,0.0,0.0,1.0,0.0,0.0,0.0,1.0,0.0,0.0,0.0,0.0,0.0,0.0,0.0,1.0,0.0,0.0,1.0,0.0,0.0,Placed
0.031439466999425084,-1.0091210218135396,-1.6201940213873167,-0.1797796163894137,0.035130796683576736,-0.20031895540882869,-0.874536702811302,0.2940961862420218,-0.9921150057823585,-1.290997003534895,-0.31765182468329595,-0.27187650860184037,0.7692326974034045,-1.263730506307026,-0.7900528449989739,0.7704024058680607,-1.0614345113411507,0.0,0.0,0.0,0.0,1.0,0.0,1.0,0.0,0.0,1.0,0.0,0.0,0.0,0.0,0.0,1.0,0.0,0.0,0.0,0.0,Placed
1.248451092782051,-0.8153966487384061,0.5603065971000089,-0.1797796163894137,0.9719520415789541,-0.20031895540882869,-0.874536702811302,-0.9177312537450446,-1.299025559298601,0.7703007087087447,-0.09717027415217756,-1.476213527301902,-0.43619707762341475,-0.7955695141947928,-1.316969136400113,0.1827255311253568,-0.9997351597809212,0.0,0.0,0.0,0.0,0.0,1.0,0.0,1.0,0.0,1.0,0.0,0.0,0.0,0.0,0.0,1.0,0.0,0.0,0.0,0.0,Not Placed
0.031439466999425084,-2.6880655884646916,-0.3775431312816361,-0.1797796163894137,0.035130796683576736,-0.20031895540882869,1.4784768473536365,-1.3008250896119238,-0.5956888741572122,-0.3090697297024707,-1.0247133488003293,-1.0284471998364948,-1.8982667402365887,-0.9622030876584688,-3.060987847375712,-0.48050979894140955,-0.11537778741762984,0.0,0.0,0.0,1.0,0.0,0.0,0.0,1.0,0.0,0.0,1.0,0.0,0.0,0.0,0.0,0.0,0.0,1.0,0.0,0.0,Placed
-1.1855721587832007,1.1218470820129223,0.4313522594475317,0.9497258268948607,-0.9016904482118007,-0.20031895540882869,-0.874536702811302,0.6302805728190799,0.01813223287527334,-0.11418340054488957,-0.9790964762766495,-0.5034797814287753,1.3991669669335494,0.6961977149085977,0.3528360124063118,-0.37976519184266005,0.4330608931177444,0.0,0.0,0.0,0.0,1.0,0.0,0.0,1.0,0.0,0.0,0.0,0.0,1.0,0.0,0.0,0.0,0.0,1.0,0.0,0.0,Placed
-1.1855721587832007,-0.9316312725834858,-1.7139789942254808,-1.309285059673688,0.035130796683576736,-0.20031895540882869,0.3019700722711672,-0.7379116981340602,0.2674970576072198,-0.1516615407675012,0.3209843906482186,0.013767527884712884,-1.416094830225861,-0.43849757105834314,0.6645329735168446,0.023213236552336692,0.12456413531659641,0.0,0.0,0.0,0.0,0.0,1.0,0.0,1.0,0.0,0.0,0.0,0.0,0.0,1.0,0.0,0.0,0.0,0.0,0.0,1.0,Placed
0.031439466999425084,-0.37628806976810497,0.03276612488533357,-1.309285059673688,0.035130796683576736,0.7848562351263942,0.3019700722711672,-0.05772468343164284,-0.8258717892943936,0.0057466481674672155,1.1801021565108505,-1.2986510181345854,1.7724613488773382,0.585108665932813,0.7461678919029361,0.5689131916705618,-1.006590643287613,0.0,0.0,1.0,0.0,0.0,0.0,1.0,0.0,0.0,0.0,0.0,1.0,0.0,0.0,0.0,1.0,0.0,0.0,0.0,0.0,Placed
1.248451092782051,-0.11798890566792751,0.14999734093303918,-0.1797796163894137,-0.9016904482118007,-1.1854941459440516,1.4784768473536365,0.1690043214691637,-0.8066898796996287,-1.9880904116754716,-1.0323161608876088,0.12184905520394851,-2.046029099756005,0.21216685865696533,-0.0701812919579827,-1.1857220486326543,-0.5404177648325451,1.0,0.0,0.0,0.0,0.0,0.0,0.0,1.0,0.0,0.0,0.0,1.0,0.0,0.0,0.0,0.0,1.0,0.0,0.0,0.0,Not Placed
0.031439466999425084,0.9410376671427997,1.9436349464629348,0.9497258268948607,-0.9016904482118007,-0.20031895540882869,0.3019700722711672,-0.8708218044552226,-1.2798436497038357,1.2125427633355612,-1.1615639663713677,0.22221047342895342,0.9792107872467861,0.7279374431873926,0.9391231535427902,-0.48050979894140955,-1.3836422361556828,1.0,0.0,0.0,0.0,0.0,0.0,1.0,0.0,0.0,1.0,0.0,0.0,0.0,0.0,0.0,1.0,0.0,0.0,0.0,0.0,Placed
0.031439466999425084,1.3801462461131009,-0.0024032399289777785,-0.1797796163894137,-0.9016904482118007,-0.20031895540882869,-0.874536702811302,0.16118607992086048,1.1690468085611827,0.4554843308388068,-0.9714936641893696,-1.229170036286505,0.26372988852118995,-0.7400249897069004,-1.4876603293892139,1.072636227164308,0.7964015189724297,0.0,0.0,0.0,0.0,1.0,0.0,0.0,1.0,0.0,0.0,0.0,1.0,0.0,0.0,0.0,0.0,0.0,0.0,1.0,0.0,Placed
-1.1855721587832007,1.4576359953431546,-0.21341942881484924,0.9497258268948607,1.9087732864743314,-0.20031895540882869,-0.874536702811302,1.7717438388714135,0.8493483153150967,1.1076039707122494,0.9216065455433335,1.3956670557520905,1.7724613488773382,1.6642594274118603,0.7610106043367711,-1.7146312359010876,1.317418265481035,0.0,0.0,0.0,0.0,0.0,1.0,0.0,1.0,0.0,0.0,0.0,0.0,0.0,1.0,0.0,0.0,0.0,1.0,0.0,0.0,Placed
1.248451092782051,0.24362992407231984,-2.2063501016258438,0.9497258268948607,0.035130796683576736,-1.1854941459440516,-0.874536702811302,-0.9255494952933484,-0.4038697782095606,0.5229449832395081,1.3777752707801294,0.7317376736482109,-0.7239448303717514,1.7753484763876453,-0.4486704590207719,-0.20346212941984937,-0.1839326224845516,0.0,0.0,0.0,0.0,0.0,1.0,0.0,1.0,0.0,0.0,0.0,1.0,0.0,0.0,0.0,0.0,1.0,0.0,0.0,0.0,Placed
0.031439466999425084,1.6513603684182858,1.4043713526434896,-1.309285059673688,0.035130796683576736,-0.20031895540882869,0.3019700722711672,1.7717438388714135,1.2521684168051648,-0.23411344925724742,-0.3556658851196956,-0.017112908492212208,0.6059164053029972,-0.255994133455268,-0.08502400439181675,0.6360762630697278,0.6524363653318943,1.0,0.0,0.0,0.0,0.0,0.0,0.0,1.0,0.0,0.0,0.0,0.0,0.0,1.0,0.0,0.0,0.0,0.0,0.0,1.0,Not Placed
1.248451092782051,0.9152077507327802,0.17344358414258065,-1.309285059673688,0.035130796683576736,0.7848562351263942,-0.874536702811302,-0.6597292826510236,-0.10335319455823967,-0.7513117843292872,-1.009507724625769,-0.0016726903037496612,0.24039898964970335,1.7753484763876453,-0.3225074033331751,1.7862438607804485,-0.14965520495109072,1.0,0.0,0.0,0.0,0.0,0.0,1.0,0.0,0.0,0.0,0.0,0.0,1.0,0.0,0.0,0.0,1.0,0.0,0.0,0.0,Placed
1.248451092782051,1.7675949922633654,1.251970771781471,0.9497258268948607,-0.9016904482118007,2.75520661619684,-0.874536702811302,0.1768225630174669,-0.3207481699655785,1.7297410984076023,1.1040740356380512,1.5809496740136388,1.7724613488773382,0.8628312883722739,0.8649095913736158,0.3254470578485852,0.26852928895713174,0.0,1.0,0.0,0.0,0.0,0.0,1.0,0.0,0.0,0.0,0.0,0.0,1.0,0.0,0.0,0.0,1.0,0.0,0.0,0.0,Placed
1.248451092782051,2.1679586966186406,-2.0891188855781393,-0.1797796163894137,0.035130796683576736,2.75520661619684,0.3019700722711672,1.1228297903622102,0.056496052064803286,1.145082110934861,0.10810565220438077,0.7162974554597483,1.2980664051571067,0.8310915600934778,1.22855604600257,-0.21185751334474465,0.4741937941578971,0.0,0.0,0.0,1.0,0.0,0.0,0.0,0.0,1.0,0.0,0.0,1.0,0.0,0.0,0.0,0.0,0.0,0.0,1.0,0.0,Placed
-1.1855721587832007,0.3727795061224092,1.4864332038768822,-0.1797796163894137,-0.9016904482118007,0.7848562351263942,-0.874536702811302,0.23936849540389704,1.0219855016679824,0.7478138245751779,-0.5533389993889734,-0.42627869048646366,0.31039168626416425,1.1167491146026383,-1.0052721752895801,-0.27902058474391056,0.20682993739690275,0.0,0.0,0.0,0.0,1.0,0.0,1.0,0.0,0.0,0.0,0.0,0.0,0.0,0.0,1.0,0.0,0.0,0.0,0.0,1.0,Placed
1.248451092782051,-2.1714672602643366,-0.0024032399289777785,-0.1797796163894137,1.9087732864743314,-1.1854941459440516,-0.874536702811302,-0.42518203620191386,-0.9089933975383763,0.2381111175476589,-0.34046026094513554,0.986501273757839,-2.224899324437404,-0.7638297859159968,0.2860438064540554,-2.965543440710557,-0.8969029071805386,1.0,0.0,0.0,0.0,0.0,0.0,0.0,1.0,0.0,1.0,0.0,0.0,0.0,0.0,0.0,0.0,0.0,1.0,0.0,0.0,Placed
-1.1855721587832007,-1.4611445589888494,1.8029574872056877,-0.1797796163894137,-1.8385116931071779,-0.20031895540882869,-0.874536702811302,-0.9880954276797774,0.13961766030878545,0.3880236784381054,-1.7393776850046425,-1.3218113454172786,-0.2728807855230063,-0.7955695141947928,-0.6787325017452122,-0.681999013138908,0.28224025597051633,0.0,0.0,0.0,0.0,0.0,1.0,1.0,0.0,0.0,0.0,0.0,0.0,0.0,1.0,0.0,0.0,1.0,0.0,0.0,0.0,Not Placed
0.031439466999425084,0.786058168682692,-0.04929572634806069,-0.1797796163894137,1.9087732864743314,1.7700314256616172,-0.874536702811302,-0.667547524199328,0.23552720828261123,1.7297410984076023,1.347364022431009,0.46925396444435086,1.7724613488773382,1.7753484763876453,0.7906960292044414,-0.38816057576755536,0.4741937941578971,0.0,0.0,0.0,0.0,0.0,1.0,0.0,1.0,0.0,0.0,1.0,0.0,0.0,0.0,0.0,0.0,0.0,0.0,1.0,0.0,Placed
1.248451092782051,-1.202845394888672,-2.6166593577928134,2.079231270179135,0.035130796683576736,-0.20031895540882869,-0.874536702811302,0.37227860172505833,-0.19286877266714408,-0.2041309370791577,-0.0667590258030574,-0.18695530856529802,0.014866967225331394,-0.5416516879644284,-0.470934527671524,1.4252423520099307,-0.14965520495109072,0.0,0.0,0.0,1.0,0.0,0.0,1.0,0.0,0.0,0.0,0.0,1.0,0.0,0.0,0.0,1.0,0.0,0.0,0.0,0.0,Placed
0.031439466999425084,-0.8153966487384061,1.0644008261051427,-0.1797796163894137,-0.9016904482118007,-1.1854941459440516,-0.874536702811302,-1.5666453022542486,-1.4077230470022701,-0.6988423880176319,-1.4200595773388853,-0.9975667634595702,-1.3849869650638786,0.5930435980025114,0.6348475486491744,2.1136638338513842,-0.7323713030199259,0.0,0.0,0.0,0.0,0.0,1.0,1.0,0.0,0.0,0.0,0.0,0.0,0.0,0.0,1.0,1.0,0.0,0.0,0.0,0.0,Placed
1.248451092782051,-1.5515492664239117,-0.7644061442390643,-1.309285059673688,0.9719520415789541,-0.20031895540882869,0.3019700722711672,-0.667547524199328,-0.1608989233425355,-0.1366702846784574,-1.1919752147204874,0.013767527884712884,-1.252778538125453,-1.8191757511859479,0.1673021069833757,0.3002609060738969,-0.38274164417862516,0.0,0.0,0.0,0.0,0.0,1.0,0.0,1.0,0.0,0.0,0.0,0.0,1.0,0.0,0.0,0.0,0.0,0.0,1.0,0.0,Not Placed
1.248451092782051,0.7731432104776834,-1.2685003732441997,-0.1797796163894137,0.035130796683576736,-1.1854941459440516,-0.874536702811302,-0.5111826932332547,-1.0304788249718888,-0.4065128942812607,0.3742040752591783,1.1795040011136182,0.1548523604542521,-0.716220193497804,1.3547191016901665,0.8039839415676432,-0.7940706545801559,1.0,0.0,0.0,0.0,0.0,0.0,0.0,1.0,0.0,1.0,0.0,0.0,0.0,0.0,0.0,1.0,0.0,0.0,0.0,0.0,Placed
1.248451092782051,0.14031025843224998,-0.7057905362152115,-1.309285059673688,-1.8385116931071779,-1.1854941459440516,1.4784768473536365,0.2237320123072895,0.056496052064803286,-1.2760057474458506,-2.294382967376077,-0.9126455634230273,-1.3772099987733828,0.6882627828388982,0.8278028102890286,0.258283986449418,-0.2593429410581662,0.0,0.0,1.0,0.0,0.0,0.0,0.0,1.0,0.0,0.0,1.0,0.0,0.0,0.0,0.0,0.0,0.0,0.0,1.0,0.0,Not Placed
1.248451092782051,-0.14381882207794583,-0.4947743473293417,-0.1797796163894137,0.035130796683576736,-1.1854941459440516,-0.874536702811302,1.2244669304901574,1.2265925373454776,-1.0211543939320917,-0.8802599191420102,-1.0207270907422634,-1.2216706729634708,-0.9304633593796735,1.7035228438852867,0.6108901112950407,1.1665976283338078,1.0,0.0,0.0,0.0,0.0,0.0,0.0,0.0,1.0,0.0,0.0,1.0,0.0,0.0,0.0,0.0,0.0,1.0,0.0,0.0,Placed
-1.1855721587832007,1.2768265804730299,-0.4947743473293417,-0.1797796163894137,0.035130796683576736,-0.20031895540882869,-0.874536702811302,0.7319177129470272,0.7150749481517401,1.437411604671231,0.8835924851069339,1.7507920740867247,-0.3195425832659806,0.3788004321206425,0.34541465618939476,0.7620070219431643,0.021731882716213728,0.0,1.0,0.0,0.0,0.0,0.0,1.0,0.0,0.0,0.0,0.0,0.0,1.0,0.0,0.0,0.0,1.0,0.0,0.0,0.0,Placed
0.031439466999425084,-0.40211798617812333,0.958892731662207,-0.1797796163894137,-1.8385116931071779,2.75520661619684,-0.874536702811302,0.3097326693386293,-0.05859540550378746,1.5798285375171557,-0.31004901259601536,0.33029200074819015,0.7692326974034045,0.2677113831448577,-1.235334218014021,-0.446928263241826,0.9677886066397341,0.0,1.0,0.0,0.0,0.0,0.0,1.0,0.0,0.0,0.0,0.0,0.0,0.0,0.0,1.0,0.0,1.0,0.0,0.0,0.0,Placed
1.248451092782051,-0.5958423592532556,0.6306453267286316,2.079231270179135,0.035130796683576736,1.7700314256616172,0.3019700722711672,0.3097326693386293,-0.8194778194294723,-0.12167902858941254,1.7275046267950056,0.12184905520394851,1.7724613488773382,0.4740196169570282,0.8797523038074508,-0.5308821024907837,-0.8009261380868476,1.0,0.0,0.0,0.0,0.0,0.0,0.0,1.0,0.0,1.0,0.0,0.0,0.0,0.0,0.0,0.0,0.0,1.0,0.0,0.0,Placed
1.248451092782051,0.4631842135574716,2.0022505544867877,-0.1797796163894137,-0.9016904482118007,-0.20031895540882869,-0.874536702811302,0.7006447467538122,0.5552257015286971,1.5573416533835889,0.556671565353896,-1.1056482907788063,0.4270461806215984,1.489690921878486,0.6125834799984223,-2.319098878493583,0.6181589477984334,0.0,1.0,0.0,0.0,0.0,0.0,0.0,1.0,0.0,0.0,0.0,0.0,0.0,1.0,0.0,0.0,1.0,0.0,0.0,0.0,Placed
1.248451092782051,0.2952897568923553,0.654091569938173,-0.1797796163894137,0.035130796683576736,-1.1854941459440516,0.3019700722711672,-0.21408951439771598,-0.33353610969542113,-3.104938990309298,-1.131152718022248,1.086862691982844,-0.5450746056903526,-0.09729549206129036,-0.07760264817489973,-0.010368299147245675,-0.17707713897785984,0.0,0.0,0.0,1.0,0.0,0.0,0.0,1.0,0.0,0.0,0.0,0.0,0.0,0.0,1.0,0.0,0.0,0.0,1.0,0.0,Placed
0.031439466999425084,0.514844046377507,0.9823389748717484,-0.1797796163894137,1.9087732864743314,-1.1854941459440516,-0.874536702811302,1.3730135199079274,1.0923191701821218,1.7297410984076023,0.19173658516445957,1.5037485830713273,-0.06290269567962468,0.48195454902672774,0.9613872221935423,-0.7155805488384909,0.5153266951980507,1.0,0.0,0.0,0.0,0.0,0.0,1.0,0.0,0.0,0.0,0.0,0.0,0.0,1.0,0.0,0.0,0.0,0.0,1.0,0.0,Placed
0.031439466999425084,0.3469495897123908,-0.08446509116237204,-0.1797796163894137,-0.9016904482118007,0.7848562351263942,-0.874536702811302,1.7717438388714135,1.6230186689706243,-0.1366702846784574,-1.1995780268077674,0.631376255423206,0.9092180906323263,-0.486107163476536,-0.03307451087339549,1.7190807893812827,1.653336957308952,0.0,1.0,0.0,0.0,0.0,0.0,0.0,1.0,0.0,0.0,0.0,0.0,0.0,1.0,0.0,1.0,0.0,0.0,0.0,0.0,Placed
0.031439466999425084,-0.6087573174582641,0.23205919216643345,-0.1797796163894137,0.035130796683576736,1.7700314256616172,0.3019700722711672,-0.667547524199328,-0.9153873674032981,0.7103356843525662,0.7847559279722939,0.30713167346549686,1.7024686522628774,1.3071874842754108,0.6200048362153404,-0.40495134361734714,-0.38959712768531696,0.0,0.0,1.0,0.0,0.0,0.0,1.0,0.0,0.0,0.0,0.0,0.0,0.0,1.0,0.0,0.0,0.0,0.0,1.0,0.0,Not Placed
1.248451092782051,0.4890141299674887,-2.4642587769307966,-0.1797796163894137,-0.9016904482118007,-1.1854941459440516,0.3019700722711672,0.4504610172080949,0.8813181646397052,1.2800034157362625,0.0929000280298207,0.39977298259627103,-0.3428734821374672,-0.9463332235190709,-1.361497273701617,-0.5812544060401591,0.4810492776645899,0.0,1.0,0.0,0.0,0.0,0.0,0.0,0.0,1.0,1.0,0.0,0.0,0.0,0.0,0.0,0.0,0.0,0.0,0.0,1.0,Placed
-1.1855721587832007,1.096017165602905,-0.5182205905388831,2.079231270179135,-1.8385116931071779,0.7848562351263942,1.4784768473536365,0.7397359544953305,0.17158750963339403,-0.31656535774699257,1.7275046267950056,1.1949442193020807,0.940325955794308,1.0691395221844442,1.57735978819769,-0.32939288829328595,0.4193499261043599,0.0,0.0,1.0,0.0,0.0,0.0,1.0,0.0,0.0,0.0,0.0,0.0,0.0,1.0,0.0,0.0,1.0,0.0,0.0,0.0,Placed
-1.1855721587832007,-0.0017542818228479195,-0.38926625288640765,-1.309285059673688,0.9719520415789541,0.7848562351263942,2.654983622436106,0.41136980946657664,-0.12892907401792691,-2.1679854847440074,0.3209843906482186,1.7585121831809554,-0.5139667405283708,0.0693380814023857,0.575476698913835,-0.19506674549495287,1.098042793266886,1.0,0.0,0.0,0.0,0.0,0.0,0.0,1.0,0.0,0.0,0.0,0.0,0.0,1.0,0.0,0.0,0.0,1.0,0.0,0.0,Not Placed
-1.1855721587832007,0.07573546740720476,-0.729236779424753,-1.309285059673688,-1.8385116931071779,-0.20031895540882869,-0.874536702811302,-0.3469996207188773,-0.07138334523363107,-0.3390522418805593,-1.3820455169024857,-1.7000966910346056,-0.7394987629527427,0.2835812472842557,0.7090611108183489,-1.0178143701347389,-0.17707713897785984,1.0,0.0,0.0,0.0,0.0,0.0,0.0,1.0,0.0,1.0,0.0,0.0,0.0,0.0,0.0,0.0,1.0,0.0,0.0,0.0,Placed
1.248451092782051,0.6052487538125695,1.1699089205480784,0.9497258268948607,0.9719520415789541,1.7700314256616172,0.3019700722711672,1.599742524808733,1.6230186689706243,0.8077788489313563,0.5186575049174963,1.7585121831809554,0.12374449529226925,0.11694767382057854,1.1320784151826433,0.8627516290419138,1.0431989252133478,0.0,0.0,0.0,0.0,0.0,1.0,0.0,1.0,0.0,1.0,0.0,0.0,0.0,0.0,0.0,0.0,0.0,1.0,0.0,0.0,Placed
1.248451092782051,-2.261871967699399,-0.7644061442390643,-1.309285059673688,0.9719520415789541,0.7848562351263942,-0.874536702811302,-0.36263610381548483,-0.0841712849634747,-0.024235864010622513,-1.1539611542840877,0.013767527884712884,-0.024017864227146645,-2.1048333056951076,-2.6379705430114178,-2.780844994362851,0.21368542090359452,0.0,1.0,0.0,0.0,0.0,0.0,0.0,1.0,0.0,0.0,0.0,0.0,0.0,1.0,0.0,0.0,0.0,1.0,0.0,0.0,Placed
0.031439466999425084,-1.3190800187337526,-0.1782500640005362,-0.1797796163894137,0.035130796683576736,0.7848562351263942,0.3019700722711672,-1.8168290317999654,-3.1021250612065256,0.29807614190383835,-0.9410824158402499,-1.7464173455999927,-0.38953527988044045,-0.8035044462644912,-0.6713111455282952,0.5689131916705618,-1.767549312530445,0.0,0.0,0.0,0.0,1.0,0.0,1.0,0.0,0.0,0.0,0.0,1.0,0.0,0.0,0.0,0.0,0.0,1.0,0.0,0.0,Not Placed
0.031439466999425084,-0.15673378028295443,0.7361534211715672,0.9497258268948607,-1.8385116931071779,1.7700314256616172,1.4784768473536365,0.5208251911428283,1.1051071099119654,0.3955193064826284,-0.7434093015709716,-0.13291454490567967,-1.812720111041137,0.2597764510751593,1.3324550330394145,1.2321485217373283,1.3516956830144957,0.0,1.0,0.0,0.0,0.0,0.0,1.0,0.0,0.0,0.0,0.0,1.0,0.0,0.0,0.0,0.0,0.0,0.0,0.0,1.0,Placed
-1.1855721587832007,0.011160676382160669,-0.6120055633770474,-0.1797796163894137,-0.9016904482118007,-1.1854941459440516,-0.874536702811302,-0.1828165482045009,-0.09695922469331832,-0.481469174726484,-0.1275815225012977,-2.7037108732846566,-2.6059706726716887,-0.7558948538462984,-0.5377267336237814,-0.7491620845380739,-0.06738940287078439,0.0,0.0,0.0,0.0,0.0,1.0,0.0,1.0,0.0,0.0,0.0,1.0,0.0,0.0,0.0,0.0,0.0,0.0,1.0,0.0,Placed
1.248451092782051,0.4115243807374361,0.8885540020335843,2.079231270179135,-1.8385116931071779,-0.20031895540882869,-0.874536702811302,1.1619209981037284,1.539897060726642,0.19313734928052537,-0.41648838181793485,1.7585121831809554,0.6525782030459704,-0.4067578427795472,1.1840279087010657,-0.3713698079177648,0.9472221561196578,1.0,0.0,0.0,0.0,0.0,0.0,0.0,1.0,0.0,0.0,0.0,1.0,0.0,0.0,0.0,1.0,0.0,0.0,0.0,0.0,Placed
1.248451092782051,-0.04049915643787483,-1.608470899782545,-0.1797796163894137,-1.8385116931071779,-0.20031895540882869,0.3019700722711672,-0.550273900974773,-0.0074436465844138966,-1.590822125315788,-0.591353059825373,-1.1905694908153492,-1.0972392123155408,0.9897902014874554,-0.2557151973809188,0.23309783467473097,-0.039967468844016266,1.0,0.0,0.0,0.0,0.0,0.0,0.0,1.0,0.0,0.0,1.0,0.0,0.0,0.0,0.0,1.0,0.0,0.0,0.0,0.0,Placed
1.248451092782051,0.6052487538125695,0.7009840563572559,-0.1797796163894137,-0.9016904482118007,-1.1854941459440516,-0.874536702811302,-0.5268191763298623,-0.7875079701048637,-0.6463729917059754,-1.176769590545928,0.6390963645174367,0.20151415819722532,1.346862144623905,-0.8865304758189009,2.1724315213256546,-0.8352035556203086,0.0,1.0,0.0,0.0,0.0,0.0,0.0,1.0,0.0,0.0,1.0,0.0,0.0,0.0,0.0,0.0,1.0,0.0,0.0,0.0,Placed
0.031439466999425084,1.7675949922633654,-0.33065064486255485,0.9497258268948607,0.035130796683576736,0.7848562351263942,1.4784768473536365,1.2244669304901574,0.6191654001779143,1.0101608061334593,0.7771531158850143,1.05598225560592,0.014866967225331394,-0.36708318243105276,1.2879268957379102,1.5763592626580543,1.557360188215261,0.0,0.0,1.0,0.0,0.0,0.0,0.0,1.0,0.0,0.0,1.0,0.0,0.0,0.0,0.0,0.0,1.0,0.0,0.0,0.0,Placed
0.031439466999425084,0.08865042561221449,-0.7878523874486058,-1.309285059673688,-1.8385116931071779,-0.20031895540882869,-0.874536702811302,-0.16718006510789338,-1.094418523621106,-0.9087199732642568,0.4806434444810967,-1.244610254474967,0.014866967225331394,-0.9225284273099744,-0.8939518320358185,0.3002609060738969,0.08343123427644275,0.0,0.0,0.0,0.0,0.0,1.0,0.0,1.0,0.0,0.0,0.0,0.0,0.0,1.0,0.0,0.0,0.0,0.0,1.0,0.0,Placed
-1.1855721587832007,-1.5257193500138935,-0.7878523874486058,-1.309285059673688,-1.8385116931071779,-0.20031895540882869,-0.874536702811302,-1.8324655148965727,-1.2478738003792271,-1.9206297592747708,-2.4768504574707952,-1.0902080725903438,-1.2294476392539664,0.8787011525116718,-0.5896762271422037,-0.6148359417397414,-1.4933299722627578,0.0,0.0,0.0,0.0,0.0,1.0,0.0,1.0,0.0,0.0,0.0,0.0,0.0,0.0,1.0,0.0,1.0,0.0,0.0,0.0,Not Placed
-1.1855721587832007,-0.37628806976810497,0.24378231377120335,-1.309285059673688,0.9719520415789541,-0.20031895540882869,0.3019700722711672,-0.08117940807655359,0.10764781098417685,0.29807614190383835,-0.7890261740946507,-0.13291454490567967,0.28706078739267765,-1.3351448949343165,0.9242804411089551,-0.010368299147245675,0.3370841240240535,1.0,0.0,0.0,0.0,0.0,0.0,1.0,0.0,0.0,0.0,1.0,0.0,0.0,0.0,0.0,0.0,1.0,0.0,0.0,0.0,Placed
-1.1855721587832007,0.14031025843224998,1.0644008261051427,-0.1797796163894137,0.035130796683576736,-1.1854941459440516,0.3019700722711672,1.7717438388714135,0.8045905262606445,-3.419755368179236,1.1344852839871713,-0.49575967233454454,-0.7394987629527427,-0.4067578427795472,-0.37445689685159744,0.661262414844416,1.379117617041265,0.0,0.0,0.0,1.0,0.0,0.0,0.0,1.0,0.0,0.0,0.0,0.0,1.0,0.0,0.0,0.0,0.0,1.0,0.0,0.0,Placed
-1.1855721587832007,0.6310786702225867,1.0644008261051427,0.9497258268948607,0.9719520415789541,-0.20031895540882869,0.3019700722711672,-0.19063478975280412,-0.3463240494252648,-0.6913467599731089,1.0052374785034124,0.824378982778985,0.823671461436874,1.3309922804845082,1.7035228438852867,0.1911209150502521,0.0011654321961373898,0.0,0.0,0.0,1.0,0.0,0.0,1.0,0.0,0.0,0.0,0.0,0.0,0.0,0.0,1.0,0.0,1.0,0.0,0.0,0.0,Placed
-1.1855721587832007,-0.41503294438313193,0.7244302995667957,-0.1797796163894137,-0.9016904482118007,0.7848562351263942,-0.874536702811302,1.4121047276494456,1.6230186689706243,1.2125427633355612,-0.8954655433165702,-1.0979281816845752,0.28706078739267765,0.1248826058902781,-1.8884135651027558,0.5689131916705618,1.159742144827115,0.0,0.0,0.0,0.0,0.0,1.0,0.0,1.0,0.0,1.0,0.0,0.0,0.0,0.0,0.0,0.0,0.0,0.0,0.0,1.0,Placed
0.031439466999425084,0.08865042561221449,2.119481770534493,-1.309285059673688,0.035130796683576736,1.7700314256616172,-0.874536702811302,1.3808317614562307,0.08846590138941188,-0.8937287171752119,0.3894096994337384,-1.2754906908518917,0.5514776412695277,0.005858624844794876,1.7035228438852867,-1.6726543162766088,0.021731882716213728,0.0,0.0,1.0,0.0,0.0,0.0,0.0,1.0,0.0,0.0,0.0,0.0,1.0,0.0,0.0,0.0,0.0,0.0,1.0,0.0,Placed
1.248451092782051,1.3414013714980728,2.1077586489297233,0.9497258268948607,0.9719520415789541,-0.20031895540882869,2.654983622436106,1.7717438388714135,1.6230186689706243,1.7297410984076023,1.3777752707801294,1.7585121831809554,0.9169950569228215,1.7753484763876453,1.7035228438852867,-0.9506512987355723,1.1391756943070386,1.0,0.0,0.0,0.0,0.0,0.0,0.0,1.0,0.0,0.0,0.0,0.0,0.0,1.0,0.0,0.0,0.0,0.0,0.0,1.0,Placed
0.031439466999425084,-0.5312675682282115,-1.0574841843583282,-0.1797796163894137,1.9087732864743314,-0.20031895540882869,0.3019700722711672,1.302649345973194,1.2074106277507126,-0.5414341990826623,1.7275046267950056,-0.4648792359576195,-0.7783835944052209,-1.0415524083554577,1.7035228438852867,-0.48050979894140955,0.878667321052736,0.0,1.0,0.0,0.0,0.0,0.0,0.0,1.0,0.0,0.0,0.0,0.0,0.0,0.0,1.0,0.0,0.0,0.0,0.0,1.0,Placed
-1.1855721587832007,-1.8356783469341065,-0.3658200096768662,-0.1797796163894137,0.035130796683576736,-1.1854941459440516,-0.874536702811302,0.16118607992086048,0.49128600287947993,0.8527526171984898,-0.5077221268652942,0.013767527884712884,-0.7628296618242294,-1.9223298680920335,-0.07760264817489973,0.1071670758012944,-0.2524874575514734,1.0,0.0,0.0,0.0,0.0,0.0,0.0,1.0,0.0,0.0,1.0,0.0,0.0,0.0,0.0,0.0,0.0,0.0,1.0,0.0,Placed
-1.1855721587832007,-0.582927401048247,-0.5416668337484246,-1.309285059673688,0.9719520415789541,-0.20031895540882869,-0.874536702811302,-0.9255494952933484,0.19716338909308126,0.537936239328552,-0.5685446235635334,-1.3449716726999725,-0.5917364034333269,-0.7955695141947928,0.56063398648,-0.010368299147245675,-0.046822952350708054,0.0,0.0,1.0,0.0,0.0,0.0,0.0,1.0,0.0,0.0,0.0,0.0,0.0,0.0,1.0,0.0,0.0,0.0,1.0,0.0,Placed
1.248451092782051,-1.1382706038636277,-0.5064974689341133,-0.1797796163894137,-0.9016904482118007,-1.1854941459440516,0.3019700722711672,0.11427663063103785,-0.10974716442316103,-0.8262680647745111,-1.2604005235060067,-0.6887623996903236,-1.120570111187028,0.1486874020993745,-0.21118706007941349,0.07358554010171203,0.6387253983185098,0.0,0.0,0.0,0.0,1.0,0.0,0.0,1.0,0.0,0.0,0.0,0.0,1.0,0.0,0.0,0.0,0.0,0.0,1.0,0.0,Not Placed
1.248451092782051,-0.5183526100232029,-1.0457610627535585,0.9497258268948607,0.9719520415789541,0.7848562351263942,1.4784768473536365,0.7475541960436348,0.9644397728836874,0.23061548950313698,1.6286680696603668,1.7585121831809554,-1.3849869650638786,-0.0655557637824955,-0.6564684330944601,0.459773200646917,0.7689795849456605,0.0,0.0,0.0,0.0,0.0,1.0,1.0,0.0,0.0,0.0,1.0,0.0,0.0,0.0,0.0,0.0,1.0,0.0,0.0,0.0,Placed
0.031439466999425084,-0.7508218577133621,-1.8898258182970393,0.9497258268948607,-0.9016904482118007,0.7848562351263942,-0.874536702811302,1.3808317614562307,1.6230186689706243,0.02073790425651208,0.541465941179337,1.7585121831809554,-1.5483032571642865,0.3629305679812445,-1.0720643812418371,1.2573346735120152,1.619059539775491,0.0,0.0,0.0,0.0,0.0,1.0,0.0,1.0,0.0,0.0,0.0,0.0,1.0,0.0,0.0,1.0,0.0,0.0,0.0,0.0,Placed
-1.1855721587832007,1.7030202012383224,0.6775378131477144,-0.1797796163894137,1.9087732864743314,0.7848562351263942,-0.874536702811302,-0.1749983066561977,-0.7491441509153333,-0.1366702846784574,1.7275046267950056,1.1717838920193875,0.450377079493085,1.1722936390905307,1.6293092817161121,1.1901716021128492,-0.1839326224845516,0.0,0.0,0.0,1.0,0.0,0.0,1.0,0.0,0.0,0.0,0.0,1.0,0.0,0.0,0.0,0.0,0.0,1.0,0.0,0.0,Placed
0.031439466999425084,-1.099525729248601,-0.2485887936291606,0.9497258268948607,0.035130796683576736,0.7848562351263942,-0.874536702811302,-0.13590709891467942,-0.24402053158651765,0.7703007087087447,1.347364022431009,0.5696153826693557,-1.2683324707064445,0.3391257717721481,1.7035228438852867,0.6780531826942066,-0.636394533926236,0.0,1.0,0.0,0.0,0.0,0.0,0.0,1.0,0.0,0.0,0.0,0.0,0.0,1.0,0.0,0.0,0.0,0.0,1.0,0.0,Placed
0.031439466999425084,-0.9187163143784771,-0.27203503683870206,-0.1797796163894137,0.9719520415789541,-0.20031895540882869,-0.874536702811302,0.9899196840410478,0.9132880139643139,-1.7407346862062345,-0.3024462005087359,0.9479007282866833,-0.24177292036102455,0.600978530072211,1.1394997713995614,1.8114300125551357,1.0774763427468086,0.0,0.0,0.0,0.0,1.0,0.0,1.0,0.0,0.0,0.0,0.0,0.0,1.0,0.0,0.0,0.0,1.0,0.0,0.0,0.0,Placed
1.248451092782051,-0.5700124428432384,1.6740031495532122,0.9497258268948607,0.035130796683576736,-0.20031895540882869,0.3019700722711672,-0.2688172052358407,-0.05859540550378746,0.2231198614586151,-0.9106711674911303,0.5078545099155067,-0.48285887536638794,1.291317620136014,-0.21860841629633157,0.9047285486663926,-0.1290887544310144,0.0,0.0,0.0,1.0,0.0,0.0,0.0,1.0,0.0,1.0,0.0,0.0,0.0,0.0,0.0,0.0,0.0,0.0,1.0,0.0,Placed
-1.1855721587832007,-0.6733321084833094,0.12655109772349774,0.9497258268948607,0.035130796683576736,-0.20031895540882869,1.4784768473536365,0.43482453411148847,-0.7427501810504115,1.7297410984076023,-0.5229277510398532,0.013767527884712884,-0.4439740439139099,1.410341601181497,-0.3818782530685145,-1.1353497450832795,0.7141357168921234,0.0,1.0,0.0,0.0,0.0,0.0,0.0,1.0,0.0,0.0,1.0,0.0,0.0,0.0,0.0,0.0,0.0,0.0,0.0,1.0,Placed
0.031439466999425084,2.051724072773561,-0.07274196955760215,-0.1797796163894137,-0.9016904482118007,-0.20031895540882869,-0.874536702811302,1.7717438388714135,1.3928357538334428,-0.8637462049971227,-0.11237589832673764,0.29941156437126504,1.5469293264529653,1.7753484763876453,1.57735978819769,0.49335473634650057,1.653336957308952,0.0,0.0,0.0,1.0,0.0,0.0,0.0,1.0,0.0,0.0,0.0,0.0,0.0,1.0,0.0,1.0,0.0,0.0,0.0,0.0,Placed
-1.1855721587832007,-0.26005344592302543,1.439540717457801,-1.309285059673688,-0.9016904482118007,-0.20031895540882869,0.3019700722711672,-1.4415534374813899,-2.628971291202318,0.6803531721744766,-2.393219524510717,-0.37995803592107713,-0.747275729243239,0.6406531904207053,0.44931364322623835,0.6108901112950407,-1.7401273785036764,0.0,0.0,0.0,0.0,1.0,0.0,0.0,1.0,0.0,0.0,1.0,0.0,0.0,0.0,0.0,0.0,1.0,0.0,0.0,0.0,Placed
0.031439466999425084,-1.3319949769387611,-0.27203503683870206,-0.1797796163894137,0.035130796683576736,-1.1854941459440516,-0.874536702811302,0.4660975003047025,1.4184116332931291,0.2605980016812267,-1.1387555301095282,-0.29503683588453367,-0.4673049427853965,-2.842781988177104,0.30830787510480756,-1.2109082004073413,0.6387253983185098,0.0,0.0,0.0,1.0,0.0,0.0,0.0,1.0,0.0,0.0,0.0,0.0,0.0,0.0,1.0,1.0,0.0,0.0,0.0,0.0,Placed
0.031439466999425084,-0.7508218577133621,-0.9519760899153943,-0.1797796163894137,-0.9016904482118007,-1.1854941459440516,-0.874536702811302,0.16118607992086048,0.7278628878815837,-0.33155661383603746,-1.1463583421968078,-1.2214499271922739,-0.38953527988044045,-0.5813263483129227,0.07824583238036616,1.836616164329824,-0.053678435857400814,0.0,0.0,1.0,0.0,0.0,0.0,0.0,1.0,0.0,0.0,0.0,0.0,0.0,1.0,0.0,0.0,0.0,1.0,0.0,0.0,Placed
0.031439466999425084,-0.7637368159183706,-0.6354518065865887,-1.309285059673688,-0.9016904482118007,-1.1854941459440516,1.4784768473536365,-1.8402837564448766,-0.11614113428808329,1.257516531602696,-1.640541127870003,-1.584295054621138,-1.050577414572567,-0.27186399759466595,-0.37445689685159744,1.4924054234090967,-0.3141868091117034,0.0,0.0,0.0,0.0,1.0,0.0,0.0,1.0,0.0,0.0,0.0,0.0,1.0,0.0,0.0,1.0,0.0,0.0,0.0,0.0,Not Placed
1.248451092782051,0.3598645479174006,0.5720297187047787,-1.309285059673688,1.9087732864743314,1.7700314256616172,0.3019700722711672,-1.113187292452636,-1.2286918907844622,0.9127176415546682,0.7467418675358942,1.511468692165558,1.7724613488773382,-0.0655557637824955,-0.5599908022745336,-0.19506674549495287,-1.2465325660218394,0.0,0.0,0.0,0.0,0.0,1.0,1.0,0.0,0.0,0.0,1.0,0.0,0.0,0.0,0.0,0.0,0.0,0.0,0.0,1.0,Placed
1.248451092782051,0.9668675835528168,1.099570190919454,2.079231270179135,-0.9016904482118007,-1.1854941459440516,-0.874536702811302,0.8335548530749746,-0.26959641104620397,0.9576914098218028,1.2561302773836498,0.6622566918001299,1.5158214612909835,0.8310915600934778,0.9465445097597073,-0.2622298168941188,0.14513058583667274,1.0,0.0,0.0,0.0,0.0,0.0,0.0,1.0,0.0,1.0,0.0,0.0,0.0,0.0,0.0,0.0,0.0,0.0,1.0,0.0,Placed
0.031439466999425084,-0.5054376518181932,-0.0024032399289777785,-1.309285059673688,0.035130796683576736,2.75520661619684,-0.874536702811302,-1.050641360066207,-1.593148173085,0.3505455382154938,0.3209843906482186,0.43065341897319503,1.5469293264529653,0.4343449566085338,-0.16665892277790925,0.526936272046083,-1.0203016103009976,1.0,0.0,0.0,0.0,0.0,0.0,1.0,0.0,0.0,0.0,0.0,0.0,0.0,1.0,0.0,0.0,0.0,0.0,0.0,1.0,Not Placed
0.031439466999425084,0.9797825417578254,0.5837528403095503,-0.1797796163894137,-0.9016904482118007,-0.20031895540882869,-0.874536702811302,1.7717438388714135,0.8813181646397052,-1.2160407230896717,-1.8154058058774418,-1.900819527484616,0.7536787648224141,-0.3274085220825584,-0.9533226817711579,1.7358715572310743,1.653336957308952,0.0,0.0,1.0,0.0,0.0,0.0,0.0,1.0,0.0,0.0,0.0,0.0,1.0,0.0,0.0,0.0,0.0,0.0,0.0,1.0,Placed
-1.1855721587832007,0.3211196733023737,2.119481770534493,-0.1797796163894137,-1.8385116931071779,-1.1854941459440516,0.3019700722711672,-0.9646407030348667,0.855742285180018,1.2725077876917408,-0.26443214007233623,0.9170202919097581,1.7724613488773382,-1.0336174762857586,0.2860438064540554,0.4010055131726464,0.3576505745441299,0.0,0.0,1.0,0.0,0.0,0.0,0.0,1.0,0.0,0.0,0.0,0.0,0.0,1.0,0.0,0.0,1.0,0.0,0.0,0.0,Placed
1.248451092782051,1.134762040217933,-0.38926625288640765,-0.1797796163894137,0.035130796683576736,-1.1854941459440516,0.3019700722711672,-0.37045434536378913,-1.2606617401090707,0.8602482452430128,-0.834643046618331,-0.1483547630941422,0.014866967225331394,-1.2081859818191343,-1.1982274369294337,0.9467054682908715,-0.636394533926236,0.0,1.0,0.0,0.0,0.0,0.0,1.0,0.0,0.0,0.0,0.0,0.0,0.0,0.0,1.0,0.0,0.0,0.0,0.0,1.0,Placed
0.031439466999425084,-0.14381882207794583,1.603664419924588,0.9497258268948607,0.035130796683576736,-0.20031895540882869,-0.874536702811302,-0.1749983066561977,0.01813223287527334,-0.18164405294559094,-1.1995780268077674,0.2839713461828036,1.2902894388666104,-0.8431791066129857,0.4789990680939085,-0.8750928434115104,0.03544284972959828,0.0,0.0,1.0,0.0,0.0,0.0,1.0,0.0,0.0,0.0,1.0,0.0,0.0,0.0,0.0,1.0,0.0,0.0,0.0,0.0,Placed
1.248451092782051,-0.8799714397634503,-2.0773957639733673,-0.1797796163894137,-0.9016904482118007,-0.20031895540882869,0.3019700722711672,0.0048212489547873145,-0.9153873674032981,-0.8937287171752119,0.3285872027354981,0.013767527884712884,-1.8360510099126235,-0.26392906552496753,-1.0572216688080025,0.17433014720046033,-0.36217519365854883,0.0,1.0,0.0,0.0,0.0,0.0,1.0,0.0,0.0,0.0,0.0,1.0,0.0,0.0,0.0,0.0,1.0,0.0,0.0,0.0,Placed
1.248451092782051,0.9022927925277716,0.8299383940097315,-1.309285059673688,0.035130796683576736,-0.20031895540882869,-0.874536702811302,0.8179183699783671,0.6063774604480707,1.332472812047919,0.7543446796231749,-0.8663249088576401,-0.3662043810089538,-0.8431791066129857,-1.1611206558448466,0.9886823879153503,1.619059539775491,0.0,0.0,0.0,1.0,0.0,0.0,0.0,1.0,0.0,1.0,0.0,0.0,0.0,0.0,0.0,0.0,0.0,0.0,1.0,0.0,Placed
1.248451092782051,-0.35045815335808783,-0.9050836034963113,0.9497258268948607,-0.9016904482118007,-0.20031895540882869,0.3019700722711672,-1.6839189254788034,-1.0176908852420452,1.1525777389793828,-2.3780139003361564,1.248984982961699,0.9792107872467861,-0.470237299337138,0.3231505875386426,-0.5392774864156802,-1.5824512578497565,0.0,0.0,0.0,1.0,0.0,0.0,0.0,1.0,0.0,0.0,1.0,0.0,0.0,0.0,0.0,0.0,0.0,1.0,0.0,0.0,Not Placed
-1.1855721587832007,0.5923337956075586,-1.3974547108966753,-1.309285059673688,1.9087732864743314,-0.20031895540882869,-0.874536702811302,-0.47209148549173646,-1.094418523621106,1.5723329094726337,-0.834643046618331,-2.047501600275008,-0.45952797649490135,-0.24805920138556956,-0.3299287595500932,-0.4721144150165131,-1.1094228958879957,1.0,0.0,0.0,0.0,0.0,0.0,1.0,0.0,0.0,0.0,0.0,0.0,0.0,0.0,1.0,1.0,0.0,0.0,0.0,0.0,Placed
1.248451092782051,-0.0017542818228479195,-0.6588980497961302,-1.309285059673688,0.035130796683576736,-1.1854941459440516,0.3019700722711672,0.28627794469371853,0.7534387673412709,0.125676696879824,-1.6709523762191232,1.441987710317478,-0.8405993247291854,-1.2161209138888334,1.6812587752345345,-0.30420673651859764,0.4399163766244362,1.0,0.0,0.0,0.0,0.0,0.0,0.0,1.0,0.0,0.0,0.0,1.0,0.0,0.0,0.0,0.0,0.0,0.0,0.0,1.0,Placed
1.248451092782051,0.5923337956075586,-1.3271159812680526,-0.1797796163894137,0.035130796683576736,-0.20031895540882869,1.4784768473536365,-1.6682824423821958,-1.1136004332158709,0.3205630260374051,0.3437928269100582,0.12184905520394851,0.28706078739267765,0.03759835312358972,-1.1908060807125163,-0.8079297720123445,-0.773504204060079,1.0,0.0,0.0,0.0,0.0,0.0,1.0,0.0,0.0,0.0,0.0,0.0,0.0,0.0,1.0,0.0,0.0,1.0,0.0,0.0,Not Placed
-1.1855721587832007,-0.6604171502782996,0.9354464884526672,0.9497258268948607,1.9087732864743314,-1.1854941459440516,-0.874536702811302,0.43482453411148847,1.6230186689706243,0.6878488002189984,1.3929808949546882,-0.8894852361403335,-0.3273195495564758,1.0373997939056494,-0.1963443476455784,0.9802870039904551,0.940366672612965,1.0,0.0,0.0,0.0,0.0,0.0,1.0,0.0,0.0,0.0,0.0,0.0,1.0,0.0,0.0,0.0,1.0,0.0,0.0,0.0,Placed
1.248451092782051,0.2694598404823382,-1.1395460355917226,-0.1797796163894137,0.035130796683576736,-0.20031895540882869,1.4784768473536365,-0.07336116652824927,0.3378307261213592,0.830265733064923,0.8531812367578137,-2.750031527850044,0.5514776412695277,-0.05762083171279595,-1.2056487931463513,1.8953838518040933,0.6798582993586625,0.0,1.0,0.0,0.0,0.0,0.0,1.0,0.0,0.0,0.0,0.0,0.0,0.0,0.0,1.0,0.0,0.0,0.0,1.0,0.0,Placed
1.248451092782051,0.15322521663725858,0.654091569938173,-0.1797796163894137,0.035130796683576736,1.7700314256616172,-0.874536702811302,0.8648278192681896,-0.06498937536870972,0.8227701050204012,-0.4240911939052143,0.013767527884712884,1.2514046074141323,-0.9860078838675653,-0.634204364443708,0.5017501202713959,0.1931189703835182,0.0,0.0,0.0,1.0,0.0,0.0,1.0,0.0,0.0,0.0,0.0,0.0,1.0,0.0,0.0,0.0,0.0,1.0,0.0,0.0,Placed
1.248451092782051,1.5867855773932429,-0.9636992115201641,-1.309285059673688,1.9087732864743314,-0.20031895540882869,-0.874536702811302,1.7717438388714135,1.2841382661297733,1.5873241655616774,0.3894096994337384,1.218104546584774,-0.4673049427853965,-0.19251467689767715,0.31572923132172453,0.44298243279712524,0.7964015189724297,1.0,0.0,0.0,0.0,0.0,0.0,1.0,0.0,0.0,0.0,0.0,0.0,1.0,0.0,0.0,1.0,0.0,0.0,0.0,0.0,Placed
-1.1855721587832007,-0.479607735408176,-1.1395460355917226,-0.1797796163894137,-1.8385116931071779,-0.20031895540882869,1.4784768473536365,0.6380988143673831,-0.6340526933467421,-0.3615391260141272,-1.2147836509823275,-0.3259172722614587,-1.7349504481361808,-0.6130660765917176,-0.6564684330944601,-0.06913598662151631,-0.3141868091117034,0.0,0.0,0.0,0.0,0.0,1.0,0.0,1.0,0.0,0.0,0.0,0.0,1.0,0.0,0.0,0.0,1.0,0.0,0.0,0.0,Placed
-1.1855721587832007,-0.6733321084833094,-1.1278229139869527,0.9497258268948607,-0.9016904482118007,-0.20031895540882869,-0.874536702811302,1.0993750657172994,1.4311995730229727,-0.47397354668196207,0.13091408846622035,-1.1519689453441935,-1.0428004482820719,0.1645572662387725,0.9984940032781295,-1.1857220486326543,1.653336957308952,0.0,0.0,0.0,0.0,1.0,0.0,1.0,0.0,0.0,0.0,0.0,1.0,0.0,0.0,0.0,0.0,0.0,0.0,1.0,0.0,Placed
-1.1855721587832007,-0.169648738487963,0.12655109772349774,-0.1797796163894137,-0.9016904482118007,-1.1854941459440516,-0.874536702811302,-0.37827258691209237,-0.3015662603708126,-1.4259183083362972,0.49584906865565676,-2.364026073138486,-0.06290269567962468,-1.4859086042585952,-1.0498003125910849,0.7116347183937901,-0.8352035556203086,1.0,0.0,0.0,0.0,0.0,0.0,1.0,0.0,0.0,0.0,0.0,0.0,1.0,0.0,0.0,0.0,0.0,1.0,0.0,0.0,Not Placed
1.248451092782051,0.06282050920219617,1.8029574872056877,-1.309285059673688,0.035130796683576736,-1.1854941459440516,1.4784768473536365,-0.46427324394343217,-0.09695922469331832,0.328058654081927,0.8075643642341346,-1.2137298180980425,0.5203697761075459,0.9025059487207683,-1.7993572904997468,-0.1698805937202658,0.570170563251588,0.0,0.0,0.0,0.0,1.0,0.0,0.0,1.0,0.0,0.0,0.0,0.0,1.0,0.0,0.0,1.0,0.0,0.0,0.0,0.0,Placed
-1.1855721587832007,-1.4611445589888494,-0.5533899553531946,-0.1797796163894137,0.035130796683576736,-1.1854941459440516,1.4784768473536365,-0.6206380749095053,-1.5292084744357826,1.2125427633355612,-0.8042317982692109,0.06780829154433016,0.038197866096817995,-1.8033058870465504,-2.237217307297876,-1.5131420217035891,-0.5952616328860824,0.0,0.0,1.0,0.0,0.0,0.0,0.0,1.0,0.0,0.0,0.0,0.0,0.0,1.0,0.0,0.0,0.0,0.0,1.0,0.0,Placed
-1.1855721587832007,0.9022927925277716,0.4782447458666146,2.079231270179135,-0.9016904482118007,-0.20031895540882869,-0.874536702811302,-0.2844536883324482,0.3889824850407328,1.7297410984076023,1.7275046267950056,0.7703382191193667,0.8781102254703435,-0.22425440517647313,-0.003389086005725292,0.6192854952199371,0.8443899035192751,0.0,0.0,1.0,0.0,0.0,0.0,0.0,1.0,0.0,0.0,0.0,0.0,0.0,1.0,0.0,0.0,0.0,1.0,0.0,0.0,Placed
-1.1855721587832007,0.06282050920219617,0.19688982735212043,-0.1797796163894137,-0.9016904482118007,1.7700314256616172,-0.874536702811302,-0.37827258691209237,-1.1327823428106365,-0.7363205282402435,0.3742040752591783,-0.032553126680674754,-0.7706066281147257,-0.1607749486188823,-0.6045189395760378,-2.033655825047127,-0.7940706545801559,0.0,0.0,1.0,0.0,0.0,0.0,0.0,1.0,0.0,0.0,0.0,0.0,1.0,0.0,0.0,0.0,0.0,0.0,0.0,1.0,Not Placed
1.248451092782051,0.6956534612476296,0.8651077588240428,-1.309285059673688,0.035130796683576736,-0.20031895540882869,-0.874536702811302,1.091556824168995,0.40177042477057645,0.9352045256882361,-0.2112124554613765,-0.6656020724076304,-1.0583543808630629,-0.6289359407311156,1.243398758436405,0.07358554010171203,1.0569098922267324,0.0,0.0,1.0,0.0,0.0,0.0,1.0,0.0,0.0,0.0,0.0,0.0,1.0,0.0,0.0,1.0,0.0,0.0,0.0,0.0,Placed
-1.1855721587832007,2.2196185294386774,0.27895167858551473,0.9497258268948607,0.9719520415789541,-1.1854941459440516,-0.874536702811302,-0.1749983066561977,-0.4869913864535428,1.2800034157362625,1.7275046267950056,1.7585121831809554,1.6013680904864347,0.5771737338631145,1.6664160628006994,0.7871931737178526,-0.5678396988593142,0.0,1.0,0.0,0.0,0.0,0.0,1.0,0.0,0.0,0.0,0.0,0.0,1.0,0.0,0.0,0.0,1.0,0.0,0.0,0.0,Placed
-1.1855721587832007,1.0831022073978964,-0.01412636153374934,-1.309285059673688,0.035130796683576736,-1.1854941459440516,-0.874536702811302,1.5059236262290887,1.6230186689706243,-0.6388773636614524,-0.7129980532218515,-1.3835722181711283,1.2980664051571067,1.0373997939056494,-0.16665892277790925,-0.23704366511943173,1.653336957308952,1.0,0.0,0.0,0.0,0.0,0.0,0.0,1.0,0.0,0.0,0.0,0.0,1.0,0.0,0.0,0.0,0.0,1.0,0.0,0.0,Placed
-1.1855721587832007,-0.33754319515307807,-0.061018847952830586,-0.1797796163894137,0.035130796683576736,-0.20031895540882869,1.4784768473536365,1.5684695586155188,0.6511352495025229,0.41800619061619515,-0.8118346103564914,-0.23327596313068458,-1.08168527973455,1.2516429597875194,0.18214481941721078,1.6771038697568037,1.3448401995078039,0.0,1.0,0.0,0.0,0.0,0.0,1.0,0.0,0.0,0.0,0.0,0.0,0.0,0.0,1.0,0.0,0.0,1.0,0.0,0.0,Placed
1.248451092782051,0.618163712017578,0.009319881675792117,-1.309285059673688,-0.9016904482118007,-0.20031895540882869,0.3019700722711672,-0.3235448960739665,-0.6276587234818207,0.06571167252364561,-1.2527977114187272,0.48469418263281344,0.6992400007889447,-0.7082852614281044,-1.2650196428816907,-0.7239759327633868,-0.2182100400180125,0.0,0.0,0.0,1.0,0.0,0.0,1.0,0.0,0.0,0.0,1.0,0.0,0.0,0.0,0.0,0.0,0.0,1.0,0.0,0.0,Placed
1.248451092782051,-0.49252269361318457,0.4196291378427618,-0.1797796163894137,0.035130796683576736,-1.1854941459440516,0.3019700722711672,0.38791508482166587,1.034773441397826,0.36553679430453867,1.7275046267950056,0.9479007282866833,-0.5684055045618391,0.1248826058902781,-0.11470942925948695,-0.1866713615700576,-0.3758861606719324,0.0,0.0,0.0,0.0,0.0,1.0,0.0,1.0,0.0,0.0,0.0,1.0,0.0,0.0,0.0,0.0,0.0,1.0,0.0,0.0,Placed
0.031439466999425084,1.1864218730379674,1.2285245285719313,-0.1797796163894137,0.035130796683576736,0.7848562351263942,-0.874536702811302,1.3964682445528382,1.6230186689706243,0.9876739219998915,-1.1539611542840877,-1.1905694908153492,-1.0194695494105848,0.9263107449298646,0.9539658659766254,0.2079116829000439,0.7209912003988161,1.0,0.0,0.0,0.0,0.0,0.0,0.0,1.0,0.0,0.0,1.0,0.0,0.0,0.0,0.0,0.0,1.0,0.0,0.0,0.0,Placed
0.031439466999425084,0.6569085866326039,1.9670811896724762,-1.309285059673688,-1.8385116931071779,1.7700314256616172,0.3019700722711672,-0.6050015918128989,-0.0010496767194925415,-1.0286500219766135,1.6818877542713264,0.8706996373443716,0.8858871917608385,-1.0256825442160598,1.2137133335687358,0.7032393344688949,0.13827510232998097,0.0,0.0,1.0,0.0,0.0,0.0,1.0,0.0,0.0,0.0,1.0,0.0,0.0,0.0,0.0,0.0,0.0,1.0,0.0,0.0,Placed
1.248451092782051,1.0701872491928879,-2.640105601002355,-0.1797796163894137,1.9087732864743314,-0.20031895540882869,1.4784768473536365,-1.277370364967013,-0.8578416386190022,-1.4259183083362972,1.7275046267950056,-0.49575967233454454,1.274735506285619,1.3071874842754108,0.31572923132172453,-0.8415113077119275,-0.5609842153526214,0.0,0.0,0.0,0.0,0.0,1.0,1.0,0.0,0.0,0.0,0.0,1.0,0.0,0.0,0.0,1.0,0.0,0.0,0.0,0.0,Placed
0.031439466999425084,1.1735069148329589,-1.162992278801264,0.9497258268948607,-0.9016904482118007,0.7848562351263942,-0.874536702811302,1.7717438388714135,1.3992297236983642,-0.7513117843292872,1.0128402905906917,0.4229333098789643,0.21706809077821676,0.15662233416907295,-0.6564684330944601,0.6024947273701453,1.653336957308952,0.0,0.0,0.0,0.0,1.0,0.0,1.0,0.0,0.0,1.0,0.0,0.0,0.0,0.0,0.0,1.0,0.0,0.0,0.0,0.0,Placed
-1.1855721587832007,0.11448034202223166,-1.5615784133634638,-0.1797796163894137,-0.9016904482118007,-0.20031895540882869,-0.874536702811302,-0.0029969925935170094,0.30586087679675067,-0.4140085223257826,0.6707137466630949,-0.26415639950760966,-1.0350234819915762,-0.8907886990311785,1.7035228438852867,0.49335473634650057,0.4330608931177444,0.0,0.0,1.0,0.0,0.0,0.0,0.0,1.0,0.0,0.0,0.0,1.0,0.0,0.0,0.0,0.0,0.0,0.0,1.0,0.0,Placed
-1.1855721587832007,-0.35045815335808783,-0.7878523874486058,-0.1797796163894137,0.035130796683576736,0.7848562351263942,-0.874536702811302,0.2628232200488078,0.40177042477057645,-0.3090697297024707,0.009269095069741896,0.33801210984242086,-0.26510381923251114,-0.22425440517647313,-0.26313655359783583,-0.5056959507160966,-0.2730539080715497,0.0,0.0,0.0,1.0,0.0,0.0,0.0,1.0,0.0,0.0,0.0,1.0,0.0,0.0,0.0,0.0,0.0,1.0,0.0,0.0,Placed
0.031439466999425084,-0.6345872338682825,0.16172046253780908,-1.309285059673688,0.035130796683576736,-0.20031895540882869,0.3019700722711672,-1.9497391381211278,-1.1327823428106365,-2.2579330212782756,-0.8270402345310504,-0.38767814501530784,-0.42842011133291846,-1.2478606421676286,-0.2557151973809188,0.3254470578485852,-1.9457918837044417,0.0,0.0,0.0,0.0,1.0,0.0,0.0,1.0,0.0,0.0,0.0,1.0,0.0,0.0,0.0,0.0,1.0,0.0,0.0,0.0,Not Placed
-1.1855721587832007,-0.35045815335808783,-0.44788186091026044,-0.1797796163894137,-0.9016904482118007,-0.20031895540882869,0.3019700722711672,-0.5737286256196839,-0.11614113428808329,-1.395935796158208,0.19933939725174016,0.7548980009309041,0.7381248322414227,-1.5969976532343795,0.10793125724803636,0.0987716918763991,-0.5335622813258533,0.0,0.0,1.0,0.0,0.0,0.0,1.0,0.0,0.0,0.0,0.0,0.0,1.0,0.0,0.0,0.0,0.0,0.0,1.0,0.0,Placed
-1.1855721587832007,0.4502692553524618,-2.007057034344745,-0.1797796163894137,0.035130796683576736,-0.20031895540882869,0.3019700722711672,0.028275973599698065,-0.4294456576692469,-0.039227120099666314,-1.6633495641318432,1.2412648738674672,-0.23399595407052828,-0.6210010086614172,0.6422689048660924,0.9299147004410797,0.17940800337013363,1.0,0.0,0.0,0.0,0.0,0.0,1.0,0.0,0.0,0.0,0.0,0.0,0.0,1.0,0.0,0.0,0.0,1.0,0.0,0.0,Placed
0.031439466999425084,0.9410376671427997,0.4547985026570731,-0.1797796163894137,0.9719520415789541,-0.20031895540882869,-0.874536702811302,0.41136980946657664,0.06289002192972463,1.1150995987567713,-0.21881526754865602,0.7317376736482109,1.6324759556484176,0.9739203373480586,0.6200048362153404,1.1481946824883704,0.29595122298390086,0.0,0.0,1.0,0.0,0.0,0.0,1.0,0.0,0.0,0.0,0.0,0.0,1.0,0.0,0.0,0.0,1.0,0.0,0.0,0.0,Placed
1.248451092782051,0.03699059279217899,1.0175083396860598,-0.1797796163894137,0.9719520415789541,-1.1854941459440516,-0.874536702811302,1.154102756555424,-0.5573250549676818,-1.193553838956105,0.15372252472805992,-0.4108384722980011,1.0258725849897603,0.11694767382057854,-0.9681653942049929,0.23309783467473097,-0.0331119853373235,0.0,0.0,0.0,0.0,0.0,1.0,1.0,0.0,0.0,0.0,0.0,0.0,0.0,1.0,0.0,0.0,0.0,1.0,0.0,0.0,Placed
0.031439466999425084,0.2952897568923553,0.4313522594475317,-0.1797796163894137,0.9719520415789541,0.7848562351263942,0.3019700722711672,-0.5033644516849505,-1.0816305838912623,1.2500209035581729,-2.020681732234,1.7585121831809554,0.27150685481168624,0.8072867638843815,-0.02565315465647741,0.5940993434452488,-1.006590643287613,0.0,0.0,0.0,1.0,0.0,0.0,1.0,0.0,0.0,0.0,1.0,0.0,0.0,0.0,0.0,0.0,0.0,0.0,0.0,1.0,Placed
-1.1855721587832007,-0.9832911054035213,0.23205919216643345,-0.1797796163894137,0.035130796683576736,-1.1854941459440516,-0.874536702811302,-1.7386466163169287,-1.8616949074117122,1.3624553242260078,0.19173658516445957,1.7585121831809554,-1.696065616683703,-1.692216838070766,-1.1759633682786812,-1.5719097091778598,-1.4521970712226047,0.0,0.0,0.0,0.0,1.0,0.0,0.0,1.0,0.0,0.0,0.0,1.0,0.0,0.0,0.0,0.0,0.0,1.0,0.0,0.0,Placed
0.031439466999425084,1.2380817058580018,-1.1043766707774112,2.079231270179135,-0.9016904482118007,-1.1854941459440516,-0.874536702811302,1.1306480319105134,0.4465282138250277,0.6953444282635214,0.1461197126407804,-0.16379498128260475,1.2358506748331408,-0.9383982914493725,1.0430221405796338,0.6780531826942066,0.631869914811817,0.0,0.0,0.0,1.0,0.0,0.0,0.0,1.0,0.0,1.0,0.0,0.0,0.0,0.0,0.0,0.0,0.0,0.0,1.0,0.0,Not Placed
-1.1855721587832007,2.2196185294386774,-1.3857315892919053,-1.309285059673688,-1.8385116931071779,-1.1854941459440516,0.3019700722711672,-0.9177312537450446,-0.9601451564577498,0.125676696879824,-0.013539341192098759,-1.422172763642284,0.10041359642078264,-0.5416516879644284,-1.9032562775365909,1.5343823430335755,-1.7949712465572136,0.0,1.0,0.0,0.0,0.0,0.0,0.0,1.0,0.0,0.0,1.0,0.0,0.0,0.0,0.0,0.0,0.0,0.0,1.0,0.0,Placed
0.031439466999425084,1.4963808699581804,-0.7995755090533773,0.9497258268948607,0.035130796683576736,0.7848562351263942,-0.874536702811302,1.7717438388714135,0.9196819838292353,1.1975515072465175,-0.16559558293769736,0.19133003705202942,0.3337225851356509,1.1802285711602292,1.7035228438852867,1.794639244705345,1.0637653757334251,0.0,0.0,0.0,1.0,0.0,0.0,1.0,0.0,0.0,0.0,1.0,0.0,0.0,0.0,0.0,0.0,1.0,0.0,0.0,0.0,Placed
-1.1855721587832007,0.3598645479174006,-0.33065064486255485,-0.1797796163894137,0.9719520415789541,0.7848562351263942,0.3019700722711672,0.9430102347512263,-0.28877832064096987,1.1600733670239058,1.7275046267950056,0.22221047342895342,0.4270461806215984,1.2199032315087235,0.12277396968187146,0.9802870039904551,-0.2799093915782425,0.0,0.0,1.0,0.0,0.0,0.0,1.0,0.0,0.0,0.0,0.0,0.0,0.0,1.0,0.0,1.0,0.0,0.0,0.0,0.0,Placed
-1.1855721587832007,0.992697499962834,0.31412104339982605,-1.309285059673688,0.035130796683576736,1.7700314256616172,1.4784768473536365,0.9742832009444402,1.6230186689706243,-0.6238861075724086,0.6707137466630949,0.46153385535012015,-0.08623359455111239,0.783481967675285,-0.8420023385173961,-2.0252604411222315,0.912944738586197,0.0,1.0,0.0,0.0,0.0,0.0,1.0,0.0,0.0,0.0,0.0,0.0,0.0,0.0,1.0,0.0,0.0,1.0,0.0,0.0,Placed
-1.1855721587832007,0.7731432104776834,1.0878470693146842,0.9497258268948607,-1.8385116931071779,-0.20031895540882869,-0.874536702811302,1.576287800163822,0.18437544936323766,-0.42899977841482745,0.43502657195741756,-1.5611347273384448,-0.8017144932767074,1.6801292915512585,-0.5822548709252856,0.12395784365108618,1.1048982767735778,0.0,0.0,1.0,0.0,0.0,0.0,0.0,1.0,0.0,0.0,0.0,1.0,0.0,0.0,0.0,0.0,1.0,0.0,0.0,0.0,Placed
-1.1855721587832007,-0.996206063608531,-0.729236779424753,2.079231270179135,0.9719520415789541,0.7848562351263942,1.4784768473536365,-0.5580921425230763,-0.36550595902002975,-0.3615391260141272,1.1040740356380512,0.06008818245009943,-0.4906358416568831,1.2357730956481214,0.6422689048660924,-0.5560682542654708,-0.06738940287078439,0.0,0.0,0.0,0.0,0.0,1.0,0.0,1.0,0.0,0.0,1.0,0.0,0.0,0.0,0.0,0.0,0.0,1.0,0.0,0.0,Placed
1.248451092782051,-1.6548689320639827,0.8182152724049615,0.9497258268948607,0.9719520415789541,-0.20031895540882869,0.3019700722711672,-0.3313631376222709,-0.7683260605100982,-0.06171400423323414,0.009269095069741896,-1.8622189820134603,-0.6461751674667953,-1.263730506307026,-0.7455247076974696,-1.0430005219094258,-0.6432500174329278,0.0,0.0,0.0,1.0,0.0,0.0,1.0,0.0,0.0,0.0,0.0,0.0,1.0,0.0,0.0,0.0,0.0,0.0,0.0,1.0,Placed
1.248451092782051,1.4188911207281265,0.021043003280562012,-1.309285059673688,-0.9016904482118007,0.7848562351263942,-0.874536702811302,-1.7073736501237142,-2.6097893816075532,0.4404930747497619,0.7543446796231749,-1.7309771274115306,0.6992400007889447,0.8866360845813702,-1.9626271272719302,-0.5644636381903673,-1.5070409392761424,0.0,0.0,0.0,0.0,0.0,1.0,1.0,0.0,0.0,0.0,0.0,0.0,0.0,1.0,0.0,0.0,0.0,1.0,0.0,0.0,Placed
-1.1855721587832007,-0.06632907284789201,1.1581857989433069,2.079231270179135,-1.8385116931071779,-1.1854941459440516,-0.874536702811302,1.7404708726781986,1.2585623866700861,-0.7513117843292872,0.12331127637894085,0.4460936371616576,-0.04734876309863435,0.5295641414449206,0.9242804411089551,0.33384244177348044,0.7895460354657379,0.0,1.0,0.0,0.0,0.0,0.0,0.0,1.0,0.0,0.0,1.0,0.0,0.0,0.0,0.0,0.0,0.0,0.0,0.0,1.0,Placed
1.248451092782051,0.6569085866326039,-0.0375726047432908,-0.1797796163894137,-0.9016904482118007,-1.1854941459440516,-0.874536702811302,-0.6831840072959354,0.312254846661672,-0.32406098579151554,1.0052374785034124,0.9247404010039899,-2.131575728951457,-0.9939428159372643,-0.6045189395760378,1.5343823430335755,-0.19078810599124438,0.0,0.0,1.0,0.0,0.0,0.0,1.0,0.0,0.0,0.0,0.0,0.0,0.0,0.0,1.0,0.0,1.0,0.0,0.0,0.0,Placed
-1.1855721587832007,1.134762040217933,0.4547985026570731,-1.309285059673688,0.035130796683576736,0.7848562351263942,0.3019700722711672,-0.9724589445831705,-1.5611783237603913,0.10318981274625724,-0.08956746206489806,-0.032553126680674754,-0.5528515719808489,1.4579511935996898,0.3528360124063118,1.794639244705345,-0.8009261380868476,0.0,0.0,0.0,0.0,1.0,0.0,0.0,1.0,0.0,0.0,0.0,0.0,0.0,1.0,0.0,0.0,0.0,1.0,0.0,0.0,Placed
1.248451092782051,-1.060780854633575,1.9436349464629348,-1.309285059673688,1.9087732864743314,-1.1854941459440516,0.3019700722711672,-0.4799097270400397,0.3250427863915156,0.05072041643460074,-1.3896483289897656,0.09096861882702452,0.598139439012502,0.41054016039943736,0.07082447616344914,-1.269675887881612,-0.14279972144439895,0.0,0.0,0.0,0.0,1.0,0.0,1.0,0.0,0.0,0.0,1.0,0.0,0.0,0.0,0.0,0.0,1.0,0.0,0.0,0.0,Placed
1.248451092782051,-1.9131680961641602,0.6306453267286316,-0.1797796163894137,-0.9016904482118007,1.7700314256616172,0.3019700722711672,0.23936849540389704,-0.37829389874987335,-0.7363205282402435,0.5034518807429373,-0.7814037088210978,-0.21844202148953684,-0.38295304657045076,0.6942183983845148,-2.218354271394834,0.0011654321961373898,0.0,0.0,0.0,1.0,0.0,0.0,1.0,0.0,0.0,1.0,0.0,0.0,0.0,0.0,0.0,0.0,0.0,1.0,0.0,0.0,Placed
-1.1855721587832007,-0.5570974846382287,0.16172046253780908,0.9497258268948607,-0.9016904482118007,0.7848562351263942,0.3019700722711672,-1.8559202395414836,-0.37829389874987335,-0.8262680647745111,-0.22641807963593658,0.7008572372712858,-0.9805847179581068,1.1326189787420362,-0.2408724849470837,-0.8079297720123445,-0.4375855122321624,1.0,0.0,0.0,0.0,0.0,0.0,0.0,1.0,0.0,0.0,1.0,0.0,0.0,0.0,0.0,0.0,0.0,0.0,0.0,1.0,Placed
1.248451092782051,-1.1382706038636277,-0.16652694239576632,-1.309285059673688,0.035130796683576736,-0.20031895540882869,-0.874536702811302,0.8726460608164929,0.9900156523433737,1.1300908548458162,-1.458073637775285,0.013767527884712884,-0.3428734821374672,0.31532097556305055,-0.641625720660625,-1.4963512538537973,0.5907370137716643,1.0,0.0,0.0,0.0,0.0,0.0,0.0,1.0,0.0,0.0,0.0,0.0,0.0,1.0,0.0,0.0,0.0,1.0,0.0,0.0,Placed
-1.1855721587832007,0.82480304329772,0.7478765427763372,-0.1797796163894137,0.035130796683576736,-1.1854941459440516,-0.874536702811302,0.05954893979291203,-1.1008124934860277,0.40301493452715026,0.7467418675358942,-0.8354444724807151,0.3492765177166423,-0.5416516879644284,0.6422689048660924,0.6108901112950407,-1.1231338629013803,0.0,0.0,1.0,0.0,0.0,0.0,0.0,1.0,0.0,0.0,1.0,0.0,0.0,0.0,0.0,0.0,1.0,0.0,0.0,0.0,Placed
-1.1855721587832007,0.21780000766230267,0.5368603538904674,-1.309285059673688,0.9719520415789541,-0.20031895540882869,-0.874536702811302,-0.5424556594264688,0.10125384111925549,-0.6388773636614524,0.27536751812453947,0.26853112799434103,-0.6461751674667953,0.2042319265872669,1.3101909643886624,-0.6400220935144291,0.3439396075307463,0.0,0.0,0.0,1.0,0.0,0.0,0.0,1.0,0.0,0.0,1.0,0.0,0.0,0.0,0.0,0.0,1.0,0.0,0.0,0.0,Placed
0.031439466999425084,-1.3965697679638052,0.06793548969964493,-0.1797796163894137,0.9719520415789541,-1.1854941459440516,1.4784768473536365,-1.058459601614511,-0.6724165125362725,-0.21912219316820256,0.3285872027354981,0.4769740735385827,0.28706078739267765,-2.4063607243436653,0.731325179469102,-2.428238869517228,-1.2465325660218394,0.0,0.0,1.0,0.0,0.0,0.0,0.0,1.0,0.0,0.0,0.0,0.0,1.0,0.0,0.0,0.0,0.0,1.0,0.0,0.0,Placed
-1.1855721587832007,1.8967445743134559,-0.0024032399289777785,0.9497258268948607,-0.9016904482118007,0.7848562351263942,-0.874536702811302,0.9508284762995295,0.9516518331538438,0.3505455382154938,1.7275046267950056,1.2567050920559297,0.6059164053029972,1.0691395221844442,-0.4189850341531017,0.8711470129668103,1.4750943861349557,0.0,0.0,0.0,0.0,1.0,0.0,0.0,1.0,0.0,0.0,1.0,0.0,0.0,0.0,0.0,0.0,0.0,1.0,0.0,0.0,Placed
-1.1855721587832007,-0.789566732328389,0.009319881675792117,0.9497258268948607,0.9719520415789541,-0.20031895540882869,-0.874536702811302,1.154102756555424,0.8365603755852531,-0.04672274814418928,0.36660126317189773,-1.1905694908153492,-0.25732685294201485,1.291317620136014,-0.8939518320358185,-0.7575574684629698,0.8306789365058905,1.0,0.0,0.0,0.0,0.0,0.0,0.0,1.0,0.0,1.0,0.0,0.0,0.0,0.0,0.0,0.0,0.0,0.0,0.0,1.0,Placed
1.248451092782051,-1.6290390156539645,1.0175083396860598,-1.309285059673688,-0.9016904482118007,0.7848562351263942,0.3019700722711672,-0.3235448960739665,-0.5253552056430727,-1.171066954822538,-1.6937608124809629,-2.132422800311551,-0.1795571900370588,-0.30360372587346196,-0.2408724849470837,-0.5812544060401591,0.04229833323629007,0.0,0.0,0.0,1.0,0.0,0.0,1.0,0.0,0.0,0.0,1.0,0.0,0.0,0.0,0.0,0.0,1.0,0.0,0.0,0.0,Not Placed
-1.1855721587832007,1.1089321238079135,-0.08446509116237204,-1.309285059673688,0.9719520415789541,-0.20031895540882869,-0.874536702811302,-0.4173637946536107,-0.7043863618608811,-0.4215041503703056,0.7391390554486147,1.3416262920924722,0.6603551693364667,0.0852079455417837,1.072707565447304,-0.648417477439325,-0.8009261380868476,0.0,0.0,1.0,0.0,0.0,0.0,1.0,0.0,0.0,0.0,0.0,0.0,0.0,1.0,0.0,0.0,0.0,1.0,0.0,0.0,Placed
-1.1855721587832007,-0.6475021920732911,1.885019338439082,0.9497258268948607,-0.9016904482118007,-0.20031895540882869,0.3019700722711672,1.388650003004534,1.6230186689706243,0.36553679430453867,0.3209843906482186,-0.032553126680674754,0.8470023603083605,0.815221695954081,-1.4579749045215442,-1.3200481914309867,1.653336957308952,0.0,0.0,0.0,0.0,1.0,0.0,0.0,1.0,0.0,0.0,0.0,0.0,1.0,0.0,0.0,0.0,1.0,0.0,0.0,0.0,Placed
-1.1855721587832007,0.7473132940676662,0.7713227859858787,-0.1797796163894137,0.9719520415789541,-0.20031895540882869,-0.874536702811302,0.8804643023647961,0.7470447974763487,-0.36903475405864905,0.5946856257902956,0.5464550553866625,1.4302748320955312,0.7279374431873926,0.09308854481420126,0.3590285935481675,0.9472221561196578,0.0,0.0,0.0,0.0,0.0,1.0,1.0,0.0,0.0,0.0,1.0,0.0,0.0,0.0,0.0,0.0,0.0,1.0,0.0,0.0,Placed
0.031439466999425084,-2.02940272000924,-0.6354518065865887,0.9497258268948607,-0.9016904482118007,-1.1854941459440516,0.3019700722711672,-0.7144569734891494,-0.6532346029415075,-2.3853586980351547,-1.2984145839424064,-0.06343356305759874,0.014866967225331394,-0.501977027615934,-1.7028796596798197,-1.4795604860040061,-0.7392267865266182,0.0,0.0,0.0,0.0,1.0,0.0,0.0,1.0,0.0,1.0,0.0,0.0,0.0,0.0,0.0,0.0,0.0,0.0,1.0,0.0,Placed
0.031439466999425084,-0.07924403105290174,0.3844597730284504,-1.309285059673688,-1.8385116931071779,2.75520661619684,-0.874536702811302,-2.371924181729525,-1.6251180224096085,1.1076039707122494,0.6250968741394158,0.5927757099520501,-1.8982667402365887,-1.065357204564554,-0.4560918152376889,-1.4375835663795273,-1.424775137195836,0.0,1.0,0.0,0.0,0.0,0.0,1.0,0.0,0.0,0.0,0.0,1.0,0.0,0.0,0.0,0.0,0.0,0.0,0.0,1.0,Not Placed
0.031439466999425084,0.04990555099718758,0.44307538105230326,-1.309285059673688,1.9087732864743314,0.7848562351263942,1.4784768473536365,-0.010815234141820222,0.15240560003862905,1.647289189917857,0.298175954386379,1.4883083648828646,1.5624832590339566,-0.5416516879644284,0.8871736600243679,-0.8666974594866146,0.15198606934336453,0.0,0.0,1.0,0.0,0.0,0.0,1.0,0.0,0.0,0.0,0.0,1.0,0.0,0.0,0.0,1.0,0.0,0.0,0.0,0.0,Placed
0.031439466999425084,-0.9187163143784771,-0.4361587393054889,-1.309285059673688,-0.9016904482118007,-1.1854941459440516,1.4784768473536365,0.7631906791402412,0.5168618823391672,-0.47397354668196207,-0.4545024422543345,-0.38767814501530784,-1.0350234819915762,-1.3192750307949186,-0.7603674201313048,-0.5056959507160966,0.9883550571598105,0.0,0.0,0.0,1.0,0.0,0.0,0.0,1.0,0.0,0.0,1.0,0.0,0.0,0.0,0.0,0.0,0.0,0.0,0.0,1.0,Placed
-1.1855721587832007,-0.8283116069434148,-1.3153928596632811,0.9497258268948607,1.9087732864743314,-1.1854941459440516,-0.874536702811302,-0.855185321358615,-0.09695922469331832,0.14816358101339183,0.6174940620521363,-1.3449716726999725,0.19373719190673014,1.7753484763876453,-0.14439485412715714,0.2918655221490016,-0.3416087431384715,1.0,0.0,0.0,0.0,0.0,0.0,1.0,0.0,0.0,1.0,0.0,0.0,0.0,0.0,0.0,0.0,1.0,0.0,0.0,0.0,Placed
1.248451092782051,0.03699059279217899,1.1230164341289954,-0.1797796163894137,0.9719520415789541,-1.1854941459440516,-0.874536702811302,0.45827925875639924,1.3480779647789904,-0.039227120099666314,1.7275046267950056,-0.49575967233454454,0.3181686525546594,1.2833826880663144,0.6496902610830095,1.433637735934826,1.461383419121571,1.0,0.0,0.0,0.0,0.0,0.0,1.0,0.0,0.0,0.0,0.0,0.0,1.0,0.0,0.0,0.0,1.0,0.0,0.0,0.0,Placed
-1.1855721587832007,0.4115243807374361,-0.13135757758145497,0.9497258268948607,0.035130796683576736,0.7848562351263942,-0.874536702811302,0.28627794469371853,0.7278628878815837,1.1900558792019944,-0.25682932798505564,0.3843327644078085,1.2514046074141323,0.783481967675285,0.41962821835856917,1.6519177179821167,0.39878347558428356,0.0,0.0,1.0,0.0,0.0,0.0,1.0,0.0,0.0,0.0,0.0,0.0,1.0,0.0,0.0,0.0,1.0,0.0,0.0,0.0,Placed
1.248451092782051,-1.474059517193858,-0.34237376646732476,-0.1797796163894137,-0.9016904482118007,-0.20031895540882869,-0.874536702811302,-0.2844536883324482,-0.6852044522661161,-1.9581078994973824,-0.3708715092942546,-1.229170036286505,-1.1439010100585145,-1.343079827004015,1.7035228438852867,-0.7239759327633868,-0.24563197404478163,0.0,0.0,0.0,0.0,1.0,0.0,0.0,1.0,0.0,0.0,0.0,0.0,0.0,0.0,1.0,0.0,0.0,1.0,0.0,0.0,Placed
-1.1855721587832007,1.0443573327828706,0.4547985026570731,-1.309285059673688,-0.9016904482118007,-0.20031895540882869,1.4784768473536365,1.693561423388377,0.3442246959862806,0.7178313123970882,0.07009159176798112,-0.3027569449787655,-0.48285887536638794,-1.0018777480069632,-1.5247671104738012,0.41779628102243815,1.653336957308952,0.0,0.0,0.0,0.0,1.0,0.0,0.0,1.0,0.0,0.0,0.0,0.0,1.0,0.0,0.0,0.0,0.0,1.0,0.0,0.0,Placed
-1.1855721587832007,1.7546800340583568,0.9823389748717484,-0.1797796163894137,0.035130796683576736,0.7848562351263942,-0.874536702811302,1.693561423388377,0.510467912474245,-0.7663030404183321,1.6514765059222063,0.8706996373443716,0.9558798883752995,1.473821057739088,-0.46351317145460696,-0.4721144150165131,0.4399163766244362,0.0,0.0,0.0,1.0,0.0,0.0,1.0,0.0,0.0,0.0,0.0,1.0,0.0,0.0,0.0,0.0,0.0,1.0,0.0,0.0,Placed
0.031439466999425084,-0.582927401048247,0.361013529818909,-1.309285059673688,1.9087732864743314,-1.1854941459440516,-0.874536702811302,0.966464959396137,0.3186488165265934,-0.7962855525964219,-1.9978732959721601,-0.10203410852875457,1.7102456185533736,0.029663421053891293,-0.1963443476455784,0.03160862047723318,0.9952105406665033,0.0,0.0,0.0,0.0,1.0,0.0,0.0,1.0,0.0,0.0,0.0,0.0,0.0,0.0,1.0,0.0,0.0,0.0,0.0,1.0,Not Placed
0.031439466999425084,-0.46669277720316743,0.021043003280562012,-1.309285059673688,1.9087732864743314,-1.1854941459440516,-0.874536702811302,-1.2695521234187093,-0.8386597290242372,0.16315483710243564,1.0356487268525325,-0.2487161813191471,-1.1827858415109926,-0.03381603550369953,0.011453626428109806,-2.4198434855923323,-0.7255158195132341,0.0,0.0,0.0,0.0,0.0,1.0,1.0,0.0,0.0,0.0,0.0,0.0,1.0,0.0,0.0,1.0,0.0,0.0,0.0,0.0,Not Placed
0.031439466999425084,-1.6419539738589741,0.07965861130441482,2.079231270179135,1.9087732864743314,0.7848562351263942,-0.874536702811302,-0.7457299396823645,-1.6442999320043739,1.7297410984076023,-0.25682932798505564,0.39977298259627103,-0.5139667405283708,-0.6844804652190081,1.7035228438852867,0.6192854952199371,-1.02715709380769,0.0,0.0,0.0,0.0,1.0,0.0,0.0,1.0,0.0,0.0,0.0,0.0,1.0,0.0,0.0,1.0,0.0,0.0,0.0,0.0,Placed
1.248451092782051,-0.582927401048247,-0.7644061442390643,0.9497258268948607,-0.9016904482118007,-1.1854941459440516,-0.874536702811302,0.028275973599698065,0.06289002192972463,1.0551345744005929,0.21454502142629914,-0.39539825410953966,-1.2838864032874353,-0.7082852614281044,-1.0646430250249195,-0.001972915222350382,1.0431989252133478,0.0,0.0,1.0,0.0,0.0,0.0,0.0,1.0,0.0,1.0,0.0,0.0,0.0,0.0,0.0,0.0,0.0,0.0,0.0,1.0,Placed
0.031439466999425084,1.0831022073978964,-0.4361587393054889,-0.1797796163894137,1.9087732864743314,0.7848562351263942,1.4784768473536365,1.724834389581592,1.5846548497810944,0.4479887027942849,1.7275046267950056,0.1527294915808736,0.47370797836457157,0.23597165486606175,0.6719543297337616,-0.7155805488384909,1.653336957308952,0.0,0.0,0.0,0.0,1.0,0.0,1.0,0.0,0.0,0.0,0.0,0.0,0.0,1.0,0.0,0.0,0.0,0.0,0.0,1.0,Not Placed
1.248451092782051,1.0572722909878793,-0.5416668337484246,-0.1797796163894137,-0.9016904482118007,0.7848562351263942,-0.874536702811302,-0.02645171723842776,-0.691598422131038,-1.3809445400691631,-0.09717027415217756,0.5078545099155067,-0.747275729243239,0.9977251335571551,0.9465445097597073,-0.14469444194557873,-1.0203016103009976,0.0,0.0,1.0,0.0,0.0,0.0,0.0,1.0,0.0,0.0,0.0,0.0,0.0,1.0,0.0,1.0,0.0,0.0,0.0,0.0,Placed
-1.1855721587832007,0.8635479179127458,0.09138173290918639,2.079231270179135,0.035130796683576736,2.75520661619684,1.4784768473536365,0.12209487217934219,-0.7811140002399419,0.9651870378663248,1.6362708817476463,-0.39539825410953966,0.3881613491691203,-0.0258811034340011,1.7035228438852867,1.6687084858319086,0.0011654321961373898,0.0,0.0,0.0,0.0,1.0,0.0,0.0,1.0,0.0,0.0,0.0,0.0,0.0,0.0,1.0,0.0,1.0,0.0,0.0,0.0,Placed
-1.1855721587832007,0.4115243807374361,0.3375672866093675,-1.309285059673688,1.9087732864743314,-0.20031895540882869,0.3019700722711672,0.8882825439131005,0.8237724358554095,0.10318981274625724,0.5110546928302169,1.1640637829251557,1.0258725849897603,-0.9066585631705765,0.9465445097597073,1.3244977449111812,0.7689795849456605,1.0,0.0,0.0,0.0,0.0,0.0,0.0,1.0,0.0,1.0,0.0,0.0,0.0,0.0,0.0,0.0,0.0,0.0,0.0,1.0,Placed
0.031439466999425084,1.0185274163728513,0.31412104339982605,-1.309285059673688,0.035130796683576736,-1.1854941459440516,-0.874536702811302,1.3182858290698016,1.6230186689706243,-0.06171400423323414,-0.9410824158402499,-0.349077599544152,1.7724613488773382,-0.8352441745432873,1.1988706211349007,-0.027159066997037455,1.5847821222420302,0.0,0.0,0.0,1.0,0.0,0.0,0.0,1.0,0.0,0.0,0.0,1.0,0.0,0.0,0.0,0.0,0.0,0.0,0.0,1.0,Placed
1.248451092782051,-0.2213085713079985,0.12655109772349774,-1.309285059673688,0.9719520415789541,0.7848562351263942,-0.874536702811302,-0.06554292497994604,0.331436756256437,-0.3465478699250823,-2.355205464074317,0.3534523280308834,1.7724613488773382,-0.470237299337138,-1.3689186299185347,0.7200301023186855,0.9814995736531187,0.0,0.0,0.0,0.0,1.0,0.0,1.0,0.0,0.0,1.0,0.0,0.0,0.0,0.0,0.0,0.0,0.0,0.0,1.0,0.0,Placed
-1.1855721587832007,1.7934249086733849,-0.2837581584434719,-0.1797796163894137,-0.9016904482118007,-0.20031895540882869,-0.874536702811302,-0.33918137917057406,-0.570112994697525,0.25310237363670374,0.8227699884086935,1.187224110207849,1.1814119107996726,1.291317620136014,-0.2705579098147528,0.9718916200655585,-0.45129647924554694,0.0,0.0,0.0,0.0,0.0,1.0,1.0,0.0,0.0,1.0,0.0,0.0,0.0,0.0,0.0,0.0,0.0,0.0,1.0,0.0,Placed
1.248451092782051,-0.33754319515307807,-0.5299437121436531,-0.1797796163894137,-0.9016904482118007,-0.20031895540882869,-0.874536702811302,-1.3711892635466572,0.28667896720198477,0.8602482452430128,-1.062727409236729,-0.8817651270461028,0.10041359642078264,-0.8273092424735876,-1.0498003125910849,0.55212242382077,-0.17022165547116708,1.0,0.0,0.0,0.0,0.0,0.0,0.0,1.0,0.0,0.0,0.0,0.0,0.0,0.0,1.0,1.0,0.0,0.0,0.0,0.0,Placed
-1.1855721587832007,2.361683069693774,0.7478765427763372,-0.1797796163894137,-0.9016904482118007,0.7848562351263942,-0.874536702811302,1.0133744086859584,1.4120176634282078,0.41051056257167323,0.06248877968070054,1.7585121831809554,0.12374449529226925,-0.470237299337138,-0.0701812919579827,-0.12790367409578696,0.15198606934336453,0.0,0.0,0.0,0.0,0.0,1.0,1.0,0.0,0.0,1.0,0.0,0.0,0.0,0.0,0.0,0.0,0.0,0.0,1.0,0.0,Not Placed
1.248451092782051,-0.9832911054035213,-0.0024032399289777785,-0.1797796163894137,-0.9016904482118007,-0.20031895540882869,-0.874536702811302,0.6146440897224724,1.45677545248266,0.41800619061619515,-0.9714936641893696,0.8938599646270649,-0.11734145971309416,-0.9225284273099744,-0.5525694460576165,-2.436634253442124,1.2282969798940366,0.0,0.0,0.0,0.0,1.0,0.0,1.0,0.0,0.0,0.0,0.0,1.0,0.0,0.0,0.0,0.0,0.0,0.0,1.0,0.0,Placed
0.031439466999425084,1.4834659117531719,-1.8429333318779564,-1.309285059673688,0.9719520415789541,-0.20031895540882869,1.4784768473536365,0.966464959396137,0.24192117814753347,-1.590822125315788,-0.31765182468329595,1.1023029101713064,0.5125928098170496,0.7279374431873926,-0.18892299142866137,1.9373607714285723,0.4399163766244362,0.0,0.0,0.0,0.0,1.0,0.0,1.0,0.0,0.0,0.0,0.0,1.0,0.0,0.0,0.0,0.0,0.0,0.0,0.0,1.0,Placed
-1.1855721587832007,-0.26005344592302543,-1.022314819544017,0.9497258268948607,-0.9016904482118007,-1.1854941459440516,0.3019700722711672,0.6068258481741681,0.7214689180166624,0.20063297732504726,1.5146258883511678,-0.9126455634230273,-1.3616560661923913,-1.9302648001617326,1.1543424838333953,2.264780744499508,0.11770865180990364,0.0,0.0,0.0,1.0,0.0,0.0,0.0,1.0,0.0,0.0,0.0,0.0,1.0,0.0,0.0,0.0,0.0,0.0,1.0,0.0,Placed
0.031439466999425084,-1.1124406874536106,0.3961828946332203,-0.1797796163894137,-1.8385116931071779,-0.20031895540882869,0.3019700722711672,-0.47209148549173646,-0.6148707837519771,-2.160489856699485,-0.7358064894836921,0.22221047342895342,-1.4394257290973476,-0.9304633593796735,0.7832746729875233,-0.29581135259370234,-0.0948113368975535,0.0,0.0,1.0,0.0,0.0,0.0,1.0,0.0,0.0,0.0,0.0,0.0,0.0,1.0,0.0,1.0,0.0,0.0,0.0,0.0,Placed
-1.1855721587832007,-1.202845394888672,-0.40098937449117755,-1.309285059673688,0.035130796683576736,-0.20031895540882869,1.4784768473536365,-1.2226426741288872,-1.9639984252504599,-0.8187724367299887,-0.5153249389525737,-1.6614961455634498,-0.9105920213436464,-1.8271106832556467,-0.8048955574328089,0.9215193165161845,-1.424775137195836,0.0,1.0,0.0,0.0,0.0,0.0,0.0,1.0,0.0,0.0,1.0,0.0,0.0,0.0,0.0,0.0,0.0,0.0,1.0,0.0,Placed
-1.1855721587832007,-0.14381882207794583,2.119481770534493,-0.1797796163894137,0.035130796683576736,-0.20031895540882869,0.3019700722711672,-0.49554621013664724,0.7726206769360359,0.17065046514695859,-0.7510121136582512,1.7585121831809554,1.3758360680620627,-0.04968589964309752,1.0430221405796338,-0.4133467275422436,-0.5267067978191605,0.0,0.0,0.0,0.0,1.0,0.0,1.0,0.0,0.0,1.0,0.0,0.0,0.0,0.0,0.0,1.0,0.0,0.0,0.0,0.0,Not Placed
-1.1855721587832007,-0.996206063608531,0.6189222051238616,-0.1797796163894137,-0.9016904482118007,0.7848562351263942,0.3019700722711672,-0.46427324394343217,0.312254846661672,0.43299744670524,-1.526498946560804,-1.9548602911442343,-0.3428734821374672,-0.7479599217765989,0.18214481941721078,0.16593476327556503,0.12456413531659641,0.0,0.0,0.0,0.0,0.0,1.0,0.0,1.0,0.0,0.0,1.0,0.0,0.0,0.0,0.0,0.0,0.0,0.0,0.0,1.0,Placed
1.248451092782051,0.8506329597077372,-0.13135757758145497,-0.1797796163894137,1.9087732864743314,-1.1854941459440516,-0.874536702811302,0.38791508482166587,0.011738263010351076,-0.5114516869045737,1.1344852839871713,0.20677025524049197,-0.12511842600359044,-0.866983902822082,-1.0498003125910849,-0.3377882722181812,0.3782170250642072,0.0,0.0,0.0,0.0,0.0,1.0,0.0,1.0,0.0,0.0,0.0,0.0,1.0,0.0,0.0,0.0,0.0,0.0,1.0,0.0,Placed
1.248451092782051,-1.2157603530936816,-1.4443471973157582,0.9497258268948607,0.035130796683576736,-1.1854941459440516,-0.874536702811302,-0.7848211474238828,-0.38468786861479565,-0.7588074123738102,-1.9294479871866408,-0.21011563584799128,-0.6383982011763001,1.7753484763876453,0.11535261346495337,-0.09432213839620339,0.1588415528500573,0.0,0.0,0.0,1.0,0.0,0.0,0.0,1.0,0.0,0.0,0.0,0.0,0.0,1.0,0.0,0.0,0.0,1.0,0.0,0.0,Placed
1.248451092782051,-0.38920302797311357,-0.5885593201675059,-0.1797796163894137,1.9087732864743314,-0.20031895540882869,0.3019700722711672,0.4426427756597917,-0.5637190248326036,1.3999334644486194,-0.705395241134572,1.2258246556790047,1.1891888770901677,-1.0177476121463613,0.49384178052774363,-0.29581135259370234,-0.22506552352470527,0.0,1.0,0.0,0.0,0.0,0.0,1.0,0.0,0.0,1.0,0.0,0.0,0.0,0.0,0.0,0.0,0.0,0.0,1.0,0.0,Placed
0.031439466999425084,0.618163712017578,0.6071990835190901,-0.1797796163894137,-0.9016904482118007,-0.20031895540882869,0.3019700722711672,-0.8004576305204903,-0.6212647536168989,-1.350962027891074,1.3549668345182886,1.0405420374174574,-0.24177292036102455,-0.6210010086614172,0.7832746729875233,-1.269675887881612,-1.698994477463523,0.0,0.0,0.0,0.0,0.0,1.0,1.0,0.0,0.0,1.0,0.0,0.0,0.0,0.0,0.0,0.0,0.0,0.0,1.0,0.0,Placed
0.031439466999425084,-0.38920302797311357,2.119481770534493,-1.309285059673688,0.035130796683576736,1.7700314256616172,-0.874536702811302,0.7553724375919381,-0.371899928884952,-0.5564254551717073,0.4046153236082974,0.13728927339241107,0.528146742398041,-0.47817223140683757,0.568055342696918,-0.8331159237870316,-0.5472732483392369,0.0,0.0,0.0,0.0,0.0,1.0,1.0,0.0,0.0,0.0,0.0,1.0,0.0,0.0,0.0,1.0,0.0,0.0,0.0,0.0,Placed
-1.1855721587832007,0.9152077507327802,0.04448924649010347,0.9497258268948607,-0.9016904482118007,-1.1854941459440516,1.4784768473536365,0.8804643023647961,0.5808015809883844,-0.06171400423323414,0.5034518807429373,0.013767527884712884,0.7692326974034045,1.5134957180875823,-0.12955214169332205,-1.4123974146048397,0.5153266951980507,0.0,0.0,0.0,0.0,0.0,1.0,0.0,1.0,0.0,1.0,0.0,0.0,0.0,0.0,0.0,0.0,0.0,0.0,1.0,0.0,Placed
1.248451092782051,-1.5644642246289202,1.287140136595784,-0.1797796163894137,0.035130796683576736,0.7848562351263942,1.4784768473536365,0.12991311372764539,0.29307293706690707,-0.8037811806409437,-0.462105254341614,-0.42627869048646366,-0.335096515846971,0.31532097556305055,0.041139051295778946,-0.9506512987355723,-0.22506552352470527,0.0,0.0,0.0,1.0,0.0,0.0,1.0,0.0,0.0,0.0,0.0,0.0,0.0,1.0,0.0,0.0,0.0,1.0,0.0,0.0,Placed
0.031439466999425084,-0.14381882207794583,1.9436349464629348,0.9497258268948607,0.035130796683576736,-1.1854941459440516,0.3019700722711672,0.8335548530749746,0.47849806314963633,0.25310237363670374,0.5870828137030162,-1.476213527301902,-1.175008875220497,1.164358707020831,-0.2705579098147528,-0.11111290624599517,0.8306789365058905,1.0,0.0,0.0,0.0,0.0,0.0,0.0,1.0,0.0,0.0,0.0,0.0,0.0,1.0,0.0,0.0,0.0,1.0,0.0,0.0,Placed
0.031439466999425084,-2.02940272000924,-0.9285298467058528,-0.1797796163894137,-0.9016904482118007,-0.20031895540882869,1.4784768473536365,-0.7770029058755784,-0.16729289320745686,0.14066795296886886,-0.9182739795784097,-0.8817651270461028,-0.039571796808138084,-1.9143949360223347,-0.6638897893113782,-0.7743482363127615,-0.19764358949793617,0.0,0.0,0.0,0.0,1.0,0.0,1.0,0.0,0.0,0.0,1.0,0.0,0.0,0.0,0.0,0.0,0.0,0.0,0.0,1.0,Not Placed
0.031439466999425084,0.12739530022724024,-2.4290894121164843,-0.1797796163894137,0.9719520415789541,-0.20031895540882869,0.3019700722711672,1.1306480319105134,-0.09695922469331832,-1.193553838956105,0.6707137466630949,-0.02483301758644293,-1.4705335942593303,0.41054016039943736,0.7239038232521839,0.17433014720046033,-0.266198424564858,0.0,0.0,0.0,0.0,0.0,1.0,0.0,1.0,0.0,0.0,0.0,0.0,0.0,0.0,1.0,0.0,1.0,0.0,0.0,0.0,Placed
0.031439466999425084,0.06282050920219617,-0.09618821276714361,-0.1797796163894137,0.9719520415789541,-0.20031895540882869,0.3019700722711672,-0.519000934781558,-0.9985089756472803,-0.5639210832162291,-0.17319839502497686,1.0173817101347642,0.8547793265988568,-0.1211002882703879,0.05598176372961404,1.022263923614934,-1.301376434075377,0.0,0.0,1.0,0.0,0.0,0.0,1.0,0.0,0.0,0.0,1.0,0.0,0.0,0.0,0.0,0.0,1.0,0.0,0.0,0.0,Placed
0.031439466999425084,0.3986094225324263,-0.0375726047432908,-1.309285059673688,-1.8385116931071779,-1.1854941459440516,2.654983622436106,1.3495587952630155,-0.3143542001006562,-0.781294296507377,-1.4352652015134453,-0.9358058907057205,-2.294892021051864,-0.27186399759466595,0.4418922870093213,1.4504285037846179,0.5907370137716643,0.0,1.0,0.0,0.0,0.0,0.0,1.0,0.0,0.0,0.0,1.0,0.0,0.0,0.0,0.0,0.0,1.0,0.0,0.0,0.0,Placed
-1.1855721587832007,-0.26005344592302543,0.24378231377120335,-1.309285059673688,0.9719520415789541,-0.20031895540882869,-0.874536702811302,0.4035515679182734,0.12043575071402046,0.5004580991059403,0.8455784246705342,1.3261860739040106,-2.1937914592754217,-0.39882291070984877,-1.9180989899704255,0.39261012924775107,0.39192799207759077,0.0,0.0,0.0,0.0,1.0,0.0,0.0,1.0,0.0,0.0,0.0,1.0,0.0,0.0,0.0,0.0,0.0,0.0,0.0,1.0,Not Placed
0.031439466999425084,0.12739530022724024,0.17344358414258065,-0.1797796163894137,-0.9016904482118007,-0.20031895540882869,-0.874536702811302,0.9195555101063144,0.7470447974763487,-0.09919214445584577,-0.49251650269073416,0.7162974554597483,0.47370797836457157,-0.7796996500553948,-0.8494236947343137,0.39261012924775107,1.3585511665211885,0.0,0.0,0.0,0.0,0.0,1.0,1.0,0.0,0.0,0.0,0.0,0.0,0.0,1.0,0.0,0.0,0.0,0.0,1.0,0.0,Placed
0.031439466999425084,2.4262578607188194,-0.47132810411980025,-0.1797796163894137,0.9719520415789541,-1.1854941459440516,-0.874536702811302,1.177557481200336,0.6894990686920538,0.830265733064923,1.3245555861691696,1.7585121831809554,0.7692326974034045,-0.3512133182916548,1.072707565447304,1.4084515841601388,0.8992337715728124,1.0,0.0,0.0,0.0,0.0,0.0,0.0,1.0,0.0,0.0,0.0,0.0,1.0,0.0,0.0,1.0,0.0,0.0,0.0,0.0,Placed
0.031439466999425084,0.6698235448376124,1.7208956359722936,0.9497258268948607,1.9087732864743314,-1.1854941459440516,0.3019700722711672,1.7717438388714135,1.2329865072103998,1.3999334644486194,-0.46970806642889457,0.8166588736847532,1.7724613488773382,0.38673536419034094,1.7035228438852867,0.6528670309195195,1.4819498696416475,0.0,0.0,0.0,0.0,0.0,1.0,1.0,0.0,0.0,0.0,0.0,0.0,1.0,0.0,0.0,0.0,0.0,1.0,0.0,0.0,Placed
-1.1855721587832007,0.3469495897123908,0.7713227859858787,0.9497258268948607,1.9087732864743314,-0.20031895540882869,-0.874536702811302,0.8101001284300638,0.44013424396010636,1.6173066777397673,1.30174714990733,0.0832485097327927,1.6713607871008955,1.148488842881433,0.9910726470612126,0.9634962361406633,0.385072508570899,0.0,1.0,0.0,0.0,0.0,0.0,1.0,0.0,0.0,0.0,0.0,0.0,0.0,0.0,1.0,0.0,0.0,0.0,1.0,0.0,Placed
0.031439466999425084,0.8764628761177544,0.09138173290918639,-0.1797796163894137,-0.9016904482118007,0.7848562351263942,-0.874536702811302,1.3964682445528382,1.175440778426104,0.03572916034555695,0.7315362433613353,0.824378982778985,-0.669506066338283,1.1564237749511326,0.5828980551307531,1.1565900664132658,1.653336957308952,0.0,0.0,0.0,1.0,0.0,0.0,1.0,0.0,0.0,0.0,0.0,0.0,0.0,1.0,0.0,1.0,0.0,0.0,0.0,0.0,Not Placed
0.031439466999425084,-1.0220359800185481,-0.6823442930056717,0.9497258268948607,0.9719520415789541,-0.20031895540882869,0.3019700722711672,0.8413730946232778,1.117895049641808,0.1781460931914805,1.7275046267950056,-1.0207270907422634,0.5359237086885362,1.6087149029239691,0.9762299346273774,0.1911209150502521,1.0226324746932713,0.0,1.0,0.0,0.0,0.0,0.0,0.0,1.0,0.0,0.0,0.0,0.0,1.0,0.0,0.0,0.0,0.0,0.0,1.0,0.0,Placed
0.031439466999425084,0.514844046377507,0.04448924649010347,0.9497258268948607,0.9719520415789541,-0.20031895540882869,-0.874536702811302,-1.8402837564448766,-1.3885411374075052,0.6803531721744766,1.058457163114372,-0.5884009814653187,1.6635838208103995,1.7753484763876453,1.3472977454732495,-0.8750928434115104,-1.4453415877159128,0.0,0.0,0.0,1.0,0.0,0.0,0.0,1.0,0.0,0.0,0.0,0.0,1.0,0.0,0.0,0.0,0.0,1.0,0.0,0.0,Not Placed
1.248451092782051,-0.41503294438313193,-1.1864385220108056,0.9497258268948607,0.9719520415789541,-0.20031895540882869,-0.874536702811302,0.5286434326911315,0.0692839917946469,1.047638946356071,1.2789387136454893,-0.8663249088576401,-0.6150673023048135,0.9104408807904667,-0.9162159006865706,0.526936272046083,-0.30733132560501064,0.0,0.0,1.0,0.0,0.0,0.0,0.0,1.0,0.0,1.0,0.0,0.0,0.0,0.0,0.0,0.0,0.0,1.0,0.0,0.0,Placed
0.031439466999425084,0.2565448822773296,-0.025849483138519234,2.079231270179135,0.035130796683576736,0.7848562351263942,-0.874536702811302,0.7788271622368488,0.7406508276114273,1.7297410984076023,1.1648965323362903,0.724017564553979,1.7724613488773382,0.6961977149085977,1.0281794281457997,-0.5056959507160966,1.653336957308952,0.0,0.0,0.0,1.0,0.0,0.0,1.0,0.0,0.0,0.0,0.0,1.0,0.0,0.0,0.0,0.0,0.0,0.0,0.0,1.0,Placed
0.031439466999425084,0.12739530022724024,-0.4830512257245718,-1.309285059673688,1.9087732864743314,-1.1854941459440516,-0.874536702811302,-0.46427324394343217,-0.4294456576692469,-1.493378960736998,0.5490687532666165,0.29941156437126504,0.45815404578358015,-1.0098126800766623,-1.1165925185433418,1.7526623250808662,-0.5609842153526214,0.0,1.0,0.0,0.0,0.0,0.0,0.0,1.0,0.0,0.0,0.0,0.0,1.0,0.0,0.0,0.0,0.0,0.0,0.0,1.0,Placed
-1.1855721587832007,-0.9832911054035213,0.03276612488533357,0.9497258268948607,-0.9016904482118007,1.7700314256616172,-0.874536702811302,0.7710089206885455,0.4593161535548714,0.732822568486133,-0.07436183789033798,1.6658708740501813,1.1814119107996726,-0.44643250312804156,0.7684319605536892,-0.3461836561430765,1.1734531118404994,0.0,0.0,0.0,0.0,1.0,0.0,1.0,0.0,0.0,1.0,0.0,0.0,0.0,0.0,0.0,0.0,0.0,0.0,1.0,0.0,Placed
1.248451092782051,-0.7766517741233793,0.3375672866093675,0.9497258268948607,0.9719520415789541,-0.20031895540882869,-0.874536702811302,-1.7464648578652324,-1.6826637511939042,0.2605980016812267,-0.0667590258030574,-1.422172763642284,1.7724613488773382,-0.3512133182916548,0.08566718859728424,0.8627516290419138,-1.6167286753832173,0.0,1.0,0.0,0.0,0.0,0.0,1.0,0.0,0.0,0.0,0.0,1.0,0.0,0.0,0.0,0.0,0.0,1.0,0.0,0.0,Placed
0.031439466999425084,0.2694598404823382,0.44307538105230326,-0.1797796163894137,-1.8385116931071779,-0.20031895540882869,-0.874536702811302,-1.8559202395414836,-3.3323079763437073,0.41051056257167323,-1.587321443259044,-0.13291454490567967,0.1315214615827655,-0.7082852614281044,1.1691851962672306,-0.6652082452891162,-2.425675729172894,0.0,0.0,0.0,0.0,1.0,0.0,0.0,0.0,1.0,0.0,1.0,0.0,0.0,0.0,0.0,0.0,1.0,0.0,0.0,0.0,Placed
-1.1855721587832007,-0.5183526100232029,-0.21341942881484924,-0.1797796163894137,-1.8385116931071779,0.7848562351263942,1.4784768473536365,0.8648278192681896,1.1498648989664166,-1.523361472915087,-0.5533389993889734,-2.271384764007712,-1.4005408976448694,-2.5095148412497505,-1.8290427153674165,0.44298243279712524,1.5642156717219537,0.0,1.0,0.0,0.0,0.0,0.0,1.0,0.0,0.0,0.0,0.0,0.0,0.0,1.0,0.0,0.0,0.0,0.0,1.0,0.0,Placed
1.248451092782051,-0.8541415233534331,0.17344358414258065,-0.1797796163894137,0.035130796683576736,0.7848562351263942,1.4784768473536365,1.271376379779979,1.3352900250491468,-0.039227120099666314,-0.7510121136582512,-0.16379498128260475,1.383613034352558,0.6485881224904038,0.05598176372961404,0.23309783467473097,1.653336957308952,0.0,0.0,0.0,0.0,1.0,0.0,1.0,0.0,0.0,0.0,0.0,0.0,1.0,0.0,0.0,1.0,0.0,0.0,0.0,0.0,Placed
0.031439466999425084,-1.4998894336038762,-0.14308069918622485,-0.1797796163894137,-0.9016904482118007,-0.20031895540882869,-0.874536702811302,-0.8708218044552226,0.1332236904438641,0.46297995888332866,0.8835924851069339,-1.051607527119188,-0.5606285382713441,-1.3113400987252195,-1.7622505094151595,-1.4543743342293185,-0.10166682040424528,0.0,0.0,1.0,0.0,0.0,0.0,0.0,1.0,0.0,0.0,0.0,0.0,0.0,1.0,0.0,0.0,0.0,0.0,1.0,0.0,Placed
-1.1855721587832007,0.4373542971474532,1.638833784738901,0.9497258268948607,-0.9016904482118007,-1.1854941459440516,-0.874536702811302,0.2628232200488078,0.7470447974763487,-0.8037811806409437,1.7275046267950056,-0.480319454146082,0.862556292889352,0.1486874020993745,0.9317017973258721,-1.0430005219094258,-0.33475325963177976,0.0,0.0,0.0,0.0,1.0,0.0,1.0,0.0,0.0,0.0,0.0,0.0,0.0,1.0,0.0,0.0,0.0,1.0,0.0,0.0,Placed
1.248451092782051,0.2565448822773296,0.13827421932826764,-0.1797796163894137,0.035130796683576736,-1.1854941459440516,1.4784768473536365,-0.5033644516849505,-0.1736868630723782,-0.18913968099011283,1.7275046267950056,-0.318197163167228,-0.40508921246143187,0.03759835312358972,-0.649047076877543,-0.010368299147245675,-0.1839326224845516,0.0,0.0,0.0,0.0,1.0,0.0,1.0,0.0,0.0,1.0,0.0,0.0,0.0,0.0,0.0,0.0,0.0,0.0,1.0,0.0,Placed
0.031439466999425084,-1.0220359800185481,1.2050782853623898,0.9497258268948607,0.035130796683576736,0.7848562351263942,-0.874536702811302,-0.7457299396823645,-1.4908446552462526,-0.32406098579151554,-0.25682932798505564,-0.8200042542922537,1.0647574164422384,0.32325590763275014,1.0133367157119646,0.5185408881211877,-1.5893067413564481,0.0,0.0,0.0,1.0,0.0,0.0,1.0,0.0,0.0,1.0,0.0,0.0,0.0,0.0,0.0,0.0,0.0,1.0,0.0,0.0,Not Placed
1.248451092782051,1.4705509535481631,-0.27203503683870206,-1.309285059673688,0.035130796683576736,0.7848562351263942,-0.874536702811302,0.4895522249496132,0.312254846661672,-0.7138336441066756,-1.6785551883064027,1.6427105467674878,0.038197866096817995,0.40260522832973894,-0.10728807304256992,0.6528670309195195,1.2145860128806523,0.0,0.0,0.0,0.0,1.0,0.0,0.0,1.0,0.0,0.0,1.0,0.0,0.0,0.0,0.0,0.0,1.0,0.0,0.0,0.0,Not Placed
1.248451092782051,0.5277590045825157,-1.0574841843583282,0.9497258268948607,-0.9016904482118007,-1.1854941459440516,-0.874536702811302,-0.612819833361202,-0.19926274253206544,-0.676355503884064,1.6590793180094858,-0.5420803268999311,0.0848596638397912,-0.19251467689767715,0.24151566915255013,1.2573346735120152,-0.7803596875667713,0.0,0.0,0.0,1.0,0.0,0.0,0.0,1.0,0.0,0.0,0.0,0.0,1.0,0.0,0.0,0.0,1.0,0.0,0.0,0.0,Placed
1.248451092782051,0.9152077507327802,-0.0024032399289777785,-0.1797796163894137,0.035130796683576736,-0.20031895540882869,-0.874536702811302,-0.034269958786730975,-0.9025994276734545,0.02073790425651208,0.5034518807429373,0.029207746073174334,0.4426001132025898,0.8469614242328758,0.49384178052774363,-0.010368299147245675,-0.9037583906872303,0.0,0.0,1.0,0.0,0.0,0.0,1.0,0.0,0.0,1.0,0.0,0.0,0.0,0.0,0.0,0.0,0.0,1.0,0.0,0.0,Placed
0.031439466999425084,-0.45377781899815767,-0.7526830226342944,-0.1797796163894137,-1.8385116931071779,-1.1854941459440516,1.4784768473536365,-1.9341026550245202,-2.2325451595771715,-0.5939035953943188,-1.222386463069607,-0.7891238179153286,0.3803843828786241,0.19629699451756735,-0.1963443476455784,0.8291700933423314,-2.076046070331593,0.0,0.0,0.0,1.0,0.0,0.0,0.0,1.0,0.0,1.0,0.0,0.0,0.0,0.0,0.0,1.0,0.0,0.0,0.0,0.0,Not Placed
1.248451092782051,-2.675150630259683,-0.025849483138519234,0.9497258268948607,-0.9016904482118007,1.7700314256616172,-0.874536702811302,0.6537352974639907,0.612771430312993,0.08070292861269047,-0.33285744885785495,-0.9975667634595702,-1.4549796616783388,0.34706070384184656,-0.470934527671524,-0.45532364716672247,0.7278466839055079,0.0,0.0,1.0,0.0,0.0,0.0,0.0,1.0,0.0,0.0,0.0,1.0,0.0,0.0,0.0,0.0,0.0,1.0,0.0,0.0,Placed
0.031439466999425084,0.4760991717624802,-0.1196344559766834,0.9497258268948607,0.9719520415789541,0.7848562351263942,0.3019700722711672,-1.2539156403221023,-1.0496607345666538,1.5273591412054992,1.7275046267950056,0.013767527884712884,0.5748085401410142,0.370865500050943,1.4734608011608463,0.08198092402660732,-0.6638164679530041,0.0,0.0,0.0,0.0,1.0,0.0,1.0,0.0,0.0,0.0,0.0,0.0,0.0,1.0,0.0,0.0,0.0,1.0,0.0,0.0,Placed
-1.1855721587832007,-0.5700124428432384,0.7244302995667957,-0.1797796163894137,0.035130796683576736,0.7848562351263942,-0.874536702811302,-0.0029969925935170094,-0.7683260605100982,-0.8712418330416452,-0.9182739795784097,1.279865419338623,0.3881613491691203,-1.065357204564554,-1.754829153198242,0.4765639684967088,-0.4238745452187779,1.0,0.0,0.0,0.0,0.0,0.0,0.0,1.0,0.0,1.0,0.0,0.0,0.0,0.0,0.0,1.0,0.0,0.0,0.0,0.0,Placed
0.031439466999425084,-0.02758419823286624,-1.2919466164537396,-0.1797796163894137,0.035130796683576736,-1.1854941459440516,-0.874536702811302,0.24718673695220025,0.6511352495025229,-0.7063380160621537,0.5034518807429373,-0.2409960722249164,0.20929112448772158,-1.2478606421676286,-1.502503041823049,0.1911209150502521,0.4262054096110517,0.0,1.0,0.0,0.0,0.0,0.0,0.0,1.0,0.0,0.0,0.0,1.0,0.0,0.0,0.0,0.0,0.0,1.0,0.0,0.0,Placed
0.031439466999425084,1.8321697832884105,-1.4443471973157582,-0.1797796163894137,0.035130796683576736,-0.20031895540882869,0.3019700722711672,0.07518542288951957,0.3761945453108892,0.6728575441299547,0.3437928269100582,1.5963898922021014,-0.8717071898911684,0.7279374431873926,0.9317017973258721,-1.1689312807828625,-0.10852230391093805,1.0,0.0,0.0,0.0,0.0,0.0,1.0,0.0,0.0,1.0,0.0,0.0,0.0,0.0,0.0,1.0,0.0,0.0,0.0,0.0,Placed
-1.1855721587832007,0.5665038791975414,-0.08446509116237204,-1.309285059673688,0.035130796683576736,1.7700314256616172,1.4784768473536365,0.1690043214691637,1.3161081154543819,-0.98367625370948,0.6403024983139759,-1.514814072773058,0.2326220233592082,1.7118690198300544,0.6793756859506797,-0.6736036292140121,1.4476724521081867,1.0,0.0,0.0,0.0,0.0,0.0,1.0,0.0,0.0,1.0,0.0,0.0,0.0,0.0,0.0,0.0,0.0,0.0,1.0,0.0,Placed
1.248451092782051,1.5997005355982514,-2.241519466440156,-1.309285059673688,0.9719520415789541,-0.20031895540882869,1.4784768473536365,-0.519000934781558,-0.16729289320745686,0.942700153732758,0.6935221829249356,-0.8354444724807151,-0.335096515846971,0.0852079455417837,0.09308854481420126,-0.3377882722181812,-0.45129647924554694,0.0,0.0,0.0,0.0,1.0,0.0,0.0,1.0,0.0,0.0,0.0,0.0,0.0,1.0,0.0,0.0,1.0,0.0,0.0,0.0,Placed
-1.1855721587832007,1.7675949922633654,1.4629869606673425,-0.1797796163894137,0.035130796683576736,-0.20031895540882869,-0.874536702811302,0.6302805728190799,0.8173784659904881,0.29807614190383835,-1.2832089597678467,1.025101819228995,0.2326220233592082,0.5057593452358242,1.7035228438852867,0.258283986449418,0.5153266951980507,0.0,0.0,0.0,1.0,0.0,0.0,1.0,0.0,0.0,0.0,1.0,0.0,0.0,0.0,0.0,1.0,0.0,0.0,0.0,0.0,Placed
0.031439466999425084,0.3469495897123908,0.7478765427763372,-1.309285059673688,0.035130796683576736,0.7848562351263942,1.4784768473536365,-0.855185321358615,-1.1519642524054015,0.14816358101339183,1.7275046267950056,0.1836099279577976,0.45815404578358015,0.2835812472842557,-0.9162159006865706,-0.10271752232109987,-1.225966115501763,0.0,1.0,0.0,0.0,0.0,0.0,1.0,0.0,0.0,0.0,0.0,0.0,1.0,0.0,0.0,1.0,0.0,0.0,0.0,0.0,Not Placed
