student_id,university,gender,graduation_year,target_role,cgpa,attendance_percent,internship_count,project_count,certification_count,hackathon_count,programming_language,curriculum_programming_score,industry_programming_required,programming_gap,curriculum_dsa_score,industry_dsa_required,dsa_gap,curriculum_dbms_score,industry_dbms_required,dbms_gap,curriculum_web_development_score,industry_web_development_required,web_development_gap,curriculum_cloud_score,industry_cloud_required,cloud_gap,curriculum_ai_ml_score,industry_ai_ml_required,ai_ml_gap,curriculum_cybersecurity_score,industry_cybersecurity_required,cybersecurity_gap,curriculum_devops_score,industry_devops_required,devops_gap,curriculum_communication_score,industry_communication_required,communication_gap,curriculum_problem_solving_score,industry_problem_solving_required,problem_solving_gap,overall_skill_alignment,average_skill_gap,employability_score,skill_gap_category,placement_status,event_timestamp
STU0001,Andhra University,Male,2027,Cloud Engineer,6.71,84.9,0,1,2.0,1,JavaScript,56.6,70,13.4,47.5,68,20.5,56.7,62,5.3,52.4,55,2.6,32.2,88,55.8,74.9,58,0.0,73.3,45,0.0,45.2,82,36.8,59.0,70,11.0,37.1,76,38.9,81.57,18.43,59.26,Moderate Gap,Not Placed,2026-05-20 00:00:00
STU0002,KL University,Male,2025,Software Developer,8.08,76.6,2,3,,1,Python,75.6,80,4.4,70.6,78,7.4,64.5,72,7.5,81.6,68,0.0,55.6,60,4.4,63.2,55,0.0,81.5,45,0.0,88.0,50,0.0,64.8,72,7.2,62.8,78,15.2,95.39,4.61,81.67,Low Gap,Placed,2025-08-05 00:00:00
STU0003,JNTU Kakinada,Female,2025,DevOps Engineer,8.07,90.0,2,4,0.0,0,C#,65.5,72,6.5,73.2,70,0.0,81.4,58,0.0,78.7,50,0.0,97.7,82,0.0,72.8,52,0.0,93.6,48,0.0,87.1,88,0.9,91.3,72,0.0,74.9,80,5.1,98.75,1.25,86.93,Low Gap,Placed,2026-01-28 00:00:00
STU0004,GITAM University,Male,2025,Software Developer,7.87,82.8,2,2,1.0,1,JavaScript,54.2,80,25.8,48.9,78,29.1,72.0,72,0.0,89.0,68,0.0,82.0,60,0.0,71.7,55,0.0,84.2,45,0.0,79.2,50,0.0,54.8,72,17.2,48.8,78,29.2,89.87,10.13,77.98,Moderate Gap,Placed,2025-09-16 00:00:00
STU0005,GITAM University,Male,2025,Software Developer,7.33,74.8,3,2,1.0,1,Python,81.2,80,0.0,90.6,78,0.0,55.1,72,16.9,77.8,68,0.0,78.8,60,0.0,98.0,55,0.0,75.8,45,0.0,81.7,50,0.0,79.1,72,0.0,91.2,78,0.0,98.31,1.69,90.52,Low Gap,Placed,2025-07-17 00:00:00
STU0006,Vignan University,Female,2026,Cloud Engineer,6.87,99.4,2,2,0.0,1,C++,75.0,70,0.0,77.0,68,0.0,87.2,62,0.0,79.2,55,0.0,44.4,88,43.6,79.8,58,0.0,85.1,45,0.0,64.0,82,18.0,61.1,70,8.9,71.6,76,4.4,92.5,7.5,78.86,Low Gap,Not Placed,2026-07-26 00:00:00
STU0007,Andhra University,Male,2025,DevOps Engineer,7.81,89.0,1,3,2.0,2,C++,81.7,72,0.0,69.9,70,0.1,70.5,58,0.0,81.4,50,0.0,82.2,82,0.0,70.1,52,0.0,98.0,48,0.0,84.3,88,3.7,85.9,72,0.0,81.3,80,0.0,99.62,0.38,85.99,Low Gap,Placed,2025-05-15 00:00:00
STU0008,KL University,Male,2027,Data Scientist,6.94,69.7,0,5,1.0,2,JavaScript,61.7,78,16.3,58.3,75,16.7,77.4,72,0.0,98.0,55,0.0,72.0,52,0.0,54.0,88,34.0,70.5,40,0.0,59.4,45,0.0,76.6,75,0.0,59.1,82,22.9,91.01,8.99,76.06,Low Gap,Not Placed,2025-04-09 00:00:00
STU0009,GITAM University,Male,2027,DevOps Engineer,7.11,74.7,1,3,1.0,2,C++,79.1,72,0.0,83.7,70,0.0,55.8,58,2.2,62.5,50,0.0,59.2,82,22.8,57.3,52,0.0,76.9,48,0.0,92.9,88,0.0,54.4,72,17.6,71.4,80,8.6,94.88,5.12,78.99,Low Gap,Placed,2026-02-04 00:00:00
STU0010,GITAM University,Female,2027,Data Analyst,8.0,83.5,0,3,1.0,0,C#,63.0,72,9.0,79.4,65,0.0,74.2,78,3.8,62.5,62,0.0,69.2,55,0.0,92.0,78,0.0,74.8,35,0.0,79.8,40,0.0,82.9,75,0.0,80.7,72,0.0,98.72,1.28,74.68,Low Gap,Not Placed,2025-04-16 00:00:00
STU0011,KL University,Female,2026,Cloud Engineer,6.91,89.6,0,2,1.0,1,JavaScript,47.7,70,22.3,38.9,68,29.1,68.5,62,0.0,73.2,55,0.0,91.9,88,0.0,69.0,58,0.0,86.1,45,0.0,60.7,82,21.3,64.2,70,5.8,41.4,76,34.6,88.69,11.31,66.15,Moderate Gap,Not Placed,2026-03-29 00:00:00
STU0012,Vignan University,Male,2027,Cloud Engineer,7.12,79.7,1,3,1.0,0,C#,57.3,70,12.7,51.5,68,16.5,55.1,62,6.9,86.3,55,0.0,72.4,88,15.6,60.5,58,0.0,77.8,45,0.0,74.7,82,7.3,76.5,70,0.0,55.2,76,20.8,92.01,7.99,73.92,Low Gap,Placed,2026-01-15 00:00:00
STU0013,Andhra University,Other,2026,DevOps Engineer,8.51,86.0,1,2,0.0,0,Python,71.2,72,0.8,58.7,70,11.3,57.7,58,0.3,89.6,50,0.0,62.3,82,19.7,95.0,52,0.0,62.7,48,0.0,91.6,88,0.0,80.9,72,0.0,74.2,80,5.8,96.22,3.78,74.62,Low Gap,Placed,2026-04-02 00:00:00
STU0014,KL University,Male,2025,Full Stack Developer,,68.2,2,4,0.0,0,JavaScript,82.0,82,0.0,79.9,76,0.0,98.0,70,0.0,59.1,88,28.9,67.6,62,0.0,82.4,50,0.0,76.2,42,0.0,75.3,58,0.0,61.0,74,13.0,82.4,80,0.0,95.82,4.18,84.03,Low Gap,Placed,2026-04-14 00:00:00
STU0015,KL University,Female,2025,DevOps Engineer,7.04,81.9,1,3,2.0,0,Python,81.1,72,0.0,58.7,70,11.3,68.5,58,0.0,76.2,50,0.0,80.5,82,1.5,84.2,52,0.0,87.6,48,0.0,68.0,88,20.0,64.6,72,7.4,80.9,80,0.0,95.98,4.02,79.7,Low Gap,Placed,2025-02-27 00:00:00
STU0016,GITAM University,Male,2025,Software Developer,7.6,72.1,1,3,0.0,1,Java,81.2,80,0.0,69.5,78,8.5,68.6,72,3.4,72.6,68,0.0,76.7,60,0.0,68.8,55,0.0,70.8,45,0.0,82.2,50,0.0,62.6,72,9.4,85.4,78,0.0,97.87,2.13,78.69,Low Gap,Not Placed,2025-11-26 00:00:00
STU0017,Vignan University,Female,2026,Cloud Engineer,6.63,96.3,0,2,1.0,0,Python,59.9,70,10.1,45.6,68,22.4,58.1,62,3.9,46.7,55,8.3,47.7,88,40.3,74.0,58,0.0,64.4,45,0.0,73.6,82,8.4,83.0,70,0.0,54.1,76,21.9,88.47,11.53,63.52,Moderate Gap,Not Placed,2025-08-27 00:00:00
STU0018,Vignan University,Male,2026,Full Stack Developer,7.24,84.3,0,1,0.0,0,C++,77.9,82,4.1,69.5,76,6.5,57.3,70,12.7,82.8,88,5.2,65.8,62,0.0,65.1,50,0.0,72.8,42,0.0,74.2,58,0.0,59.9,74,14.1,69.1,80,10.9,94.65,5.35,65.42,Low Gap,Placed,2026-03-22 00:00:00
STU0019,KL University,Female,2026,Data Analyst,5.0,79.6,2,2,2.0,3,C#,57.9,72,14.1,64.2,65,0.8,81.4,78,0.0,60.0,62,2.0,78.5,55,0.0,71.0,78,7.0,67.5,35,0.0,74.3,40,0.0,61.0,75,14.0,75.4,72,0.0,96.21,3.79,85.53,Low Gap,Placed,2026-04-26 00:00:00
STU0020,JNTU Kakinada,Female,2025,Software Developer,7.24,81.9,1,3,4.0,1,JavaScript,87.3,80,0.0,82.1,78,0.0,60.4,72,11.6,76.2,68,0.0,76.8,60,0.0,64.5,55,0.0,83.6,45,0.0,86.7,50,0.0,,72,8.5,81.5,78,0.0,97.99,2.01,85.47,Low Gap,Placed,2025-01-05 00:00:00
STU0021,Andhra University,Male,2027,Full Stack Developer,7.51,72.7,0,3,1.0,1,C#,60.8,82,21.2,43.7,76,32.3,67.9,70,2.1,66.6,88,21.4,76.6,62,0.0,78.3,50,0.0,62.9,42,0.0,62.3,58,0.0,90.3,74,0.0,61.8,80,18.2,90.48,9.52,69.85,Low Gap,Placed,2025-11-08 00:00:00
STU0022,KL University,Male,2026,Cloud Engineer,7.4,80.8,1,2,0.0,0,C#,58.4,70,11.6,61.8,68,6.2,56.9,62,5.1,90.1,55,0.0,80.5,88,7.5,69.8,58,0.0,87.6,45,0.0,70.8,82,11.2,,70,2.3,52.8,76,23.2,93.3,6.7,71.88,Low Gap,Placed,2026-06-02 00:00:00
STU0023,JNTU Kakinada,Female,2025,Data Scientist,7.62,83.1,0,2,0.0,0,Java,62.7,78,15.3,53.5,75,21.5,57.4,72,14.6,60.8,55,0.0,37.3,52,14.7,75.5,88,12.5,72.0,40,0.0,66.3,45,0.0,77.5,75,0.0,54.4,82,27.6,89.39,10.61,62.75,Moderate Gap,Not Placed,2026-01-27 00:00:00
STU0024,Vignan University,Female,2027,Full Stack Developer,7.77,73.8,2,3,2.0,1,C#,87.8,82,0.0,88.1,76,0.0,69.6,70,0.4,77.8,88,10.2,85.9,62,0.0,59.4,50,0.0,95.1,42,0.0,98.0,58,0.0,75.0,74,0.0,83.9,80,0.0,98.94,1.06,89.64,Low Gap,Placed,2025-11-25 00:00:00
STU0025,Vignan University,Male,2027,Full Stack Developer,7.15,95.5,3,5,0.0,0,Python,88.5,82,0.0,94.7,76,0.0,92.7,70,0.0,94.7,88,0.0,92.5,62,0.0,92.0,50,0.0,79.5,42,0.0,78.2,58,0.0,62.8,74,11.2,79.7,80,0.3,98.84,1.16,95.14,Low Gap,Placed,2026-02-26 00:00:00
STU0026,GITAM University,Male,2027,Software Developer,9.13,71.1,1,1,0.0,1,C++,55.2,80,24.8,57.1,78,20.9,65.4,72,6.6,85.5,68,0.0,87.6,60,0.0,95.0,55,0.0,74.2,45,0.0,84.5,50,0.0,67.7,72,4.3,60.7,78,17.3,92.61,7.39,72.16,Low Gap,Placed,2025-04-28 00:00:00
STU0027,KL University,Male,2025,DevOps Engineer,7.38,73.2,2,2,0.0,1,JavaScript,83.1,72,0.0,83.9,70,0.0,77.6,58,0.0,95.2,50,0.0,63.4,82,18.6,57.7,52,0.0,51.3,48,0.0,90.6,88,0.0,98.0,72,0.0,75.6,80,4.4,97.7,2.3,82.75,Low Gap,Placed,2026-04-05 00:00:00
STU0028,KL University,Male,2027,Data Analyst,7.7,76.6,0,1,0.0,2,Java,79.9,72,0.0,71.0,65,0.0,58.3,78,19.7,69.3,62,0.0,59.6,55,0.0,49.4,78,28.6,51.1,35,0.0,70.7,40,0.0,64.0,75,11.0,79.7,72,0.0,94.07,5.93,66.92,Low Gap,Not Placed,2026-07-29 00:00:00
STU0029,Andhra University,Female,2027,Data Analyst,8.27,81.7,1,1,3.0,0,JavaScript,62.0,72,10.0,61.1,65,3.9,67.7,78,10.3,87.2,62,0.0,68.3,55,0.0,68.5,78,9.5,81.7,35,0.0,76.5,40,0.0,67.4,75,7.6,69.5,72,2.5,95.63,4.37,75.84,Low Gap,Placed,2025-08-03 00:00:00
STU0030,SRM University,Male,2025,Software Developer,6.87,81.7,1,1,2.0,0,JavaScript,61.3,80,18.7,76.9,78,1.1,81.0,72,0.0,82.8,68,0.0,43.0,60,17.0,63.8,55,0.0,63.4,45,0.0,51.0,50,0.0,82.6,72,0.0,75.7,78,2.3,96.08,3.92,73.68,Low Gap,Placed,2026-03-19 00:00:00
STU0031,GITAM University,Female,2025,Data Scientist,7.71,90.8,2,4,4.0,1,C++,67.6,78,10.4,75.7,75,0.0,90.7,72,0.0,79.4,55,0.0,96.2,52,0.0,93.5,88,0.0,98.0,40,0.0,98.0,45,0.0,67.6,75,7.4,68.1,82,13.9,96.83,3.17,94.12,Low Gap,Placed,2025-09-13 00:00:00
STU0032,Vignan University,Female,2027,Data Scientist,7.52,90.7,2,3,0.0,0,Java,78.1,78,0.0,83.3,75,0.0,86.5,72,0.0,71.0,55,0.0,73.5,52,0.0,63.0,88,25.0,79.7,40,0.0,58.9,45,0.0,76.9,75,0.0,77.4,82,4.6,97.04,2.96,82.12,Low Gap,Placed,2025-01-27 00:00:00
STU0033,SRM University,Female,2025,Cloud Engineer,7.52,100.0,1,4,1.0,1,Java,57.6,70,12.4,38.0,68,30.0,81.6,62,0.0,77.2,55,0.0,89.7,88,0.0,78.4,58,0.0,88.8,45,0.0,97.9,82,0.0,55.8,70,14.2,47.0,76,29.0,91.44,8.56,78.51,Low Gap,Placed,2026-05-22 00:00:00
STU0034,GITAM University,Male,2025,Data Analyst,7.72,81.7,2,3,0.0,2,Java,98.0,72,0.0,82.6,65,0.0,89.8,78,0.0,85.5,62,0.0,59.2,55,0.0,69.4,78,8.6,75.1,35,0.0,77.2,40,0.0,78.9,75,0.0,93.0,72,0.0,99.14,0.86,87.87,Low Gap,Placed,2026-04-30 00:00:00
STU0035,SRM University,Male,2026,Software Developer,8.68,91.3,0,3,0.0,1,C++,52.9,80,27.1,64.4,78,13.6,80.6,72,0.0,69.3,68,0.0,74.0,60,0.0,74.5,55,0.0,92.6,45,0.0,72.0,50,0.0,87.2,72,0.0,67.7,78,10.3,94.91,5.09,72.27,Low Gap,Placed,2025-05-11 00:00:00
STU0036,GITAM University,Female,2026,Software Developer,5.99,100.0,2,3,1.0,2,C++,79.5,80,0.5,70.9,78,7.1,45.2,72,26.8,68.5,68,0.0,59.5,60,0.5,98.0,55,0.0,65.9,45,0.0,65.6,50,0.0,65.0,72,7.0,87.4,78,0.0,95.81,4.19,84.78,Low Gap,Placed,2026-03-05 00:00:00
STU0037,Andhra University,Male,2025,Data Analyst,6.05,71.1,2,2,3.0,1,JavaScript,68.2,72,3.8,71.8,65,0.0,97.9,78,0.0,62.2,62,0.0,84.2,55,0.0,89.6,78,0.0,51.3,35,0.0,71.1,40,0.0,57.3,75,17.7,65.6,72,6.4,97.21,2.79,85.32,Low Gap,Not Placed,2026-06-05 00:00:00
STU0038,Andhra University,Male,2026,Data Scientist,7.47,94.8,2,2,2.0,0,Java,72.4,78,5.6,90.5,75,0.0,61.1,72,10.9,97.9,55,0.0,98.0,52,0.0,71.9,88,16.1,74.6,40,0.0,82.7,45,0.0,60.7,75,14.3,80.3,82,1.7,95.15,4.85,83.53,Low Gap,Placed,2025-11-24 00:00:00
STU0039,GITAM University,Male,2027,Full Stack Developer,8.33,82.3,1,3,1.0,2,Java,80.6,82,1.4,89.0,76,0.0,74.2,70,0.0,85.3,88,2.7,75.5,62,0.0,75.5,50,0.0,64.7,42,0.0,69.8,58,0.0,77.4,74,0.0,84.2,80,0.0,99.59,0.41,83.6,Low Gap,Placed,2025-09-15 00:00:00
STU0040,JNTU Kakinada,Female,2026,DevOps Engineer,7.48,83.7,1,2,1.0,1,Java,72.8,72,0.0,72.7,70,0.0,74.8,58,0.0,75.2,50,0.0,,82,0.0,71.1,52,0.0,75.5,48,0.0,79.5,88,8.5,58.1,72,13.9,80.2,80,0.0,97.76,2.24,78.52,Low Gap,Placed,2025-01-22 00:00:00
STU0041,KL University,Male,2027,Full Stack Developer,7.15,85.4,2,1,0.0,0,JavaScript,89.6,82,0.0,90.0,76,0.0,64.2,70,5.8,93.4,88,0.0,53.4,62,8.6,44.4,50,5.6,76.1,42,0.0,64.8,58,0.0,53.4,74,20.6,85.9,80,0.0,95.94,4.06,76.63,Low Gap,Not Placed,2026-03-16 00:00:00
STU0042,Andhra University,Female,2027,Data Scientist,8.3,65.4,1,4,2.0,0,Python,73.2,78,4.8,71.5,75,3.5,88.3,72,0.0,66.1,55,0.0,98.0,52,0.0,65.5,88,22.5,81.9,40,0.0,78.1,45,0.0,85.7,75,0.0,67.8,82,14.2,95.5,4.5,82.26,Low Gap,Not Placed,2026-01-13 00:00:00
STU0043,KL University,Female,2025,Full Stack Developer,7.06,98.2,0,3,0.0,1,Python,79.4,82,2.6,67.7,76,8.3,63.9,70,6.1,46.6,88,41.4,63.8,62,0.0,40.2,50,9.8,50.3,42,0.0,78.4,58,0.0,68.3,74,5.7,73.2,80,6.8,91.92,8.08,67.82,Low Gap,Not Placed,2025-08-30 00:00:00
STU0044,Andhra University,Male,2026,Software Developer,6.67,79.6,0,3,0.0,1,Java,63.5,80,16.5,68.3,78,9.7,72.0,72,0.0,58.6,68,9.4,59.2,60,0.8,67.9,55,0.0,55.0,45,0.0,86.3,50,0.0,79.4,72,0.0,61.9,78,16.1,94.76,5.24,70.31,Low Gap,Not Placed,2025-01-07 00:00:00
STU0045,Vignan University,Male,2025,Full Stack Developer,9.26,75.8,1,4,0.0,0,JavaScript,75.6,82,6.4,74.0,76,2.0,79.6,70,0.0,88.5,88,0.0,89.7,62,0.0,76.5,50,0.0,83.1,42,0.0,98.0,58,0.0,86.7,74,0.0,75.6,80,4.4,98.72,1.28,82.24,Low Gap,Placed,2025-07-26 00:00:00
STU0046,KL University,Male,2027,Data Analyst,6.78,77.7,1,3,4.0,0,Java,93.7,72,0.0,75.9,65,0.0,87.4,78,0.0,95.0,62,0.0,69.3,55,0.0,87.8,78,0.0,74.3,35,0.0,72.7,40,0.0,83.5,75,0.0,95.1,72,0.0,100.0,0.0,87.04,Low Gap,Placed,2026-06-04 00:00:00
STU0047,Vignan University,Female,2027,Cloud Engineer,7.78,61.1,1,1,1.0,0,C++,87.2,70,0.0,71.1,68,0.0,89.6,62,0.0,78.5,55,0.0,71.1,88,16.9,59.3,58,0.0,57.3,45,0.0,48.3,82,33.7,77.1,70,0.0,75.3,76,0.7,94.86,5.14,72.63,Low Gap,Placed,2025-12-27 00:00:00
STU0048,Vignan University,Male,2026,Software Developer,7.36,75.3,1,3,1.0,1,C++,57.2,80,22.8,50.4,78,27.6,84.5,72,0.0,86.0,68,0.0,70.9,60,0.0,91.9,55,0.0,98.0,45,0.0,69.0,50,0.0,63.4,72,8.6,49.4,78,28.6,91.24,8.76,76.68,Low Gap,Placed,2025-06-10 00:00:00
STU0049,GITAM University,Male,2025,DevOps Engineer,9.18,80.1,0,2,3.0,1,C#,80.9,72,0.0,77.9,70,0.0,84.3,58,0.0,54.1,50,0.0,70.4,82,11.6,85.2,52,0.0,86.3,48,0.0,69.4,88,18.6,86.9,72,0.0,79.2,80,0.8,96.9,3.1,76.85,Low Gap,Not Placed,2025-12-11 00:00:00
STU0050,Andhra University,Female,2026,Full Stack Developer,7.19,,0,3,4.0,0,Python,61.9,82,20.1,47.7,76,28.3,79.6,70,0.0,79.5,88,8.5,80.8,62,0.0,95.1,50,0.0,81.1,42,0.0,72.8,58,0.0,77.3,74,0.0,59.0,80,21.0,92.21,7.79,75.54,Low Gap,Not Placed,2025-12-31 00:00:00
STU0051,GITAM University,Male,2027,DevOps Engineer,6.72,69.0,1,4,1.0,0,C#,63.6,72,8.4,47.7,70,22.3,90.9,58,0.0,83.3,50,0.0,63.0,82,19.0,98.0,52,0.0,83.0,48,0.0,67.3,88,20.7,,72,0.0,44.1,80,35.9,89.36,10.64,76.3,Moderate Gap,Placed,2025-12-09 00:00:00
STU0052,Vignan University,Male,2026,DevOps Engineer,9.55,79.6,2,1,3.0,1,Python,98.0,72,0.0,98.0,70,0.0,80.7,58,0.0,69.7,50,0.0,85.3,82,0.0,91.1,52,0.0,73.1,48,0.0,98.0,88,0.0,82.7,72,0.0,92.2,80,0.0,100.0,0.0,89.06,Low Gap,Placed,2025-01-02 00:00:00
STU0053,Vignan University,Male,2025,Full Stack Developer,8.04,73.3,0,3,2.0,0,Java,54.3,82,27.7,52.8,76,23.2,73.2,70,0.0,80.1,88,7.9,76.1,62,0.0,89.8,50,0.0,74.9,42,0.0,68.3,58,0.0,64.8,74,9.2,53.9,80,26.1,90.58,9.42,70.41,Low Gap,Placed,2026-01-13 00:00:00
STU0054,SRM University,Female,2025,Data Scientist,7.07,75.5,2,3,2.0,0,Java,87.7,78,0.0,84.2,75,0.0,98.0,72,0.0,62.7,55,0.0,80.6,52,0.0,84.5,88,3.5,81.9,40,0.0,74.7,45,0.0,94.9,75,0.0,92.7,82,0.0,99.65,0.35,89.1,Low Gap,Placed,2025-03-18 00:00:00
STU0055,KL University,Female,2025,Data Scientist,8.94,90.3,1,3,2.0,0,Java,97.0,78,0.0,80.6,75,0.0,64.7,72,7.3,97.0,55,0.0,86.5,52,0.0,87.5,88,0.5,94.2,40,0.0,68.8,45,0.0,65.4,75,9.6,80.3,82,1.7,98.09,1.91,82.8,Low Gap,Placed,2026-06-01 00:00:00
STU0056,KL University,Other,2027,Data Scientist,9.26,64.1,1,3,4.0,1,JavaScript,89.7,78,0.0,73.5,75,1.5,90.2,72,0.0,76.7,55,0.0,84.5,52,0.0,91.9,88,0.0,86.1,40,0.0,91.6,45,0.0,68.5,75,6.5,80.8,82,1.2,99.08,0.92,88.09,Low Gap,Placed,2026-02-04 00:00:00
STU0057,Andhra University,Male,2027,Cloud Engineer,,88.9,0,4,0.0,0,C++,81.6,70,0.0,92.7,68,0.0,78.4,62,0.0,98.0,55,0.0,73.1,88,14.9,71.6,58,0.0,62.7,45,0.0,58.1,82,23.9,76.8,70,0.0,87.5,76,0.0,96.11,3.89,74.67,Low Gap,Not Placed,2025-09-19 00:00:00
STU0058,GITAM University,Male,2027,DevOps Engineer,7.52,82.2,1,3,1.0,1,C#,45.1,72,26.9,69.4,70,0.6,77.8,58,0.0,70.4,50,0.0,,82,12.7,68.1,52,0.0,86.5,48,0.0,83.2,88,4.8,51.4,72,20.6,63.6,80,16.4,91.8,8.2,75.86,Low Gap,Placed,2025-12-02 00:00:00
STU0059,SRM University,Female,2026,Software Developer,8.01,91.0,0,3,1.0,0,C#,77.3,80,2.7,91.7,78,0.0,83.1,72,0.0,68.9,68,0.0,54.6,60,5.4,89.5,55,0.0,88.2,45,0.0,50.3,50,0.0,55.1,72,16.9,83.8,78,0.0,97.5,2.5,73.65,Low Gap,Placed,2025-04-09 00:00:00
STU0060,Andhra University,Female,2026,Cloud Engineer,8.31,95.7,0,2,0.0,0,JavaScript,88.8,70,0.0,86.1,68,0.0,77.7,62,0.0,83.2,55,0.0,80.7,88,7.3,93.2,58,0.0,59.9,45,0.0,77.2,82,4.8,73.3,70,0.0,90.4,76,0.0,98.79,1.21,72.77,Low Gap,Placed,2026-07-28 00:00:00
STU0061,Vignan University,Male,2025,Data Analyst,6.81,87.2,1,2,2.0,1,Python,69.4,72,2.6,77.5,65,0.0,80.7,78,0.0,55.2,62,6.8,49.9,55,5.1,70.8,78,7.2,66.2,35,0.0,77.5,40,0.0,73.0,75,2.0,75.7,72,0.0,97.63,2.37,78.31,Low Gap,Placed,2025-07-11 00:00:00
STU0062,Vignan University,Female,2027,Data Analyst,7.51,67.6,2,1,3.0,0,Python,69.5,72,2.5,84.8,65,0.0,89.0,78,0.0,77.7,62,0.0,84.0,55,0.0,66.7,78,11.3,76.4,35,0.0,60.1,40,0.0,71.6,75,3.4,75.6,72,0.0,98.29,1.71,83.4,Low Gap,Placed,2025-02-12 00:00:00
STU0063,KL University,Female,2026,DevOps Engineer,5.65,83.7,1,5,3.0,2,JavaScript,66.2,72,5.8,62.1,70,7.9,88.5,58,0.0,47.1,50,2.9,64.0,82,18.0,71.8,52,0.0,84.9,48,0.0,74.0,88,14.0,60.9,72,11.1,63.4,80,16.6,92.38,7.62,84.56,Low Gap,Placed,2025-05-29 00:00:00
STU0064,JNTU Kakinada,Male,2026,DevOps Engineer,8.06,82.4,1,2,0.0,0,JavaScript,83.4,72,0.0,98.0,70,0.0,75.8,58,0.0,83.7,50,0.0,47.8,82,34.2,60.0,52,0.0,69.0,48,0.0,77.2,88,10.8,86.9,72,0.0,82.2,80,0.0,95.5,4.5,74.9,Low Gap,Not Placed,2025-08-21 00:00:00
STU0065,SRM University,Female,2026,Full Stack Developer,7.99,88.6,2,3,0.0,1,Java,85.3,82,0.0,89.0,76,0.0,74.2,70,0.0,87.5,88,0.5,95.4,62,0.0,80.8,50,0.0,84.2,42,0.0,98.0,58,0.0,82.0,74,0.0,74.8,80,5.2,99.43,0.57,87.78,Low Gap,Placed,2025-05-08 00:00:00
STU0066,Andhra University,Other,2027,Software Developer,7.9,86.9,1,2,2.0,1,JavaScript,80.4,80,0.0,80.8,78,0.0,66.0,72,6.0,81.5,68,0.0,90.5,60,0.0,64.5,55,0.0,94.1,45,0.0,96.0,50,0.0,82.1,72,0.0,86.4,78,0.0,99.4,0.6,82.9,Low Gap,Placed,2025-03-11 00:00:00
STU0067,GITAM University,Female,2025,Cloud Engineer,8.07,85.0,1,3,1.0,1,C++,91.9,70,0.0,98.0,68,0.0,80.0,62,0.0,67.8,55,0.0,98.0,88,0.0,74.3,58,0.0,79.4,45,0.0,69.6,82,12.4,65.9,70,4.1,98.0,76,0.0,98.35,1.65,82.94,Low Gap,Placed,2025-11-15 00:00:00
STU0068,KL University,Female,2026,Full Stack Developer,8.26,82.7,1,2,2.0,0,C#,93.2,82,0.0,91.0,76,0.0,75.4,70,0.0,84.9,88,3.1,85.9,62,0.0,66.6,50,0.0,90.2,42,0.0,82.9,58,0.0,84.8,74,0.0,98.0,80,0.0,99.69,0.31,82.44,Low Gap,Not Placed,2026-05-20 00:00:00
STU0069,KL University,Female,2026,DevOps Engineer,8.17,97.1,1,4,3.0,1,C++,78.7,72,0.0,72.0,70,0.0,68.9,58,0.0,52.0,50,0.0,94.0,82,0.0,84.4,52,0.0,96.6,48,0.0,98.0,88,0.0,82.6,72,0.0,72.9,80,7.1,99.29,0.71,87.69,Low Gap,Placed,2026-02-12 00:00:00
STU0070,JNTU Kakinada,Female,2026,Data Scientist,7.46,90.0,3,3,1.0,2,Python,75.2,78,2.8,64.3,75,10.7,77.7,72,0.0,96.2,55,0.0,98.0,52,0.0,67.8,88,20.2,70.4,40,0.0,81.5,45,0.0,72.0,75,3.0,62.3,82,19.7,94.36,5.64,90.93,Low Gap,Placed,2026-03-02 00:00:00
STU0071,JNTU Kakinada,Male,2025,DevOps Engineer,6.71,87.1,1,3,3.0,1,Java,64.7,72,7.3,66.5,70,3.5,69.3,58,0.0,67.9,50,0.0,82.0,82,0.0,69.0,52,0.0,86.6,48,0.0,98.0,88,0.0,65.6,72,6.4,78.3,80,1.7,98.09,1.91,83.57,Low Gap,Placed,2026-06-01 00:00:00
STU0072,Vignan University,Female,2025,Data Analyst,6.94,60.7,1,3,0.0,1,C#,54.9,72,17.1,50.4,65,14.6,83.5,78,0.0,59.3,62,2.7,57.5,55,0.0,61.3,78,16.7,55.6,35,0.0,68.5,40,0.0,48.9,75,26.1,50.6,72,21.4,90.14,9.86,70.78,Low Gap,Not Placed,2025-01-26 00:00:00
STU0073,Andhra University,Female,2026,Cloud Engineer,7.46,100.0,0,3,2.0,0,Python,75.9,70,0.0,78.7,68,0.0,85.6,62,0.0,66.5,55,0.0,97.0,88,0.0,87.5,58,0.0,69.2,45,0.0,89.9,82,0.0,62.6,70,7.4,71.4,76,4.6,98.79,1.21,76.98,Low Gap,Not Placed,2025-09-16 00:00:00
STU0074,Andhra University,Male,2025,Cloud Engineer,8.42,77.1,2,3,0.0,0,C++,74.7,70,0.0,87.1,68,0.0,83.4,62,0.0,83.2,55,0.0,,88,4.2,87.2,58,0.0,81.0,45,0.0,84.1,82,0.0,72.1,70,0.0,72.6,76,3.4,99.24,0.76,84.93,Low Gap,Placed,2026-06-21 00:00:00
STU0075,JNTU Kakinada,Male,2027,Data Analyst,7.18,70.7,3,3,1.0,2,Python,82.7,72,0.0,83.1,65,0.0,63.3,78,14.7,92.3,62,0.0,88.1,55,0.0,72.5,78,5.5,80.1,35,0.0,91.8,40,0.0,79.2,75,0.0,79.7,72,0.0,97.98,2.02,93.97,Low Gap,Placed,2025-12-04 00:00:00
STU0076,Andhra University,Female,2026,DevOps Engineer,7.46,85.9,1,1,2.0,0,C++,76.0,72,0.0,77.0,70,0.0,77.5,58,0.0,81.9,50,0.0,66.9,82,15.1,64.3,52,0.0,56.9,48,0.0,88.9,88,0.0,79.3,72,0.0,78.5,80,1.5,98.34,1.66,76.67,Low Gap,Not Placed,2025-08-07 00:00:00
STU0077,Vignan University,Female,2025,DevOps Engineer,5.86,89.6,3,2,1.0,0,C#,77.0,72,0.0,69.6,70,0.4,81.5,58,0.0,67.8,50,0.0,79.2,82,2.8,69.9,52,0.0,81.9,48,0.0,80.4,88,7.6,66.7,72,5.3,79.0,80,1.0,98.29,1.71,87.32,Low Gap,Placed,2025-10-13 00:00:00
STU0078,KL University,Male,2026,DevOps Engineer,9.07,72.5,2,1,3.0,2,Python,70.2,72,1.8,73.2,70,0.0,98.0,58,0.0,81.7,50,0.0,81.0,82,1.0,83.8,52,0.0,96.9,48,0.0,71.9,88,16.1,90.4,72,0.0,73.0,80,7.0,97.4,2.6,87.93,Low Gap,Placed,2026-03-07 00:00:00
STU0079,Andhra University,Female,2025,Data Scientist,7.49,90.6,1,3,1.0,1,Python,76.7,78,1.3,68.5,75,6.5,72.8,72,0.0,65.7,55,0.0,98.0,52,0.0,73.7,88,14.3,77.3,40,0.0,82.4,45,0.0,61.5,75,13.5,73.9,82,8.1,95.63,4.37,79.55,Low Gap,Placed,2025-10-10 00:00:00
STU0080,Vignan University,Female,2027,DevOps Engineer,6.54,100.0,1,3,,1,C#,66.4,72,5.6,72.9,70,0.0,73.9,58,0.0,66.7,50,0.0,81.8,82,0.2,43.9,52,8.1,55.2,48,0.0,66.6,88,21.4,81.7,72,0.0,70.6,80,9.4,95.52,4.48,77.37,Low Gap,Not Placed,2025-07-02 00:00:00
STU0081,Andhra University,Female,2027,Data Scientist,7.28,76.1,1,3,1.0,2,Java,81.8,78,0.0,71.0,75,4.0,83.6,72,0.0,66.1,55,0.0,74.3,52,0.0,65.2,88,22.8,64.1,40,0.0,76.7,45,0.0,87.7,75,0.0,74.2,82,7.8,96.54,3.46,81.28,Low Gap,Placed,2026-01-13 00:00:00
STU0082,Vignan University,Male,2025,DevOps Engineer,7.21,72.2,1,1,1.0,2,C++,83.5,72,0.0,62.7,70,7.3,70.1,58,0.0,59.3,50,0.0,71.0,82,11.0,52.9,52,0.0,67.9,48,0.0,66.2,88,21.8,70.2,72,1.8,69.3,80,10.7,94.73,5.27,74.32,Low Gap,Placed,2025-02-18 00:00:00
STU0083,SRM University,Male,2025,DevOps Engineer,7.08,98.0,2,2,1.0,1,C++,93.1,72,0.0,98.0,70,0.0,79.8,58,0.0,79.5,50,0.0,74.8,82,7.2,86.1,52,0.0,85.9,48,0.0,55.4,88,32.6,55.3,72,16.7,98.0,80,0.0,94.35,5.65,83.63,Low Gap,Placed,2025-07-15 00:00:00
STU0084,Andhra University,Female,2026,Data Scientist,7.27,82.4,1,3,0.0,0,C#,70.0,78,8.0,63.3,75,11.7,57.8,72,14.2,52.4,55,2.6,87.2,52,0.0,94.7,88,0.0,66.4,40,0.0,71.4,45,0.0,74.3,75,0.7,65.9,82,16.1,94.67,5.33,74.71,Low Gap,Placed,2025-12-29 00:00:00
STU0085,SRM University,Female,2025,DevOps Engineer,6.16,78.8,2,2,3.0,0,C++,74.7,72,0.0,70.5,70,0.0,53.4,58,4.6,54.0,50,0.0,78.2,82,3.8,,52,4.6,74.1,48,0.0,57.7,88,30.3,51.0,72,21.0,81.2,80,0.0,93.57,6.43,79.87,Low Gap,Placed,2026-05-12 00:00:00
STU0086,GITAM University,Female,2027,Data Scientist,6.9,64.2,1,2,1.0,1,C++,75.4,78,2.6,58.3,75,16.7,63.0,72,9.0,79.6,55,0.0,,52,0.0,51.6,88,36.4,72.3,40,0.0,60.8,45,0.0,73.1,75,1.9,68.6,82,13.4,92.0,8.0,74.18,Low Gap,Placed,2025-05-20 00:00:00
STU0087,Andhra University,Female,2025,DevOps Engineer,7.07,89.9,2,5,0.0,0,C++,80.9,72,0.0,98.0,70,0.0,84.1,58,0.0,93.6,50,0.0,63.7,82,18.3,71.0,52,0.0,88.7,48,0.0,72.4,88,15.6,82.7,72,0.0,87.6,80,0.0,96.61,3.39,88.15,Low Gap,Placed,2025-12-31 00:00:00
STU0088,Andhra University,Other,2026,DevOps Engineer,7.33,92.5,2,1,2.0,0,Python,73.3,72,0.0,66.0,70,4.0,78.1,58,0.0,98.0,50,0.0,72.9,82,9.1,87.2,52,0.0,89.0,48,0.0,70.9,88,17.1,61.4,72,10.6,63.4,80,16.6,94.26,5.74,80.22,Low Gap,Not Placed,2025-10-30 00:00:00
STU0089,JNTU Kakinada,Male,2026,Full Stack Developer,8.01,88.4,0,4,2.0,1,C++,85.1,82,0.0,84.2,76,0.0,68.9,70,1.1,80.6,88,7.4,68.2,62,0.0,77.8,50,0.0,58.4,42,0.0,58.5,58,0.0,73.4,74,0.6,83.7,80,0.0,99.09,0.91,79.25,Low Gap,Placed,2026-01-10 00:00:00
STU0090,GITAM University,Male,2026,Data Analyst,8.09,80.5,1,2,1.0,2,C++,66.3,72,5.7,76.3,65,0.0,83.2,78,0.0,71.4,62,0.0,82.4,55,0.0,56.3,78,21.7,73.2,35,0.0,75.7,40,0.0,77.5,75,0.0,65.3,72,6.7,96.58,3.42,78.78,Low Gap,Not Placed,2025-01-23 00:00:00
STU0091,Andhra University,Female,2027,Cloud Engineer,6.72,89.0,2,4,2.0,1,Java,65.8,70,4.2,73.4,68,0.0,70.8,62,0.0,90.4,55,0.0,57.7,88,30.3,79.3,58,0.0,83.7,45,0.0,68.3,82,13.7,56.3,70,13.7,62.4,76,13.6,92.45,7.55,85.34,Low Gap,Placed,2026-07-31 00:00:00
STU0092,KL University,Male,2025,Cloud Engineer,8.5,89.7,3,3,1.0,2,Java,90.5,70,0.0,80.2,68,0.0,92.8,62,0.0,89.7,55,0.0,82.1,88,5.9,78.6,58,0.0,93.6,45,0.0,95.3,82,0.0,65.9,70,4.1,88.1,76,0.0,98.99,1.01,95.75,Low Gap,Placed,2026-06-17 00:00:00
STU0093,Andhra University,Female,2025,Software Developer,7.93,80.9,1,3,1.0,0,C++,59.7,80,20.3,67.4,78,10.6,91.3,72,0.0,72.7,68,0.0,71.8,60,0.0,82.3,55,0.0,72.1,45,0.0,98.0,50,0.0,63.7,72,8.3,74.7,78,3.3,95.75,4.25,78.2,Low Gap,Placed,2025-10-01 00:00:00
STU0094,Vignan University,Female,2027,Full Stack Developer,7.27,83.7,1,3,0.0,0,Python,70.4,82,11.6,68.5,76,7.5,73.6,70,0.0,53.8,88,34.2,58.5,62,3.5,69.5,50,0.0,40.5,42,1.5,81.5,58,0.0,68.8,74,5.2,73.2,80,6.8,92.97,7.03,72.59,Low Gap,Placed,2025-08-18 00:00:00
STU0095,KL University,Male,2025,Cloud Engineer,7.41,83.7,1,1,,1,JavaScript,43.4,70,26.6,34.0,68,34.0,81.2,62,0.0,53.1,55,1.9,77.4,88,10.6,77.5,58,0.0,42.1,45,2.9,58.1,82,23.9,90.1,70,0.0,33.1,76,42.9,85.73,14.27,66.28,Moderate Gap,Placed,2025-08-06 00:00:00
STU0096,Vignan University,Male,2026,Cloud Engineer,7.51,86.8,0,3,0.0,0,Python,70.5,70,0.0,76.9,68,0.0,57.9,62,4.1,74.6,55,0.0,86.8,88,1.2,73.8,58,0.0,65.4,45,0.0,54.3,82,27.7,67.7,70,2.3,78.2,76,0.0,96.47,3.53,70.59,Low Gap,Placed,2026-07-23 00:00:00
STU0097,Andhra University,Female,2026,Data Analyst,6.73,80.6,3,3,0.0,1,Java,70.6,72,1.4,73.1,65,0.0,87.1,78,0.0,69.6,62,0.0,98.0,55,0.0,54.2,78,23.8,70.2,35,0.0,76.0,40,0.0,67.2,75,7.8,74.5,72,0.0,96.71,3.29,88.23,Low Gap,Placed,2025-10-01 00:00:00
STU0098,Andhra University,Female,2026,Data Analyst,7.87,,2,3,3.0,3,C++,98.0,72,0.0,98.0,65,0.0,78.5,78,0.0,73.5,62,0.0,94.8,55,0.0,79.4,78,0.0,63.7,35,0.0,89.0,40,0.0,87.6,75,0.0,94.2,72,0.0,100.0,0.0,95.7,Low Gap,Placed,2025-09-12 00:00:00
STU0099,Vignan University,Female,2025,Data Analyst,8.71,82.6,1,2,1.0,2,Python,78.1,72,0.0,87.4,65,0.0,43.4,78,34.6,98.0,62,0.0,69.4,55,0.0,81.1,78,0.0,57.7,35,0.0,73.1,40,0.0,82.4,75,0.0,80.8,72,0.0,96.54,3.46,79.48,Low Gap,Placed,2025-07-12 00:00:00
STU0100,Vignan University,Female,2027,DevOps Engineer,8.13,97.2,1,3,1.0,2,JavaScript,73.6,72,0.0,72.5,70,0.0,66.6,58,0.0,97.0,50,0.0,73.5,82,8.5,62.9,52,0.0,82.5,48,0.0,69.6,88,18.4,90.3,72,0.0,63.4,80,16.6,95.66,4.34,81.11,Low Gap,Placed,2026-02-25 00:00:00
STU0101,Andhra University,Female,2026,Cloud Engineer,8.43,88.7,1,2,2.0,1,C#,72.3,70,0.0,67.8,68,0.2,87.5,62,0.0,48.5,55,6.5,70.4,88,17.6,66.9,58,0.0,66.8,45,0.0,70.2,82,11.8,62.4,70,7.6,78.0,76,0.0,95.63,4.37,77.26,Low Gap,Placed,2026-02-15 00:00:00
STU0102,KL University,Male,2027,Full Stack Developer,6.64,69.6,2,3,0.0,0,Java,65.3,82,16.7,66.6,76,9.4,64.8,70,5.2,49.9,88,38.1,72.5,62,0.0,67.0,50,0.0,98.0,42,0.0,76.6,58,0.0,69.9,74,4.1,76.2,80,3.8,92.28,7.72,78.74,Low Gap,Placed,2026-07-17 00:00:00
STU0103,SRM University,Male,2025,Data Scientist,7.38,84.0,0,4,1.0,0,Python,80.5,78,0.0,74.5,75,0.5,81.6,72,0.0,86.4,55,0.0,92.4,52,0.0,47.0,88,41.0,70.6,40,0.0,49.2,45,0.0,75.7,75,0.0,79.6,82,2.4,95.6,4.4,74.64,Low Gap,Not Placed,2025-11-11 00:00:00
STU0104,Vignan University,Male,2026,Software Developer,8.6,61.0,1,3,0.0,3,JavaScript,91.6,80,0.0,84.9,78,0.0,71.8,72,0.2,82.4,68,0.0,87.5,60,0.0,57.5,55,0.0,87.6,45,0.0,75.5,50,0.0,77.2,72,0.0,88.4,78,0.0,99.98,0.02,84.62,Low Gap,Placed,2025-05-04 00:00:00
STU0105,JNTU Kakinada,Male,2026,Data Scientist,7.31,70.5,3,3,2.0,1,Python,72.6,78,5.4,77.3,75,0.0,78.4,72,0.0,74.0,55,0.0,75.2,52,0.0,83.9,88,4.1,75.3,40,0.0,66.4,45,0.0,74.6,75,0.4,79.6,82,2.4,98.77,1.23,92.67,Low Gap,Placed,2026-01-27 00:00:00
STU0106,JNTU Kakinada,Female,2026,Data Analyst,7.47,95.6,2,3,1.0,0,C#,73.1,72,0.0,72.9,65,0.0,72.5,78,5.5,59.5,62,2.5,78.9,55,0.0,91.8,78,0.0,65.0,35,0.0,81.5,40,0.0,60.6,75,14.4,74.4,72,0.0,97.75,2.25,83.39,Low Gap,Placed,2026-01-02 00:00:00
STU0107,GITAM University,Female,2026,Full Stack Developer,8.25,71.7,2,3,1.0,0,Python,93.0,82,0.0,75.6,76,0.4,87.4,70,0.0,84.8,88,3.2,85.4,62,0.0,64.8,50,0.0,93.3,42,0.0,94.8,58,0.0,81.1,74,0.0,87.9,80,0.0,99.65,0.35,87.79,Low Gap,Placed,2025-08-25 00:00:00
STU0108,Andhra University,Male,2027,Data Analyst,7.55,81.8,0,4,3.0,0,Java,74.2,72,0.0,69.8,65,0.0,57.0,78,21.0,97.3,62,0.0,92.8,55,0.0,60.8,78,17.2,84.5,35,0.0,70.2,40,0.0,62.5,75,12.5,66.5,72,5.5,94.37,5.63,77.04,Low Gap,Placed,2025-10-23 00:00:00
STU0109,Andhra University,Male,2025,Software Developer,7.14,84.2,3,4,2.0,2,Java,86.0,80,0.0,94.7,78,0.0,90.8,72,0.0,70.2,68,0.0,95.5,60,0.0,95.7,55,0.0,75.9,45,0.0,85.5,50,0.0,59.2,72,12.8,98.0,78,0.0,98.72,1.28,98.97,Low Gap,Placed,2026-07-22 00:00:00
STU0110,SRM University,Female,2026,Data Scientist,6.5,91.5,1,3,0.0,1,C++,74.7,78,3.3,62.6,75,12.4,37.0,72,35.0,75.0,55,0.0,85.6,52,0.0,74.2,88,13.8,53.7,40,0.0,59.8,45,0.0,63.6,75,11.4,68.4,82,13.6,91.06,8.94,73.12,Low Gap,Not Placed,2025-12-07 00:00:00
STU0111,SRM University,Female,2027,DevOps Engineer,8.28,90.6,2,3,2.0,0,JavaScript,84.0,72,0.0,87.7,70,0.0,65.8,58,0.0,89.5,50,0.0,82.0,82,0.0,87.1,52,0.0,86.6,48,0.0,86.8,88,1.2,57.5,72,14.5,94.5,80,0.0,98.43,1.57,87.94,Low Gap,Placed,2025-08-01 00:00:00
STU0112,GITAM University,Female,2027,Data Scientist,6.98,84.8,2,4,1.0,0,Java,53.0,78,25.0,46.3,75,28.7,78.4,72,0.0,74.4,55,0.0,56.8,52,0.0,98.0,88,0.0,71.2,40,0.0,76.2,45,0.0,81.3,75,0.0,50.3,82,31.7,91.46,8.54,81.23,Low Gap,Placed,2025-10-16 00:00:00
STU0113,Vignan University,Male,2025,Data Scientist,7.03,70.7,0,2,1.0,1,JavaScript,47.5,78,30.5,20.0,75,55.0,76.3,72,0.0,89.1,55,0.0,45.0,52,7.0,41.5,88,46.5,86.5,40,0.0,68.7,45,0.0,72.1,75,2.9,33.8,82,48.2,80.98,19.02,60.85,Moderate Gap,Not Placed,2025-07-24 00:00:00
STU0114,Vignan University,Male,2027,Data Analyst,8.34,72.8,2,4,2.0,3,Python,85.8,72,0.0,89.5,65,0.0,98.0,78,0.0,90.4,62,0.0,95.7,55,0.0,96.6,78,0.0,82.7,35,0.0,94.1,40,0.0,84.5,75,0.0,95.0,72,0.0,100.0,0.0,97.87,Low Gap,Placed,2025-12-02 00:00:00
STU0115,Andhra University,Male,2027,Full Stack Developer,8.67,82.4,1,3,0.0,0,C++,68.2,82,13.8,69.1,76,6.9,78.6,70,0.0,71.9,88,16.1,85.8,62,0.0,70.0,50,0.0,80.8,42,0.0,93.1,58,0.0,75.5,74,0.0,68.7,80,11.3,95.18,4.82,76.68,Low Gap,Placed,2025-07-25 00:00:00
STU0116,GITAM University,Male,2025,Cloud Engineer,7.14,80.8,3,3,2.0,2,C#,77.3,70,0.0,83.1,68,0.0,65.4,62,0.0,83.3,55,0.0,75.1,88,12.9,98.0,58,0.0,55.6,45,0.0,56.1,82,25.9,86.8,70,0.0,74.6,76,1.4,95.98,4.02,92.85,Low Gap,Placed,2025-08-08 00:00:00
STU0117,GITAM University,Male,2027,DevOps Engineer,8.23,84.8,1,3,0.0,0,C#,65.3,72,6.7,65.5,70,4.5,69.5,58,0.0,65.0,50,0.0,68.0,82,14.0,68.9,52,0.0,87.3,48,0.0,75.2,88,12.8,88.0,72,0.0,62.0,80,18.0,94.4,5.6,74.92,Low Gap,Placed,2026-01-04 00:00:00
STU0118,GITAM University,Male,2026,Full Stack Developer,7.26,74.7,1,4,1.0,0,Python,83.6,82,0.0,79.0,76,0.0,80.7,70,0.0,72.9,88,15.1,90.5,62,0.0,83.6,50,0.0,84.6,42,0.0,69.8,58,0.0,66.9,74,7.1,87.8,80,0.0,97.78,2.22,82.48,Low Gap,Placed,2025-04-30 00:00:00
STU0119,Andhra University,Female,2027,Full Stack Developer,7.34,88.6,2,5,2.0,2,JavaScript,90.9,82,0.0,98.0,76,0.0,94.3,70,0.0,92.6,88,0.0,73.0,62,0.0,82.3,50,0.0,84.7,42,0.0,83.6,58,0.0,77.1,74,0.0,85.2,80,0.0,100.0,0.0,96.85,Low Gap,Placed,2025-07-26 00:00:00
STU0120,Andhra University,Male,2025,DevOps Engineer,8.66,67.1,0,3,2.0,1,Java,57.9,72,14.1,42.4,70,27.6,62.8,58,0.0,88.3,50,0.0,78.0,82,4.0,57.8,52,0.0,58.9,48,0.0,93.8,88,0.0,76.1,72,0.0,58.1,80,21.9,93.24,6.76,72.68,Low Gap,Placed,2025-01-14 00:00:00
STU0121,KL University,Male,2027,Data Scientist,6.75,95.3,3,2,1.0,1,C++,90.5,78,0.0,85.1,75,0.0,69.4,72,2.6,72.5,55,0.0,93.1,52,0.0,98.0,88,0.0,85.1,40,0.0,67.8,45,0.0,85.4,75,0.0,90.2,82,0.0,99.74,0.26,91.99,Low Gap,Placed,2025-04-28 00:00:00
STU0122,Vignan University,Other,2025,Data Analyst,8.28,72.1,1,2,3.0,1,Java,73.7,72,0.0,68.3,65,0.0,90.8,78,0.0,67.8,62,0.0,75.7,55,0.0,88.7,78,0.0,80.6,35,0.0,81.5,40,0.0,77.0,75,0.0,69.9,72,2.1,99.79,0.21,83.12,Low Gap,Placed,2025-03-29 00:00:00
STU0123,KL University,Female,2025,Software Developer,7.83,82.7,1,4,0.0,0,JavaScript,81.4,80,0.0,73.3,78,4.7,69.3,72,2.7,75.2,68,0.0,69.4,60,0.0,68.8,55,0.0,56.5,45,0.0,74.5,50,0.0,60.0,72,12.0,84.7,78,0.0,98.06,1.94,78.52,Low Gap,Placed,2025-02-08 00:00:00
STU0124,JNTU Kakinada,Male,2026,Cloud Engineer,6.99,87.4,0,3,2.0,0,JavaScript,63.6,70,6.4,51.6,68,16.4,60.1,62,1.9,77.2,55,0.0,48.9,88,39.1,66.0,58,0.0,73.9,45,0.0,72.5,82,9.5,46.6,70,23.4,56.9,76,19.1,88.43,11.57,67.31,Moderate Gap,Placed,2025-09-04 00:00:00
STU0125,GITAM University,Male,2025,Data Analyst,8.99,79.1,1,3,2.0,2,Python,87.8,72,0.0,95.3,65,0.0,79.7,78,0.0,93.2,62,0.0,82.5,55,0.0,66.2,78,11.8,82.4,35,0.0,98.0,40,0.0,57.5,75,17.5,89.0,72,0.0,97.07,2.93,85.63,Low Gap,Placed,2025-12-11 00:00:00
STU0126,GITAM University,Female,2026,Software Developer,6.86,84.4,1,3,1.0,0,C#,56.6,80,23.4,50.3,78,27.7,82.1,72,0.0,61.0,68,7.0,76.5,60,0.0,56.2,55,0.0,75.2,45,0.0,60.8,50,0.0,65.0,72,7.0,56.2,78,21.8,91.32,8.68,72.79,Low Gap,Not Placed,2025-03-13 00:00:00
STU0127,GITAM University,Male,2027,Data Analyst,7.03,79.9,1,4,2.0,0,Java,62.6,72,9.4,39.8,65,25.2,80.8,78,0.0,72.2,62,0.0,,55,0.0,65.2,78,12.8,82.3,35,0.0,90.6,40,0.0,67.8,75,7.2,47.1,72,24.9,92.05,7.95,77.65,Low Gap,Not Placed,2025-04-19 00:00:00
STU0128,KL University,Female,2025,Data Scientist,6.87,88.7,1,4,1.0,1,C++,86.9,78,0.0,73.6,75,1.4,82.2,72,0.0,72.3,55,0.0,97.1,52,0.0,88.5,88,0.0,83.9,40,0.0,76.5,45,0.0,65.2,75,9.8,91.0,82,0.0,98.89,1.11,85.02,Low Gap,Placed,2026-01-19 00:00:00
STU0129,GITAM University,Female,2025,Software Developer,7.37,84.6,0,3,0.0,0,JavaScript,62.0,80,18.0,52.6,78,25.4,50.6,72,21.4,77.8,68,0.0,63.8,60,0.0,55.2,55,0.0,63.4,45,0.0,83.9,50,0.0,78.1,72,0.0,62.6,78,15.4,91.98,8.02,66.89,Low Gap,Not Placed,2026-01-25 00:00:00
STU0130,Andhra University,Female,2027,Data Scientist,9.08,95.8,0,3,0.0,3,C#,80.7,78,0.0,68.9,75,6.1,81.4,72,0.0,87.4,55,0.0,61.5,52,0.0,64.9,88,23.1,92.8,40,0.0,83.0,45,0.0,90.9,75,0.0,81.7,82,0.3,97.05,2.95,77.96,Low Gap,Placed,2026-05-09 00:00:00
STU0131,Andhra University,Female,2025,Cloud Engineer,6.94,70.7,2,5,0.0,0,C++,64.4,70,5.6,71.1,68,0.0,76.9,62,0.0,83.4,55,0.0,57.8,88,30.2,77.7,58,0.0,98.0,45,0.0,73.1,82,8.9,74.5,70,0.0,68.9,76,7.1,94.83,5.17,85.05,Low Gap,Placed,2025-09-28 00:00:00
STU0132,Vignan University,Female,2025,Data Analyst,8.16,88.5,1,4,1.0,0,Java,86.6,72,0.0,84.3,65,0.0,70.0,78,8.0,83.1,62,0.0,82.3,55,0.0,93.6,78,0.0,84.8,35,0.0,76.3,40,0.0,75.3,75,0.0,87.7,72,0.0,99.2,0.8,83.86,Low Gap,Placed,2025-10-29 00:00:00
STU0133,JNTU Kakinada,Male,2027,DevOps Engineer,7.27,80.8,0,1,1.0,0,C#,65.0,72,7.0,60.9,70,9.1,55.3,58,2.7,84.2,50,0.0,72.2,82,9.8,65.3,52,0.0,62.1,48,0.0,60.6,88,27.4,71.4,72,0.6,58.5,80,21.5,92.2,7.8,64.66,Low Gap,Placed,2026-07-25 00:00:00
STU0134,GITAM University,Male,2025,Cloud Engineer,6.93,85.9,2,4,1.0,0,Java,74.9,70,0.0,64.9,68,3.1,74.5,62,0.0,71.9,55,0.0,73.8,88,14.2,60.7,58,0.0,80.3,45,0.0,79.2,82,2.8,73.0,70,0.0,71.8,76,4.2,97.57,2.43,85.16,Low Gap,Placed,2025-07-27 00:00:00
STU0135,GITAM University,Female,2027,DevOps Engineer,7.55,,1,4,0.0,0,C#,80.4,72,0.0,67.0,70,3.0,65.1,58,0.0,47.8,50,2.2,79.6,82,2.4,72.4,52,0.0,78.7,48,0.0,98.0,88,0.0,72.7,72,0.0,71.5,80,8.5,98.38,1.62,79.27,Low Gap,Placed,2026-06-10 00:00:00
STU0136,KL University,Female,2025,Data Scientist,7.64,,1,2,2.0,2,Java,72.2,78,5.8,73.2,75,1.8,70.9,72,1.1,85.3,55,0.0,72.7,52,0.0,73.6,88,14.4,80.7,40,0.0,76.9,45,0.0,59.9,75,15.1,67.8,82,14.2,94.75,5.25,79.63,Low Gap,Placed,2025-07-09 00:00:00
STU0137,JNTU Kakinada,Male,2026,Data Scientist,,67.8,2,5,0.0,2,Python,96.9,78,0.0,96.4,75,0.0,98.0,72,0.0,73.7,55,0.0,98.0,52,0.0,84.7,88,3.3,98.0,40,0.0,74.4,45,0.0,68.3,75,6.7,98.0,82,0.0,99.0,1.0,94.14,Low Gap,Placed,2025-01-06 00:00:00
STU0138,GITAM University,Male,2025,DevOps Engineer,8.53,80.7,2,3,2.0,1,C#,87.5,72,0.0,70.8,70,0.0,98.0,58,0.0,76.3,50,0.0,77.0,82,5.0,88.3,52,0.0,88.6,48,0.0,72.2,88,15.8,72.8,72,0.0,89.5,80,0.0,97.92,2.08,89.19,Low Gap,Not Placed,2025-03-17 00:00:00
STU0139,Andhra University,Female,2025,Software Developer,7.44,90.5,1,5,2.0,0,C#,61.1,80,18.9,48.3,78,29.7,89.9,72,0.0,92.4,68,0.0,69.2,60,0.0,97.4,55,0.0,76.5,45,0.0,70.6,50,0.0,58.5,72,13.5,48.4,78,29.6,90.83,9.17,80.24,Low Gap,Placed,2025-02-23 00:00:00
STU0140,KL University,Male,2025,Data Analyst,6.83,85.9,3,4,1.0,0,Java,90.3,72,0.0,77.3,65,0.0,98.0,78,0.0,80.8,62,0.0,82.5,55,0.0,83.0,78,0.0,73.7,35,0.0,98.0,40,0.0,63.4,75,11.6,75.7,72,0.0,98.84,1.16,93.66,Low Gap,Placed,2026-04-10 00:00:00
STU0141,SRM University,Male,2026,Cloud Engineer,6.01,76.5,2,2,0.0,1,JavaScript,66.2,70,3.8,62.4,68,5.6,43.1,62,18.9,58.2,55,0.0,74.4,88,13.6,,58,20.2,69.3,45,0.0,52.1,82,29.9,53.4,70,16.6,63.1,76,12.9,87.84,12.16,72.43,Moderate Gap,Placed,2025-05-26 00:00:00
STU0142,JNTU Kakinada,Female,2025,Data Scientist,6.52,73.5,1,2,2.0,2,Java,74.7,78,3.3,69.4,75,5.6,58.4,72,13.6,49.8,55,5.2,61.4,52,0.0,79.1,88,8.9,73.6,40,0.0,79.1,45,0.0,81.6,75,0.0,66.6,82,15.4,94.79,5.21,78.46,Low Gap,Placed,2025-10-27 00:00:00
STU0143,Andhra University,Female,2026,Cloud Engineer,8.31,98.5,2,2,1.0,1,C#,64.2,70,5.8,52.6,68,15.4,91.1,62,0.0,60.0,55,0.0,78.1,88,9.9,87.8,58,0.0,84.8,45,0.0,87.7,82,0.0,65.3,70,4.7,53.7,76,22.3,94.19,5.81,81.15,Low Gap,Placed,2025-04-18 00:00:00
STU0144,JNTU Kakinada,Female,2025,Data Scientist,8.26,77.9,2,3,1.0,1,Java,92.5,78,0.0,97.6,75,0.0,98.0,72,0.0,92.8,55,0.0,72.6,52,0.0,90.5,88,0.0,69.3,40,0.0,89.2,45,0.0,78.2,75,0.0,98.0,82,0.0,100.0,0.0,90.36,Low Gap,Placed,2026-07-07 00:00:00
STU0145,SRM University,Female,2026,Cloud Engineer,7.27,63.8,0,2,0.0,0,JavaScript,49.8,70,20.2,31.1,68,36.9,47.3,62,14.7,64.9,55,0.0,74.7,88,13.3,47.6,58,10.4,64.9,45,0.0,73.9,82,8.1,,70,2.7,47.9,76,28.1,86.55,13.45,60.03,Moderate Gap,Placed,2025-02-05 00:00:00
STU0146,Andhra University,Female,2027,Cloud Engineer,8.22,67.7,2,3,1.0,0,C#,90.5,70,0.0,56.6,68,11.4,81.7,62,0.0,77.3,55,0.0,86.5,88,1.5,78.0,58,0.0,67.4,45,0.0,81.0,82,1.0,70.3,70,0.0,78.3,76,0.0,98.61,1.39,84.91,Low Gap,Placed,2025-07-25 00:00:00
STU0147,SRM University,Male,2025,Software Developer,6.68,83.6,0,4,3.0,2,C#,73.7,80,6.3,70.8,78,7.2,66.9,72,5.1,86.5,68,0.0,65.7,60,0.0,56.0,55,0.0,58.6,45,0.0,71.4,50,0.0,63.3,72,8.7,79.0,78,0.0,97.25,2.75,80.02,Low Gap,Placed,2025-11-22 00:00:00
STU0148,Andhra University,Male,2027,Cloud Engineer,6.0,83.9,2,4,2.0,2,C#,63.0,70,7.0,51.2,68,16.8,75.4,62,0.0,61.2,55,0.0,80.8,88,7.2,98.0,58,0.0,63.2,45,0.0,71.0,82,11.0,90.9,70,0.0,65.0,76,11.0,94.7,5.3,88.2,Low Gap,Placed,2025-07-30 00:00:00
STU0149,SRM University,Female,2027,Data Analyst,7.9,80.4,1,2,1.0,1,Python,62.2,72,9.8,66.5,65,0.0,74.3,78,3.7,78.8,62,0.0,65.4,55,0.0,87.8,78,0.0,74.4,35,0.0,82.2,40,0.0,58.2,75,16.8,65.7,72,6.3,96.34,3.66,76.82,Low Gap,Placed,2025-08-03 00:00:00
STU0150,GITAM University,Male,2025,Data Analyst,8.47,80.7,0,2,0.0,1,Python,87.3,72,0.0,81.7,65,0.0,70.8,78,7.2,61.5,62,0.5,97.8,55,0.0,59.6,78,18.4,44.3,35,0.0,90.2,40,0.0,66.2,75,8.8,80.5,72,0.0,96.5,3.5,71.12,Low Gap,Placed,2025-11-02 00:00:00
STU0151,GITAM University,Male,2027,Cloud Engineer,6.71,78.8,2,2,0.0,1,Python,82.0,70,0.0,72.3,68,0.0,47.9,62,14.1,81.1,55,0.0,72.3,88,15.7,86.8,58,0.0,71.6,45,0.0,60.6,82,21.4,63.9,70,6.1,74.1,76,1.9,94.08,5.92,79.22,Low Gap,Placed,2026-06-13 00:00:00
STU0152,Vignan University,Male,2025,Cloud Engineer,6.68,76.4,2,5,1.0,0,Java,66.5,70,3.5,77.3,68,0.0,66.4,62,0.0,66.8,55,0.0,59.2,88,28.8,93.8,58,0.0,83.8,45,0.0,48.7,82,33.3,62.1,70,7.9,77.8,76,0.0,92.65,7.35,84.27,Low Gap,Placed,2026-06-25 00:00:00
STU0153,SRM University,Male,2027,Cloud Engineer,7.42,79.6,1,4,3.0,2,Java,76.1,70,0.0,71.8,68,0.0,71.6,62,0.0,69.5,55,0.0,70.1,88,17.9,79.4,58,0.0,50.1,45,0.0,61.2,82,20.8,65.2,70,4.8,73.7,76,2.3,95.42,4.58,84.1,Low Gap,Placed,2026-03-29 00:00:00
STU0154,Vignan University,Male,2025,Data Scientist,7.59,76.7,1,2,0.0,0,JavaScript,73.0,78,5.0,71.1,75,3.9,68.5,72,3.5,73.6,55,0.0,40.2,52,11.8,41.7,88,46.3,66.1,40,0.0,67.8,45,0.0,62.1,75,12.9,72.9,82,9.1,90.75,9.25,68.95,Low Gap,Placed,2026-05-11 00:00:00
STU0155,JNTU Kakinada,Male,2027,Software Developer,5.48,94.2,1,3,1.0,0,JavaScript,74.0,80,6.0,89.8,78,0.0,55.2,72,16.8,72.3,68,0.0,68.2,60,0.0,61.9,55,0.0,77.9,45,0.0,51.8,50,0.0,56.2,72,15.8,74.9,78,3.1,95.83,4.17,76.09,Low Gap,Not Placed,2025-11-19 00:00:00
STU0156,Andhra University,Male,2025,DevOps Engineer,7.65,70.6,1,2,1.0,1,Python,77.2,72,0.0,89.6,70,0.0,59.2,58,0.0,83.0,50,0.0,76.2,82,5.8,85.4,52,0.0,57.7,48,0.0,98.0,88,0.0,81.1,72,0.0,79.2,80,0.8,99.33,0.67,80.3,Low Gap,Placed,2025-10-16 00:00:00
STU0157,Andhra University,Female,2026,DevOps Engineer,6.96,85.8,1,3,1.0,1,C++,60.9,72,11.1,57.8,70,12.2,65.5,58,0.0,58.4,50,0.0,70.1,82,11.9,97.3,52,0.0,50.5,48,0.0,59.8,88,28.2,93.0,72,0.0,50.7,80,29.3,90.72,9.28,74.74,Low Gap,Placed,2025-10-30 00:00:00
STU0158,Vignan University,Female,2025,Data Scientist,8.88,89.9,1,4,2.0,1,C#,73.7,78,4.3,72.9,75,2.1,86.2,72,0.0,80.2,55,0.0,67.8,52,0.0,90.8,88,0.0,98.0,40,0.0,64.5,45,0.0,61.8,75,13.2,72.5,82,9.5,97.09,2.91,84.24,Low Gap,Placed,2025-05-26 00:00:00
STU0159,JNTU Kakinada,Male,2025,Full Stack Developer,6.52,89.7,1,2,1.0,0,C++,82.4,82,0.0,98.0,76,0.0,49.9,70,20.1,78.4,88,9.6,58.4,62,3.6,54.3,50,0.0,63.7,42,0.0,63.5,58,0.0,57.4,74,16.6,80.6,80,0.0,95.01,4.99,73.85,Low Gap,Not Placed,2026-05-06 00:00:00
STU0160,SRM University,Male,2026,Data Analyst,7.71,75.5,2,1,1.0,1,C++,54.9,72,17.1,57.4,65,7.6,85.6,78,0.0,96.5,62,0.0,82.7,55,0.0,,78,0.0,76.0,35,0.0,81.4,40,0.0,67.2,75,7.8,52.8,72,19.2,94.83,5.17,79.69,Low Gap,Placed,2026-01-11 00:00:00
STU0161,GITAM University,Female,2025,Software Developer,,91.7,1,2,3.0,1,C++,71.7,80,8.3,50.0,78,28.0,82.2,72,0.0,82.7,68,0.0,62.1,60,0.0,70.5,55,0.0,88.2,45,0.0,84.6,50,0.0,90.7,72,0.0,61.2,78,16.8,94.69,5.31,79.93,Low Gap,Placed,2026-04-12 00:00:00
STU0162,Andhra University,Male,2027,Software Developer,6.84,92.1,0,3,1.0,0,Java,59.8,80,20.2,66.7,78,11.3,70.1,72,1.9,78.4,68,0.0,61.6,60,0.0,70.9,55,0.0,59.7,45,0.0,98.0,50,0.0,77.8,72,0.0,60.3,78,17.7,94.89,5.11,71.3,Low Gap,Placed,2025-06-01 00:00:00
STU0163,Andhra University,Male,2025,Cloud Engineer,7.9,84.8,0,5,1.0,1,Python,86.7,70,0.0,85.5,68,0.0,76.3,62,0.0,82.0,55,0.0,90.3,88,0.0,88.4,58,0.0,64.2,45,0.0,87.8,82,0.0,86.8,70,0.0,85.1,76,0.0,100.0,0.0,82.99,Low Gap,Placed,2026-07-07 00:00:00
STU0164,Andhra University,Male,2025,Data Analyst,7.53,95.2,1,3,2.0,3,Python,56.1,72,15.9,42.0,65,23.0,49.4,78,28.6,83.6,62,0.0,,55,0.0,73.0,78,5.0,68.7,35,0.0,82.0,40,0.0,63.7,75,11.3,47.6,72,24.4,89.18,10.82,78.04,Moderate Gap,Not Placed,2025-09-04 00:00:00
STU0165,SRM University,Male,2026,Data Analyst,7.18,94.2,0,1,1.0,3,Python,48.5,72,23.5,56.5,65,8.5,69.1,78,8.9,40.2,62,21.8,77.9,55,0.0,63.9,78,14.1,98.0,35,0.0,93.5,40,0.0,49.2,75,25.8,64.4,72,7.6,89.0,11.0,67.89,Moderate Gap,Not Placed,2025-10-18 00:00:00
STU0166,SRM University,Female,2027,Data Scientist,6.17,67.1,2,3,1.0,1,C#,66.2,78,11.8,61.4,75,13.6,69.9,72,2.1,66.9,55,0.0,77.1,52,0.0,,88,35.2,64.8,40,0.0,75.4,45,0.0,72.7,75,2.3,63.0,82,19.0,91.6,8.4,80.33,Low Gap,Placed,2025-09-17 00:00:00
STU0167,SRM University,Male,2026,Software Developer,7.13,85.0,0,5,0.0,0,Python,87.7,80,0.0,77.6,78,0.4,64.3,72,7.7,49.0,68,19.0,73.9,60,0.0,97.2,55,0.0,76.0,45,0.0,72.4,50,0.0,71.4,72,0.6,88.4,78,0.0,97.23,2.77,76.49,Low Gap,Not Placed,2025-12-29 00:00:00
STU0168,GITAM University,Male,2027,Data Scientist,7.61,84.8,0,1,3.0,0,C#,68.1,78,9.9,75.8,75,0.0,56.1,72,15.9,66.0,55,0.0,54.1,52,0.0,58.8,88,29.2,45.5,40,0.0,72.7,45,0.0,56.7,75,18.3,79.8,82,2.2,92.45,7.55,67.11,Low Gap,Not Placed,2026-03-16 00:00:00
STU0169,Vignan University,Male,2026,Software Developer,7.99,77.8,1,1,3.0,0,JavaScript,71.9,80,8.1,74.8,78,3.2,93.2,72,0.0,75.2,68,0.0,66.7,60,0.0,63.7,55,0.0,64.1,45,0.0,56.8,50,0.0,66.8,72,5.2,67.3,78,10.7,97.28,2.72,76.29,Low Gap,Placed,2025-05-30 00:00:00
STU0170,JNTU Kakinada,Male,2026,Data Analyst,6.88,80.0,1,1,0.0,3,C#,55.8,72,16.2,39.0,65,26.0,69.6,78,8.4,71.3,62,0.0,63.1,55,0.0,69.5,78,8.5,58.1,35,0.0,80.4,40,0.0,63.4,75,11.6,44.7,72,27.3,90.2,9.8,70.54,Low Gap,Not Placed,2026-05-30 00:00:00
STU0171,JNTU Kakinada,Male,2027,Software Developer,6.6,72.0,1,3,0.0,1,Python,61.7,80,18.3,54.9,78,23.1,63.7,72,8.3,63.0,68,5.0,57.7,60,2.3,54.8,55,0.2,81.3,45,0.0,87.1,50,0.0,82.9,72,0.0,62.0,78,16.0,92.68,7.32,74.28,Low Gap,Placed,2025-10-19 00:00:00
STU0172,SRM University,Female,2025,Cloud Engineer,7.48,78.7,1,2,1.0,0,Python,69.7,70,0.3,77.6,68,0.0,62.0,62,0.0,71.4,55,0.0,68.9,88,19.1,67.0,58,0.0,62.7,45,0.0,75.3,82,6.7,72.3,70,0.0,63.9,76,12.1,96.18,3.82,74.51,Low Gap,Placed,2025-04-11 00:00:00
STU0173,JNTU Kakinada,Female,2025,DevOps Engineer,7.9,80.8,2,3,2.0,0,C++,79.0,72,0.0,84.0,70,0.0,90.8,58,0.0,71.9,50,0.0,80.2,82,1.8,91.3,52,0.0,85.5,48,0.0,80.7,88,7.3,90.7,72,0.0,79.7,80,0.3,99.06,0.94,88.59,Low Gap,Placed,2025-02-18 00:00:00
STU0174,GITAM University,Male,2025,DevOps Engineer,7.92,78.8,0,1,1.0,1,C++,86.6,72,0.0,81.6,70,0.0,59.0,58,0.0,92.4,50,0.0,64.1,82,17.9,63.1,52,0.0,64.2,48,0.0,62.3,88,25.7,61.0,72,11.0,84.7,80,0.0,94.54,5.46,69.11,Low Gap,Placed,2026-05-29 00:00:00
STU0175,Andhra University,Female,2027,Data Analyst,9.08,84.0,1,3,0.0,0,C++,92.8,72,0.0,98.0,65,0.0,67.1,78,10.9,83.3,62,0.0,89.3,55,0.0,98.0,78,0.0,91.9,35,0.0,90.4,40,0.0,74.2,75,0.8,86.1,72,0.0,98.84,1.16,81.61,Low Gap,Placed,2026-01-08 00:00:00
STU0176,JNTU Kakinada,Female,2026,Data Scientist,6.98,94.4,1,4,2.0,1,JavaScript,64.7,78,13.3,51.9,75,23.1,55.8,72,16.2,86.0,55,0.0,83.8,52,0.0,82.7,88,5.3,80.2,40,0.0,67.3,45,0.0,69.5,75,5.5,67.5,82,14.5,92.21,7.79,80.27,Low Gap,Placed,2026-05-31 00:00:00
STU0177,KL University,Male,2027,Full Stack Developer,7.75,90.0,0,2,2.0,0,Python,70.1,82,11.9,79.8,76,0.0,53.0,70,17.0,64.0,88,24.0,77.0,62,0.0,64.0,50,0.0,64.9,42,0.0,81.1,58,0.0,80.8,74,0.0,75.1,80,4.9,94.23,5.77,70.7,Low Gap,Placed,2026-04-23 00:00:00
STU0178,Andhra University,Female,2025,Software Developer,8.09,88.9,2,2,2.0,0,C++,87.7,80,0.0,59.3,78,18.7,75.5,72,0.0,79.4,68,0.0,76.1,60,0.0,67.3,55,0.0,96.6,45,0.0,74.7,50,0.0,83.0,72,0.0,78.4,78,0.0,98.13,1.87,84.5,Low Gap,Placed,2025-10-25 00:00:00
STU0179,JNTU Kakinada,Male,2027,Data Analyst,7.69,75.9,0,1,0.0,2,JavaScript,78.2,72,0.0,73.5,65,0.0,57.9,78,20.1,45.1,62,16.9,63.4,55,0.0,57.5,78,20.5,84.3,35,0.0,86.2,40,0.0,74.1,75,0.9,70.1,72,1.9,93.97,6.03,68.0,Low Gap,Not Placed,2025-07-05 00:00:00
STU0180,KL University,Male,2025,Software Developer,7.34,89.8,1,3,2.0,0,C++,59.4,80,20.6,53.3,78,24.7,73.7,72,0.0,76.1,68,0.0,68.1,60,0.0,78.9,55,0.0,85.6,45,0.0,57.0,50,0.0,98.0,72,0.0,61.2,78,16.8,93.79,6.21,77.55,Low Gap,Placed,2025-04-18 00:00:00
STU0181,SRM University,Male,2025,Data Analyst,7.27,90.5,0,4,2.0,0,JavaScript,58.2,72,13.8,45.8,65,19.2,63.0,78,15.0,85.9,62,0.0,85.2,55,0.0,69.1,78,8.9,98.0,35,0.0,71.2,40,0.0,54.5,75,20.5,54.6,72,17.4,90.52,9.48,72.3,Low Gap,Placed,2026-02-25 00:00:00
STU0182,GITAM University,Female,2025,Software Developer,7.17,79.4,2,3,1.0,0,Python,72.2,80,7.8,71.8,78,6.2,70.4,72,1.6,77.5,68,0.0,77.3,60,0.0,77.5,55,0.0,66.2,45,0.0,74.0,50,0.0,73.9,72,0.0,73.1,78,4.9,97.95,2.05,83.59,Low Gap,Placed,2025-02-11 00:00:00
STU0183,JNTU Kakinada,Female,2027,DevOps Engineer,8.12,89.3,0,3,1.0,0,C#,89.3,72,0.0,78.9,70,0.0,87.4,58,0.0,72.5,50,0.0,66.6,82,15.4,61.6,52,0.0,67.7,48,0.0,91.8,88,0.0,71.9,72,0.1,89.3,80,0.0,98.45,1.55,75.11,Low Gap,Placed,2025-06-16 00:00:00
STU0184,SRM University,Male,2026,Data Scientist,7.34,98.2,0,3,2.0,0,C++,83.3,78,0.0,61.6,75,13.4,54.2,72,17.8,75.1,55,0.0,72.9,52,0.0,77.2,88,10.8,69.4,40,0.0,93.6,45,0.0,83.5,75,0.0,71.7,82,10.3,94.77,5.23,73.92,Low Gap,Placed,2026-01-02 00:00:00
STU0185,JNTU Kakinada,Female,2026,Full Stack Developer,6.99,81.7,1,3,2.0,0,Java,76.1,82,5.9,72.6,76,3.4,51.1,70,18.9,74.8,88,13.2,87.2,62,0.0,72.3,50,0.0,62.0,42,0.0,66.2,58,0.0,60.8,74,13.2,84.9,80,0.0,94.54,5.46,77.78,Low Gap,Placed,2026-06-30 00:00:00
STU0186,GITAM University,Male,2027,Software Developer,7.21,98.3,3,1,0.0,1,Java,72.9,80,7.1,73.6,78,4.4,70.0,72,2.0,71.3,68,0.0,81.4,60,0.0,98.0,55,0.0,68.5,45,0.0,72.0,50,0.0,39.9,72,32.1,82.2,78,0.0,95.45,4.55,83.35,Low Gap,Placed,2025-09-23 00:00:00
STU0187,Vignan University,Male,2027,Data Scientist,8.14,83.6,3,3,1.0,0,C#,66.2,78,11.8,58.4,75,16.6,77.9,72,0.0,67.1,55,0.0,76.5,52,0.0,87.8,88,0.2,83.5,40,0.0,71.9,45,0.0,71.8,75,3.2,60.5,82,21.5,94.68,5.32,86.76,Low Gap,Placed,2025-07-20 00:00:00
STU0188,Vignan University,Female,2025,Full Stack Developer,7.94,79.1,1,3,2.0,1,C++,78.1,82,3.9,95.5,76,0.0,98.0,70,0.0,63.7,88,24.3,73.8,62,0.0,98.0,50,0.0,77.4,42,0.0,80.8,58,0.0,65.4,74,8.6,95.8,80,0.0,96.33,3.67,83.64,Low Gap,Placed,2025-07-28 00:00:00
STU0189,Andhra University,Male,2025,Cloud Engineer,7.88,94.3,1,4,0.0,0,C++,58.7,70,11.3,49.1,68,18.9,44.5,62,17.5,86.4,55,0.0,80.2,88,7.8,85.0,58,0.0,92.0,45,0.0,81.7,82,0.3,45.3,70,24.7,52.3,76,23.7,89.57,10.43,73.56,Moderate Gap,Not Placed,2026-05-09 00:00:00
STU0190,Andhra University,Female,2027,Full Stack Developer,6.88,65.0,1,4,0.0,1,Java,62.7,82,19.3,61.2,76,14.8,55.2,70,14.8,68.7,88,19.3,46.0,62,16.0,57.8,50,0.0,62.9,42,0.0,54.0,58,4.0,54.1,74,19.9,67.4,80,12.6,87.94,12.06,71.77,Moderate Gap,Not Placed,2025-09-09 00:00:00
STU0191,Andhra University,Female,2025,Full Stack Developer,7.86,82.0,1,3,2.0,2,JavaScript,57.2,82,24.8,64.3,76,11.7,80.0,70,0.0,83.2,88,4.8,59.6,62,2.4,76.8,50,0.0,84.3,42,0.0,73.6,58,0.0,58.6,74,15.4,55.2,80,24.8,91.61,8.39,79.01,Low Gap,Not Placed,2025-06-01 00:00:00
STU0192,Andhra University,Male,2025,Full Stack Developer,7.62,70.0,1,2,2.0,0,Java,62.6,82,19.4,85.6,76,0.0,78.3,70,0.0,80.1,88,7.9,57.1,62,4.9,64.9,50,0.0,66.1,42,0.0,70.4,58,0.0,60.0,74,14.0,58.2,80,21.8,93.21,6.79,74.45,Low Gap,Placed,2025-06-22 00:00:00
STU0193,SRM University,Male,2025,Data Scientist,6.96,86.9,1,4,1.0,0,C++,53.4,78,24.6,36.4,75,38.6,69.7,72,2.3,76.9,55,0.0,98.0,52,0.0,51.8,88,36.2,70.2,40,0.0,53.1,45,0.0,70.8,75,4.2,51.3,82,30.7,86.34,13.66,72.3,Moderate Gap,Placed,2026-01-04 00:00:00
STU0194,Andhra University,Female,2025,Software Developer,8.24,97.5,0,3,0.0,0,C#,45.1,80,34.9,42.3,78,35.7,53.4,72,18.6,79.9,68,0.0,65.8,60,0.0,69.0,55,0.0,80.3,45,0.0,76.0,50,0.0,78.5,72,0.0,50.0,78,28.0,88.28,11.72,64.94,Moderate Gap,Not Placed,2025-07-08 00:00:00
STU0195,Andhra University,Female,2027,Data Analyst,7.11,78.4,1,3,3.0,1,C#,81.3,72,0.0,84.1,65,0.0,79.0,78,0.0,68.7,62,0.0,85.2,55,0.0,58.8,78,19.2,64.3,35,0.0,63.5,40,0.0,58.0,75,17.0,90.2,72,0.0,96.38,3.62,82.36,Low Gap,Placed,2025-10-08 00:00:00
STU0196,Vignan University,Female,2027,Data Analyst,7.88,86.9,1,1,1.0,0,C++,82.7,72,0.0,90.1,65,0.0,79.5,78,0.0,75.3,62,0.0,48.8,55,6.2,68.0,78,10.0,45.6,35,0.0,88.6,40,0.0,58.8,75,16.2,80.1,72,0.0,96.75,3.25,73.56,Low Gap,Placed,2025-05-03 00:00:00
STU0197,SRM University,Female,2026,DevOps Engineer,6.18,,0,4,2.0,0,Python,79.0,72,0.0,68.2,70,1.8,60.8,58,0.0,70.9,50,0.0,48.6,82,33.4,67.6,52,0.0,71.5,48,0.0,73.1,88,14.9,69.6,72,2.4,74.3,80,5.7,94.19,5.81,73.9,Low Gap,Placed,2025-03-25 00:00:00
STU0198,JNTU Kakinada,Male,2027,DevOps Engineer,8.8,,1,3,1.0,0,Java,86.2,72,0.0,88.1,70,0.0,98.0,58,0.0,92.9,50,0.0,96.7,82,0.0,75.8,52,0.0,68.9,48,0.0,92.9,88,0.0,92.4,72,0.0,89.4,80,0.0,100.0,0.0,83.94,Low Gap,Placed,2026-08-01 00:00:00
STU0199,KL University,Female,2027,Cloud Engineer,7.57,100.0,3,2,0.0,0,JavaScript,89.2,70,0.0,79.0,68,0.0,73.2,62,0.0,89.8,55,0.0,75.6,88,12.4,83.2,58,0.0,77.5,45,0.0,81.5,82,0.5,72.9,70,0.0,90.0,76,0.0,98.71,1.29,87.78,Low Gap,Placed,2025-04-25 00:00:00
STU0200,GITAM University,Male,2025,Data Analyst,8.33,80.6,1,4,0.0,2,C++,94.5,72,0.0,74.2,65,0.0,64.3,78,13.7,82.5,62,0.0,61.5,55,0.0,67.7,78,10.3,86.5,35,0.0,47.5,40,0.0,98.0,75,0.0,98.0,72,0.0,97.6,2.4,83.16,Low Gap,Placed,2025-11-03 00:00:00
STU0201,Andhra University,Male,2026,DevOps Engineer,8.68,70.6,1,4,2.0,1,Java,94.4,72,0.0,93.7,70,0.0,97.3,58,0.0,85.8,50,0.0,95.8,82,0.0,97.1,52,0.0,69.6,48,0.0,92.3,88,0.0,94.7,72,0.0,94.6,80,0.0,100.0,0.0,89.96,Low Gap,Placed,2025-01-12 00:00:00
STU0202,KL University,Male,2025,Data Analyst,6.51,87.7,1,4,0.0,0,JavaScript,55.4,72,16.6,55.0,65,10.0,59.4,78,18.6,83.8,62,0.0,63.6,55,0.0,57.4,78,20.6,84.1,35,0.0,60.6,40,0.0,55.5,75,19.5,67.3,72,4.7,91.0,9.0,73.21,Low Gap,Placed,2026-06-04 00:00:00
STU0203,GITAM University,Male,2027,DevOps Engineer,7.12,79.3,1,4,1.0,0,JavaScript,60.6,72,11.4,68.9,70,1.1,68.0,58,0.0,84.7,50,0.0,77.3,82,4.7,62.9,52,0.0,74.7,48,0.0,84.2,88,3.8,63.1,72,8.9,71.2,80,8.8,96.12,3.88,79.22,Low Gap,Placed,2025-03-12 00:00:00
STU0204,Andhra University,Female,2026,Data Scientist,6.74,94.1,1,4,1.0,2,C#,73.7,78,4.3,72.0,75,3.0,57.3,72,14.7,61.1,55,0.0,97.0,52,0.0,66.2,88,21.8,67.0,40,0.0,64.5,45,0.0,79.1,75,0.0,71.0,82,11.0,94.53,5.47,81.31,Low Gap,Placed,2025-11-24 00:00:00
STU0205,JNTU Kakinada,Male,2026,Full Stack Developer,6.47,83.1,2,4,0.0,2,Java,60.7,82,21.3,59.8,76,16.2,65.0,70,5.0,50.8,88,37.2,76.1,62,0.0,65.9,50,0.0,92.6,42,0.0,81.9,58,0.0,66.2,74,7.8,58.5,80,21.5,89.09,10.91,81.41,Moderate Gap,Placed,2026-02-26 00:00:00
STU0206,JNTU Kakinada,Female,2027,Full Stack Developer,9.12,89.1,0,2,0.0,2,Java,93.3,82,0.0,90.2,76,0.0,39.7,70,30.3,77.9,88,10.1,82.7,62,0.0,74.5,50,0.0,86.9,42,0.0,59.9,58,0.0,77.3,74,0.0,98.0,80,0.0,95.96,4.04,73.6,Low Gap,Not Placed,2025-07-05 00:00:00
STU0207,JNTU Kakinada,Female,2027,Data Scientist,6.61,90.6,1,2,3.0,0,Java,56.8,78,21.2,48.1,75,26.9,83.1,72,0.0,80.7,55,0.0,84.3,52,0.0,90.7,88,0.0,57.8,40,0.0,62.4,45,0.0,58.2,75,16.8,47.2,82,34.8,90.03,9.97,74.09,Low Gap,Placed,2025-10-26 00:00:00
STU0208,KL University,Female,2027,Data Analyst,6.32,90.6,0,2,2.0,1,C++,71.2,72,0.8,64.4,65,0.6,59.3,78,18.7,53.0,62,9.0,47.6,55,7.4,72.9,78,5.1,71.8,35,0.0,71.8,40,0.0,64.1,75,10.9,74.5,72,0.0,94.75,5.25,70.66,Low Gap,Not Placed,2026-05-21 00:00:00
STU0209,Vignan University,Female,2025,Data Analyst,8.05,77.0,2,2,3.0,0,Python,82.6,72,0.0,72.7,65,0.0,98.0,78,0.0,92.8,62,0.0,81.5,55,0.0,77.8,78,0.2,83.4,35,0.0,87.3,40,0.0,73.7,75,1.3,77.6,72,0.0,99.85,0.15,88.25,Low Gap,Placed,2026-03-30 00:00:00
STU0210,GITAM University,Female,2027,Data Scientist,9.2,78.8,1,2,1.0,1,C++,85.4,78,0.0,88.9,75,0.0,86.9,72,0.0,87.4,55,0.0,82.1,52,0.0,88.1,88,0.0,70.1,40,0.0,80.8,45,0.0,66.5,75,8.5,81.0,82,1.0,99.05,0.95,81.09,Low Gap,Placed,2025-09-13 00:00:00
STU0211,Andhra University,Male,2025,Software Developer,7.95,83.0,2,4,0.0,0,Java,95.2,80,0.0,95.8,78,0.0,76.3,72,0.0,96.8,68,0.0,75.4,60,0.0,80.8,55,0.0,77.0,45,0.0,60.5,50,0.0,46.2,72,25.8,98.0,78,0.0,97.42,2.58,85.9,Low Gap,Placed,2025-06-07 00:00:00
STU0212,Andhra University,Female,2026,Full Stack Developer,7.27,84.5,1,3,1.0,1,C#,77.3,82,4.7,62.7,76,13.3,66.0,70,4.0,48.7,88,39.3,71.8,62,0.0,70.6,50,0.0,69.0,42,0.0,72.4,58,0.0,46.0,74,28.0,73.4,80,6.6,90.4,9.6,74.42,Low Gap,Placed,2026-06-08 00:00:00
STU0213,GITAM University,Male,2026,Cloud Engineer,6.93,76.7,1,2,2.0,0,JavaScript,55.8,70,14.2,44.2,68,23.8,47.9,62,14.1,68.8,55,0.0,71.3,88,16.7,70.6,58,0.0,71.8,45,0.0,79.4,82,2.6,64.3,70,5.7,53.9,76,22.1,90.08,9.92,71.37,Low Gap,Placed,2025-09-30 00:00:00
STU0214,SRM University,Male,2026,Full Stack Developer,8.61,74.1,0,2,3.0,1,C++,89.3,82,0.0,97.4,76,0.0,74.8,70,0.0,78.0,88,10.0,96.4,62,0.0,72.8,50,0.0,73.4,42,0.0,88.6,58,0.0,80.1,74,0.0,89.3,80,0.0,99.0,1.0,79.76,Low Gap,Placed,2026-04-08 00:00:00
STU0215,Andhra University,Male,2025,Data Analyst,8.81,93.8,2,2,2.0,1,C++,90.5,72,0.0,88.9,65,0.0,79.4,78,0.0,90.0,62,0.0,81.7,55,0.0,88.5,78,0.0,85.0,35,0.0,81.4,40,0.0,64.7,75,10.3,98.0,72,0.0,98.97,1.03,88.47,Low Gap,Placed,2025-01-15 00:00:00
STU0216,GITAM University,Male,2026,Cloud Engineer,8.1,72.6,1,2,1.0,0,C#,63.7,70,6.3,44.9,68,23.1,75.4,62,0.0,74.2,55,0.0,88.7,88,0.0,98.0,58,0.0,87.3,45,0.0,68.2,82,13.8,70.6,70,0.0,52.1,76,23.9,93.28,6.72,74.17,Low Gap,Not Placed,2026-03-04 00:00:00
STU0217,JNTU Kakinada,Female,2026,Full Stack Developer,7.29,79.9,0,2,4.0,0,C++,59.7,82,22.3,61.0,76,15.0,72.6,70,0.0,77.1,88,10.9,,62,11.4,73.0,50,0.0,47.3,42,0.0,69.1,58,0.0,65.8,74,8.2,65.1,80,14.9,91.74,8.26,70.53,Low Gap,Placed,2025-03-04 00:00:00
STU0218,JNTU Kakinada,Male,2027,Full Stack Developer,7.19,77.6,0,5,0.0,0,Java,70.3,82,11.7,54.7,76,21.3,92.9,70,0.0,71.9,88,16.1,69.7,62,0.0,75.8,50,0.0,70.9,42,0.0,66.7,58,0.0,76.8,74,0.0,54.7,80,25.3,92.55,7.45,72.78,Low Gap,Placed,2026-02-07 00:00:00
STU0219,SRM University,Male,2025,Software Developer,7.96,77.5,2,2,1.0,0,C++,90.8,80,0.0,94.7,78,0.0,96.1,72,0.0,91.1,68,0.0,72.1,60,0.0,84.2,55,0.0,77.7,45,0.0,92.4,50,0.0,73.8,72,0.0,91.3,78,0.0,100.0,0.0,86.43,Low Gap,Placed,2025-07-02 00:00:00
STU0220,Andhra University,Male,2026,DevOps Engineer,7.02,95.8,2,2,1.0,2,JavaScript,80.1,72,0.0,86.4,70,0.0,74.9,58,0.0,62.1,50,0.0,73.9,82,8.1,82.0,52,0.0,74.2,48,0.0,85.3,88,2.7,63.1,72,8.9,84.8,80,0.0,98.03,1.97,85.62,Low Gap,Placed,2025-01-08 00:00:00
STU0221,Vignan University,Male,2026,Data Scientist,8.47,84.8,2,3,2.0,0,C++,72.3,78,5.7,89.5,75,0.0,63.3,72,8.7,92.7,55,0.0,88.3,52,0.0,78.6,88,9.4,74.2,40,0.0,98.0,45,0.0,89.0,75,0.0,76.3,82,5.7,97.04,2.96,87.33,Low Gap,Placed,2025-06-26 00:00:00
STU0222,JNTU Kakinada,Male,2025,DevOps Engineer,6.68,89.3,0,2,1.0,0,Java,54.9,72,17.1,50.5,70,19.5,49.7,58,8.3,77.6,50,0.0,70.9,82,11.1,56.2,52,0.0,63.3,48,0.0,84.2,88,3.8,60.3,72,11.7,53.2,80,26.8,90.17,9.83,64.7,Low Gap,Not Placed,2025-08-28 00:00:00
STU0223,GITAM University,Male,2026,DevOps Engineer,6.79,76.1,2,4,1.0,1,JavaScript,86.1,72,0.0,90.1,70,0.0,77.3,58,0.0,98.0,50,0.0,62.0,82,20.0,82.1,52,0.0,95.9,48,0.0,88.2,88,0.0,73.3,72,0.0,88.8,80,0.0,98.0,2.0,90.36,Low Gap,Placed,2025-02-16 00:00:00
STU0224,SRM University,Female,2026,DevOps Engineer,6.87,79.6,1,4,1.0,0,C++,88.0,72,0.0,86.9,70,0.0,51.7,58,6.3,71.3,50,0.0,87.5,82,0.0,72.1,52,0.0,83.2,48,0.0,90.4,88,0.0,92.6,72,0.0,89.6,80,0.0,99.37,0.63,83.62,Low Gap,Placed,2026-07-04 00:00:00
STU0225,Andhra University,Male,2026,Cloud Engineer,7.36,91.4,0,3,1.0,2,C#,71.6,70,0.0,70.0,68,0.0,71.0,62,0.0,74.7,55,0.0,,88,30.9,68.6,58,0.0,78.6,45,0.0,52.6,82,29.4,73.8,70,0.0,78.1,76,0.0,93.97,6.03,73.67,Low Gap,Placed,2025-11-10 00:00:00
STU0226,JNTU Kakinada,Male,2027,Cloud Engineer,8.78,82.8,1,5,1.0,0,C#,81.0,70,0.0,70.7,68,0.0,88.3,62,0.0,93.6,55,0.0,82.8,88,5.2,91.5,58,0.0,71.6,45,0.0,80.1,82,1.9,78.5,70,0.0,78.0,76,0.0,99.28,0.72,85.66,Low Gap,Placed,2026-05-27 00:00:00
STU0227,Vignan University,Male,2025,Full Stack Developer,8.42,86.5,1,5,,2,C++,74.0,82,8.0,88.7,76,0.0,73.5,70,0.0,87.3,88,0.7,80.6,62,0.0,98.0,50,0.0,85.9,42,0.0,69.5,58,0.0,56.1,74,17.9,77.2,80,2.8,97.06,2.94,88.4,Low Gap,Placed,2025-05-09 00:00:00
STU0228,SRM University,Male,2025,Software Developer,8.25,82.7,3,3,4.0,2,C++,76.9,80,3.1,60.4,78,17.6,87.8,72,0.0,96.8,68,0.0,70.1,60,0.0,80.2,55,0.0,75.3,45,0.0,98.0,50,0.0,90.9,72,0.0,73.9,78,4.1,97.53,2.47,98.2,Low Gap,Placed,2025-01-16 00:00:00
STU0229,Vignan University,Female,2026,Cloud Engineer,7.26,91.5,2,3,3.0,2,Python,91.4,70,0.0,77.7,68,0.0,80.6,62,0.0,93.7,55,0.0,67.1,88,20.9,86.8,58,0.0,81.3,45,0.0,60.7,82,21.3,46.1,70,23.9,84.6,76,0.0,93.4,6.6,88.63,Low Gap,Placed,2025-12-06 00:00:00
STU0230,GITAM University,Male,2025,Full Stack Developer,7.06,86.0,0,2,2.0,1,C++,46.9,82,35.1,61.2,76,14.8,87.8,70,0.0,55.8,88,32.2,74.8,62,0.0,66.9,50,0.0,68.8,42,0.0,52.5,58,5.5,66.1,74,7.9,45.2,80,34.8,86.98,13.02,66.43,Moderate Gap,Not Placed,2025-02-15 00:00:00
STU0231,Vignan University,Male,2026,Data Scientist,7.3,83.9,1,3,1.0,0,Java,80.5,78,0.0,80.0,75,0.0,51.7,72,20.3,68.7,55,0.0,,52,0.0,69.8,88,18.2,63.7,40,0.0,85.0,45,0.0,98.0,75,0.0,85.7,82,0.0,96.15,3.85,78.85,Low Gap,Placed,2025-07-22 00:00:00
STU0232,Andhra University,Male,2027,Data Scientist,,76.3,0,3,0.0,1,Python,79.0,78,0.0,84.4,75,0.0,76.6,72,0.0,53.3,55,1.7,93.9,52,0.0,64.4,88,23.6,60.3,40,0.0,97.7,45,0.0,67.4,75,7.6,80.3,82,1.7,96.54,3.46,73.66,Low Gap,Placed,2026-03-31 00:00:00
STU0233,Andhra University,Male,2025,DevOps Engineer,9.37,85.5,1,4,1.0,0,C#,98.0,72,0.0,92.0,70,0.0,86.6,58,0.0,98.0,50,0.0,83.3,82,0.0,93.1,52,0.0,97.5,48,0.0,84.6,88,3.4,73.3,72,0.0,98.0,80,0.0,99.66,0.34,86.47,Low Gap,Placed,2025-05-13 00:00:00
STU0234,JNTU Kakinada,Female,2027,Data Analyst,7.06,93.4,1,1,3.0,0,C#,66.3,72,5.7,69.6,65,0.0,82.7,78,0.0,82.6,62,0.0,76.2,55,0.0,95.3,78,0.0,87.5,35,0.0,84.9,40,0.0,63.8,75,11.2,68.0,72,4.0,97.91,2.09,78.87,Low Gap,Placed,2026-07-20 00:00:00
STU0235,Vignan University,Female,2026,Cloud Engineer,8.06,87.1,1,2,1.0,1,JavaScript,65.1,70,4.9,62.9,68,5.1,56.9,62,5.1,93.1,55,0.0,88.7,88,0.0,72.1,58,0.0,67.8,45,0.0,85.6,82,0.0,55.9,70,14.1,49.1,76,26.9,94.4,5.6,75.39,Low Gap,Placed,2025-06-16 00:00:00
STU0236,SRM University,Female,2026,Software Developer,7.35,94.6,0,3,2.0,0,Python,77.6,80,2.4,79.4,78,0.0,69.9,72,2.1,88.2,68,0.0,85.0,60,0.0,59.7,55,0.0,71.0,45,0.0,81.9,50,0.0,73.9,72,0.0,82.4,78,0.0,99.55,0.45,76.86,Low Gap,Placed,2026-03-17 00:00:00
STU0237,JNTU Kakinada,Female,2025,Cloud Engineer,8.58,80.3,1,5,1.0,0,JavaScript,81.1,70,0.0,76.6,68,0.0,95.6,62,0.0,76.7,55,0.0,89.9,88,0.0,,58,0.0,75.8,45,0.0,80.7,82,1.3,87.9,70,0.0,70.5,76,5.5,99.32,0.68,85.67,Low Gap,Placed,2026-06-06 00:00:00
STU0238,Vignan University,Female,2025,Software Developer,6.88,68.1,1,4,3.0,2,JavaScript,83.0,80,0.0,92.6,78,0.0,92.1,72,0.0,65.1,68,2.9,70.5,60,0.0,78.7,55,0.0,66.9,45,0.0,64.4,50,0.0,41.2,72,30.8,91.8,78,0.0,96.63,3.37,86.37,Low Gap,Placed,2026-05-10 00:00:00
STU0239,Andhra University,Male,2027,Data Scientist,7.73,78.2,2,3,0.0,1,C++,79.4,78,0.0,61.6,75,13.4,84.0,72,0.0,84.2,55,0.0,67.7,52,0.0,86.9,88,1.1,78.0,40,0.0,69.1,45,0.0,69.4,75,5.6,63.5,82,18.5,96.14,3.86,83.08,Low Gap,Placed,2025-06-15 00:00:00
STU0240,GITAM University,Female,2027,Cloud Engineer,8.06,70.0,1,1,0.0,2,Python,42.9,70,27.1,37.0,68,31.0,70.9,62,0.0,52.1,55,2.9,78.7,88,9.3,71.9,58,0.0,77.9,45,0.0,46.4,82,35.6,74.4,70,0.0,43.7,76,32.3,86.18,13.82,66.65,Moderate Gap,Placed,2025-03-26 00:00:00
STU0241,Andhra University,Female,2027,Data Analyst,7.55,70.0,2,1,0.0,0,Python,84.4,72,0.0,84.3,65,0.0,96.0,78,0.0,67.8,62,0.0,32.9,55,22.1,88.0,78,0.0,76.5,35,0.0,78.4,40,0.0,49.9,75,25.1,82.7,72,0.0,95.29,4.71,77.11,Low Gap,Placed,2025-05-16 00:00:00
STU0242,JNTU Kakinada,Female,2025,Cloud Engineer,9.81,,1,3,3.0,0,C++,94.0,70,0.0,98.0,68,0.0,78.2,62,0.0,84.7,55,0.0,76.2,88,11.8,92.3,58,0.0,98.0,45,0.0,97.9,82,0.0,76.3,70,0.0,95.3,76,0.0,98.82,1.18,86.69,Low Gap,Placed,2025-03-18 00:00:00
STU0243,GITAM University,Female,2027,Data Analyst,6.02,79.6,2,3,1.0,2,C++,75.4,72,0.0,79.6,65,0.0,71.8,78,6.2,63.7,62,0.0,64.4,55,0.0,75.4,78,2.6,75.7,35,0.0,67.3,40,0.0,77.3,75,0.0,62.6,72,9.4,98.18,1.82,86.08,Low Gap,Not Placed,2025-11-03 00:00:00
STU0244,GITAM University,Female,2025,Data Analyst,8.43,75.6,2,3,2.0,0,Python,79.1,72,0.0,63.3,65,1.7,68.4,78,9.6,82.2,62,0.0,75.9,55,0.0,57.4,78,20.6,98.0,35,0.0,92.2,40,0.0,85.2,75,0.0,67.8,72,4.2,96.4,3.6,85.47,Low Gap,Placed,2026-06-04 00:00:00
STU0245,Andhra University,Male,2027,Full Stack Developer,6.91,86.4,2,3,1.0,1,JavaScript,69.7,82,12.3,83.2,76,0.0,63.3,70,6.7,95.7,88,0.0,93.6,62,0.0,64.3,50,0.0,57.3,42,0.0,62.3,58,0.0,64.7,74,9.3,82.0,80,0.0,97.17,2.83,84.81,Low Gap,Placed,2026-02-06 00:00:00
STU0246,Andhra University,Male,2026,Data Scientist,7.87,88.5,0,1,2.0,0,Java,87.2,78,0.0,91.4,75,0.0,95.3,72,0.0,64.9,55,0.0,77.6,52,0.0,71.9,88,16.1,98.0,40,0.0,72.7,45,0.0,59.2,75,15.8,88.2,82,0.0,96.81,3.19,72.76,Low Gap,Not Placed,2026-04-28 00:00:00
STU0247,Andhra University,Female,2026,Software Developer,,66.3,1,3,0.0,0,Python,98.0,80,0.0,90.2,78,0.0,56.0,72,16.0,72.5,68,0.0,63.2,60,0.0,72.6,55,0.0,80.4,45,0.0,89.5,50,0.0,57.5,72,14.5,83.5,78,0.0,96.96,3.04,77.54,Low Gap,Placed,2025-01-11 00:00:00
STU0248,KL University,Male,2025,Data Scientist,7.31,75.2,1,3,2.0,0,Java,78.7,78,0.0,78.9,75,0.0,70.8,72,1.2,75.4,55,0.0,79.6,52,0.0,71.8,88,16.2,72.8,40,0.0,71.5,45,0.0,65.0,75,10.0,69.9,82,12.1,96.04,3.96,79.25,Low Gap,Placed,2025-02-25 00:00:00
STU0249,Andhra University,Female,2027,DevOps Engineer,8.29,83.4,0,3,2.0,0,C++,66.9,72,5.1,71.0,70,0.0,64.9,58,0.0,62.0,50,0.0,75.2,82,6.8,78.3,52,0.0,98.0,48,0.0,70.7,88,17.3,92.3,72,0.0,71.7,80,8.3,96.25,3.75,74.84,Low Gap,Placed,2025-05-11 00:00:00
STU0250,Andhra University,Male,2026,Data Analyst,8.49,83.4,2,2,1.0,1,JavaScript,84.8,72,0.0,98.0,65,0.0,84.0,78,0.0,90.6,62,0.0,74.5,55,0.0,47.2,78,30.8,97.5,35,0.0,90.3,40,0.0,86.7,75,0.0,98.0,72,0.0,96.92,3.08,86.16,Low Gap,Placed,2025-11-05 00:00:00
STU0251,Andhra University,Male,2025,DevOps Engineer,7.19,91.6,2,3,0.0,3,JavaScript,69.8,72,2.2,71.2,70,0.0,57.2,58,0.8,65.4,50,0.0,75.1,82,6.9,53.1,52,0.0,46.1,48,1.9,53.2,88,34.8,72.5,72,0.0,69.1,80,10.9,94.25,5.75,81.9,Low Gap,Placed,2025-08-28 00:00:00
STU0252,Vignan University,Male,2025,Data Scientist,7.24,,2,3,2.0,0,Java,73.4,78,4.6,71.9,75,3.1,82.3,72,0.0,42.2,55,12.8,71.2,52,0.0,,88,17.0,94.3,40,0.0,81.2,45,0.0,41.5,75,33.5,83.4,82,0.0,92.9,7.1,82.18,Low Gap,Not Placed,2025-08-09 00:00:00
STU0253,SRM University,Female,2027,Data Scientist,7.58,,0,3,1.0,0,C#,82.3,78,0.0,84.8,75,0.0,61.4,72,10.6,93.4,55,0.0,71.7,52,0.0,58.2,88,29.8,80.9,40,0.0,75.4,45,0.0,77.6,75,0.0,81.8,82,0.2,95.94,4.06,73.7,Low Gap,Placed,2025-08-28 00:00:00
STU0254,Vignan University,Male,2026,Full Stack Developer,6.08,78.8,1,4,0.0,0,Java,82.8,82,0.0,87.1,76,0.0,45.1,70,24.9,58.2,88,29.8,90.6,62,0.0,63.0,50,0.0,69.7,42,0.0,83.6,58,0.0,62.2,74,11.8,87.0,80,0.0,93.35,6.65,76.89,Low Gap,Placed,2026-03-25 00:00:00
STU0255,GITAM University,Male,2026,Data Scientist,7.56,70.9,1,3,0.0,0,Java,78.5,78,0.0,82.8,75,0.0,65.5,72,6.5,81.9,55,0.0,72.1,52,0.0,77.9,88,10.1,59.9,40,0.0,54.8,45,0.0,73.3,75,1.7,80.1,82,1.9,97.98,2.02,76.9,Low Gap,Placed,2026-07-27 00:00:00
STU0256,Andhra University,Male,2026,DevOps Engineer,6.3,74.9,1,2,2.0,2,Python,73.7,72,0.0,47.8,70,22.2,69.8,58,0.0,76.7,50,0.0,51.2,82,30.8,74.6,52,0.0,67.1,48,0.0,85.7,88,2.3,44.1,72,27.9,58.5,80,21.5,89.53,10.47,74.76,Moderate Gap,Placed,2026-07-09 00:00:00
STU0257,Andhra University,Female,2025,Data Scientist,10.0,79.7,0,4,4.0,2,C#,93.2,78,0.0,98.0,75,0.0,84.8,72,0.0,98.0,55,0.0,98.0,52,0.0,91.3,88,0.0,62.1,40,0.0,85.4,45,0.0,85.6,75,0.0,98.0,82,0.0,100.0,0.0,88.83,Low Gap,Placed,2026-04-17 00:00:00
STU0258,Vignan University,Male,2027,Software Developer,6.93,82.2,2,4,1.0,1,JavaScript,98.0,80,0.0,98.0,78,0.0,74.5,72,0.0,77.9,68,0.0,77.4,60,0.0,73.4,55,0.0,80.8,45,0.0,82.4,50,0.0,70.3,72,1.7,96.2,78,0.0,99.83,0.17,90.79,Low Gap,Placed,2026-07-16 00:00:00
STU0259,JNTU Kakinada,Female,2025,Data Scientist,8.13,72.0,3,2,1.0,0,Java,62.3,78,15.7,51.3,75,23.7,81.0,72,0.0,97.4,55,0.0,59.3,52,0.0,86.7,88,1.3,71.0,40,0.0,89.2,45,0.0,64.2,75,10.8,39.5,82,42.5,90.59,9.41,82.32,Low Gap,Placed,2025-07-03 00:00:00
STU0260,Vignan University,Male,2026,Data Scientist,7.39,76.1,1,2,1.0,0,C#,62.2,78,15.8,74.2,75,0.8,59.7,72,12.3,85.9,55,0.0,58.9,52,0.0,51.2,88,36.8,75.2,40,0.0,60.8,45,0.0,51.9,75,23.1,72.9,82,9.1,90.22,9.78,70.68,Low Gap,Not Placed,2026-03-27 00:00:00
STU0261,SRM University,Male,2025,Full Stack Developer,5.79,78.8,2,3,1.0,0,C++,74.9,82,7.1,64.0,76,12.0,50.7,70,19.3,82.5,88,5.5,70.0,62,0.0,82.6,50,0.0,68.7,42,0.0,39.2,58,18.8,59.8,74,14.2,66.7,80,13.3,90.99,9.01,78.22,Low Gap,Placed,2025-09-05 00:00:00
STU0262,GITAM University,Female,2026,Full Stack Developer,5.28,74.0,1,2,1.0,1,C++,66.0,82,16.0,57.7,76,18.3,28.9,70,41.1,52.0,88,36.0,67.9,62,0.0,46.2,50,3.8,69.7,42,0.0,61.7,58,0.0,59.3,74,14.7,65.8,80,14.2,85.6,14.4,67.78,Moderate Gap,Not Placed,2025-03-23 00:00:00
STU0263,Vignan University,Male,2026,Software Developer,7.68,61.2,1,4,1.0,1,C++,89.8,80,0.0,71.1,78,6.9,59.0,72,13.0,84.1,68,0.0,74.9,60,0.0,56.3,55,0.0,80.8,45,0.0,84.8,50,0.0,73.1,72,0.0,70.0,78,8.0,97.21,2.79,82.06,Low Gap,Placed,2025-11-22 00:00:00
STU0264,GITAM University,Male,2026,Full Stack Developer,7.62,74.2,1,3,2.0,1,C#,78.2,82,3.8,66.6,76,9.4,61.6,70,8.4,56.9,88,31.1,78.4,62,0.0,90.6,50,0.0,78.9,42,0.0,76.4,58,0.0,57.9,74,16.1,61.1,80,18.9,91.23,8.77,77.75,Low Gap,Not Placed,2026-07-23 00:00:00
STU0265,Vignan University,Male,2025,Cloud Engineer,6.67,83.3,2,1,0.0,1,Python,73.5,70,0.0,76.5,68,0.0,80.2,62,0.0,82.6,55,0.0,69.2,88,18.8,55.6,58,2.4,58.1,45,0.0,89.2,82,0.0,77.6,70,0.0,80.3,76,0.0,97.89,2.11,79.84,Low Gap,Placed,2025-04-05 00:00:00
STU0266,JNTU Kakinada,Male,2025,Full Stack Developer,6.62,85.8,1,4,2.0,0,C#,89.8,82,0.0,77.0,76,0.0,70.2,70,0.0,67.2,88,20.8,78.0,62,0.0,64.5,50,0.0,90.1,42,0.0,62.3,58,0.0,54.7,74,19.3,84.7,80,0.0,95.98,4.02,81.35,Low Gap,Placed,2025-02-25 00:00:00
STU0267,SRM University,Female,2026,Full Stack Developer,8.36,83.2,3,1,1.0,0,Python,90.5,82,0.0,91.7,76,0.0,81.5,70,0.0,69.5,88,18.5,94.7,62,0.0,90.4,50,0.0,97.7,42,0.0,85.5,58,0.0,77.2,74,0.0,87.1,80,0.0,98.15,1.85,88.64,Low Gap,Placed,2026-05-26 00:00:00
STU0268,Vignan University,Male,2025,Full Stack Developer,7.44,89.8,2,4,1.0,1,C#,65.8,82,16.2,63.4,76,12.6,83.8,70,0.0,98.0,88,0.0,98.0,62,0.0,98.0,50,0.0,87.7,42,0.0,98.0,58,0.0,80.1,74,0.0,69.9,80,10.1,96.12,3.88,89.54,Low Gap,Placed,2026-05-01 00:00:00
STU0269,KL University,Male,2026,Data Scientist,8.13,83.3,2,3,2.0,0,JavaScript,92.3,78,0.0,82.6,75,0.0,78.1,72,0.0,81.7,55,0.0,84.1,52,0.0,77.7,88,10.3,86.1,40,0.0,98.0,45,0.0,72.0,75,3.0,86.8,82,0.0,98.67,1.33,88.58,Low Gap,Not Placed,2025-11-02 00:00:00
STU0270,JNTU Kakinada,Male,2025,Data Analyst,8.22,88.3,1,3,0.0,0,C++,76.1,72,0.0,55.4,65,9.6,80.3,78,0.0,85.1,62,0.0,64.4,55,0.0,79.7,78,0.0,68.8,35,0.0,83.7,40,0.0,78.3,75,0.0,57.5,72,14.5,97.59,2.41,76.8,Low Gap,Placed,2026-08-01 00:00:00
STU0271,Vignan University,Male,2027,Software Developer,9.77,89.3,1,5,1.0,1,C#,98.0,80,0.0,98.0,78,0.0,98.0,72,0.0,93.7,68,0.0,97.2,60,0.0,98.0,55,0.0,87.3,45,0.0,67.1,50,0.0,77.1,72,0.0,98.0,78,0.0,100.0,0.0,90.37,Low Gap,Placed,2025-08-16 00:00:00
STU0272,Andhra University,Male,2026,Full Stack Developer,8.86,93.9,0,3,1.0,1,Python,98.0,82,0.0,92.2,76,0.0,71.8,70,0.0,70.6,88,17.4,75.0,62,0.0,83.0,50,0.0,72.4,42,0.0,73.9,58,0.0,78.6,74,0.0,83.4,80,0.0,98.26,1.74,77.18,Low Gap,Not Placed,2026-03-21 00:00:00
STU0273,Andhra University,Male,2026,Data Analyst,8.86,76.5,1,4,3.0,0,JavaScript,75.4,72,0.0,83.1,65,0.0,81.5,78,0.0,70.2,62,0.0,90.1,55,0.0,82.9,78,0.0,84.2,35,0.0,71.5,40,0.0,56.6,75,18.4,77.1,72,0.0,98.16,1.84,84.85,Low Gap,Placed,2025-09-13 00:00:00
STU0274,JNTU Kakinada,Male,2027,Cloud Engineer,9.16,84.9,1,4,1.0,0,Python,75.7,70,0.0,60.6,68,7.4,98.0,62,0.0,95.4,55,0.0,89.8,88,0.0,66.3,58,0.0,77.4,45,0.0,86.3,82,0.0,63.4,70,6.6,66.2,76,9.8,97.61,2.39,81.8,Low Gap,Not Placed,2026-04-02 00:00:00
STU0275,KL University,Male,2026,Data Scientist,8.37,84.6,0,3,0.0,0,Python,92.2,78,0.0,98.0,75,0.0,74.1,72,0.0,62.9,55,0.0,70.7,52,0.0,98.0,88,0.0,65.1,40,0.0,91.2,45,0.0,70.7,75,4.3,97.0,82,0.0,99.57,0.43,75.4,Low Gap,Placed,2026-07-01 00:00:00
STU0276,GITAM University,Female,2027,Cloud Engineer,7.45,86.7,1,2,0.0,2,Python,67.1,70,2.9,68.7,68,0.0,66.6,62,0.0,68.8,55,0.0,41.2,88,46.8,68.3,58,0.0,82.6,45,0.0,63.4,82,18.6,59.0,70,11.0,66.4,76,9.6,91.1,8.9,72.56,Low Gap,Placed,2026-01-31 00:00:00
STU0277,JNTU Kakinada,Male,2027,Cloud Engineer,6.95,84.5,1,2,0.0,1,C#,67.4,70,2.6,55.2,68,12.8,64.4,62,0.0,58.5,55,0.0,69.2,88,18.8,61.0,58,0.0,54.2,45,0.0,75.3,82,6.7,70.5,70,0.0,57.9,76,18.1,94.1,5.9,71.85,Low Gap,Not Placed,2025-09-12 00:00:00
STU0278,GITAM University,Male,2027,Data Analyst,7.2,86.3,1,5,3.0,0,Python,98.0,72,0.0,98.0,65,0.0,83.5,78,0.0,79.4,62,0.0,80.2,55,0.0,68.9,78,9.1,60.5,35,0.0,87.3,40,0.0,45.5,75,29.5,96.8,72,0.0,96.15,3.85,86.71,Low Gap,Placed,2025-03-02 00:00:00
STU0279,JNTU Kakinada,Male,2026,Full Stack Developer,7.0,73.8,1,2,0.0,0,Java,77.4,82,4.6,84.0,76,0.0,70.5,70,0.0,60.2,88,27.8,59.4,62,2.6,70.2,50,0.0,68.3,42,0.0,76.1,58,0.0,92.9,74,0.0,73.1,80,6.9,95.81,4.19,74.08,Low Gap,Placed,2025-05-08 00:00:00
STU0280,Andhra University,Male,2025,Cloud Engineer,6.97,82.0,2,4,1.0,0,Python,90.1,70,0.0,85.7,68,0.0,74.3,62,0.0,80.1,55,0.0,59.8,88,28.2,71.9,58,0.0,91.9,45,0.0,63.0,82,19.0,62.0,70,8.0,86.0,76,0.0,94.48,5.52,84.96,Low Gap,Placed,2026-06-06 00:00:00
STU0281,Andhra University,Female,2026,Data Analyst,6.86,81.0,2,1,2.0,0,Java,70.0,72,2.0,54.4,65,10.6,72.1,78,5.9,72.6,62,0.0,66.5,55,0.0,87.0,78,0.0,57.7,35,0.0,63.0,40,0.0,42.4,75,32.6,67.3,72,4.7,94.42,5.58,77.08,Low Gap,Placed,2025-12-20 00:00:00
STU0282,GITAM University,Female,2025,DevOps Engineer,7.41,71.0,1,4,1.0,2,C#,63.6,72,8.4,67.1,70,2.9,80.4,58,0.0,83.7,50,0.0,85.1,82,0.0,73.4,52,0.0,86.4,48,0.0,45.4,88,42.6,54.1,72,17.9,60.8,80,19.2,90.9,9.1,79.41,Low Gap,Placed,2025-08-09 00:00:00
STU0283,JNTU Kakinada,Other,2025,Cloud Engineer,8.8,77.1,0,2,2.0,1,C#,81.3,70,0.0,91.2,68,0.0,59.2,62,2.8,71.5,55,0.0,93.0,88,0.0,87.5,58,0.0,78.8,45,0.0,70.7,82,11.3,88.1,70,0.0,80.3,76,0.0,98.59,1.41,76.91,Low Gap,Placed,2025-04-22 00:00:00
STU0284,GITAM University,Male,2025,Software Developer,7.18,81.6,0,2,2.0,0,Java,66.5,80,13.5,81.0,78,0.0,77.6,72,0.0,55.1,68,12.9,98.0,60,0.0,,55,0.0,71.7,45,0.0,79.2,50,0.0,80.9,72,0.0,72.2,78,5.8,96.78,3.22,72.9,Low Gap,Placed,2025-09-23 00:00:00
STU0285,Andhra University,Female,2025,Full Stack Developer,7.99,79.9,1,2,1.0,2,Python,67.6,82,14.4,67.0,76,9.0,64.4,70,5.6,92.2,88,0.0,90.4,62,0.0,68.6,50,0.0,66.7,42,0.0,42.8,58,15.2,56.8,74,17.2,65.0,80,15.0,92.36,7.64,75.51,Low Gap,Not Placed,2025-10-09 00:00:00
STU0286,Vignan University,Female,2026,Software Developer,7.38,78.0,3,3,1.0,2,Java,74.2,80,5.8,70.8,78,7.2,68.8,72,3.2,75.1,68,0.0,66.4,60,0.0,95.0,55,0.0,67.2,45,0.0,88.7,50,0.0,56.3,72,15.7,83.1,78,0.0,96.81,3.19,91.43,Low Gap,Placed,2026-03-24 00:00:00
STU0287,KL University,Female,2027,Cloud Engineer,7.83,86.5,1,2,2.0,3,Python,79.6,70,0.0,70.3,68,0.0,70.3,62,0.0,80.9,55,0.0,66.6,88,21.4,61.2,58,0.0,79.4,45,0.0,61.5,82,20.5,52.9,70,17.1,72.7,76,3.3,93.76,6.24,79.56,Low Gap,Not Placed,2026-03-22 00:00:00
STU0288,JNTU Kakinada,Male,2026,Data Analyst,7.3,66.3,1,2,1.0,2,C#,57.6,72,14.4,39.8,65,25.2,90.1,78,0.0,63.7,62,0.0,75.9,55,0.0,69.3,78,8.7,71.2,35,0.0,75.5,40,0.0,85.0,75,0.0,41.5,72,30.5,92.13,7.87,75.05,Low Gap,Placed,2025-01-29 00:00:00
STU0289,Andhra University,Male,2027,Software Developer,7.32,81.3,1,5,2.0,0,C#,93.5,80,0.0,84.6,78,0.0,76.0,72,0.0,79.6,68,0.0,80.3,60,0.0,70.4,55,0.0,87.0,45,0.0,85.6,50,0.0,58.2,72,13.8,94.8,78,0.0,98.62,1.38,86.68,Low Gap,Placed,2025-08-31 00:00:00
STU0290,Andhra University,Female,2025,Data Analyst,8.16,80.4,0,2,0.0,0,Python,77.4,72,0.0,62.9,65,2.1,57.0,78,21.0,91.1,62,0.0,74.0,55,0.0,77.3,78,0.7,56.6,35,0.0,75.7,40,0.0,61.4,75,13.6,71.4,72,0.6,96.19,3.81,68.43,Low Gap,Placed,2025-09-17 00:00:00
STU0291,Vignan University,Male,2026,Data Analyst,7.77,93.6,0,3,3.0,1,C#,98.0,72,0.0,93.3,65,0.0,78.6,78,0.0,90.5,62,0.0,69.4,55,0.0,64.6,78,13.4,79.7,35,0.0,55.1,40,0.0,91.0,75,0.0,84.8,72,0.0,98.66,1.34,80.55,Low Gap,Placed,2025-12-14 00:00:00
STU0292,Andhra University,Male,2027,Software Developer,7.68,99.5,1,3,1.0,0,Python,75.1,80,4.9,83.4,78,0.0,56.5,72,15.5,72.6,68,0.0,66.4,60,0.0,88.4,55,0.0,57.3,45,0.0,98.0,50,0.0,70.9,72,1.1,83.4,78,0.0,97.86,2.14,79.1,Low Gap,Placed,2025-10-07 00:00:00
STU0293,GITAM University,Female,2027,Data Scientist,6.11,,1,4,1.0,0,C#,73.6,78,4.4,76.7,75,0.0,84.0,72,0.0,66.1,55,0.0,68.5,52,0.0,85.0,88,3.0,46.0,40,0.0,75.3,45,0.0,57.5,75,17.5,70.3,82,11.7,96.33,3.67,78.93,Low Gap,Placed,2025-01-26 00:00:00
STU0294,Vignan University,Female,2025,DevOps Engineer,5.76,57.7,0,3,2.0,1,JavaScript,58.6,72,13.4,53.5,70,16.5,57.5,58,0.5,60.4,50,0.0,51.9,82,30.1,66.4,52,0.0,41.2,48,6.8,46.8,88,41.2,71.4,72,0.6,65.6,80,14.4,87.65,12.35,67.14,Moderate Gap,Not Placed,2026-03-16 00:00:00
STU0295,SRM University,Female,2026,DevOps Engineer,7.38,86.4,2,5,0.0,0,C++,59.6,72,12.4,59.0,70,11.0,76.7,58,0.0,61.3,50,0.0,83.4,82,0.0,81.0,52,0.0,76.1,48,0.0,85.1,88,2.9,71.8,72,0.2,58.7,80,21.3,95.22,4.78,84.23,Low Gap,Placed,2025-11-23 00:00:00
STU0296,SRM University,Female,2025,Cloud Engineer,7.85,79.2,1,5,0.0,3,Python,82.6,70,0.0,85.2,68,0.0,81.1,62,0.0,73.2,55,0.0,68.3,88,19.7,58.3,58,0.0,71.0,45,0.0,85.0,82,0.0,59.3,70,10.7,87.6,76,0.0,96.95,3.05,85.67,Low Gap,Placed,2025-06-19 00:00:00
STU0297,KL University,Male,2025,DevOps Engineer,7.54,89.2,2,3,1.0,0,C#,94.4,72,0.0,94.5,70,0.0,79.3,58,0.0,75.1,50,0.0,88.0,82,0.0,92.6,52,0.0,88.6,48,0.0,82.7,88,5.3,60.7,72,11.3,98.0,80,0.0,98.34,1.66,87.37,Low Gap,Placed,2026-06-30 00:00:00
STU0298,SRM University,Male,2025,Cloud Engineer,7.28,94.7,1,3,0.0,2,JavaScript,74.6,70,0.0,76.4,68,0.0,65.4,62,0.0,53.2,55,1.8,54.9,88,33.1,68.2,58,0.0,76.2,45,0.0,90.7,82,0.0,78.3,70,0.0,77.5,76,0.0,96.51,3.49,78.9,Low Gap,Not Placed,2025-02-12 00:00:00
STU0299,Andhra University,Female,2027,Data Scientist,6.58,80.0,0,2,4.0,0,JavaScript,81.9,78,0.0,60.8,75,14.2,56.1,72,15.9,59.3,55,0.0,61.9,52,0.0,,88,30.8,63.4,40,0.0,71.3,45,0.0,71.2,75,3.8,74.0,82,8.0,92.74,7.26,71.45,Low Gap,Placed,2025-02-14 00:00:00
STU0300,KL University,Male,2025,Software Developer,7.07,84.6,1,3,2.0,2,Python,48.5,80,31.5,42.8,78,35.2,60.0,72,12.0,94.4,68,0.0,64.4,60,0.0,83.0,55,0.0,58.7,45,0.0,71.7,50,0.0,52.3,72,19.7,45.7,78,32.3,86.92,13.08,74.76,Moderate Gap,Not Placed,2026-07-18 00:00:00
STU0301,Andhra University,Male,2026,Cloud Engineer,7.23,67.6,1,2,3.0,1,Java,79.2,70,0.0,81.8,68,0.0,83.7,62,0.0,71.7,55,0.0,56.1,88,31.9,53.4,58,4.6,86.9,45,0.0,44.6,82,37.4,48.9,70,21.1,79.1,76,0.0,90.5,9.5,76.29,Low Gap,Placed,2025-02-13 00:00:00
STU0302,Andhra University,Male,2025,Data Analyst,8.89,73.3,2,3,3.0,1,Java,54.6,72,17.4,55.6,65,9.4,74.9,78,3.1,88.0,62,0.0,68.9,55,0.0,81.1,78,0.0,87.8,35,0.0,87.2,40,0.0,75.0,75,0.0,60.9,72,11.1,95.9,4.1,87.18,Low Gap,Not Placed,2026-07-09 00:00:00
STU0303,SRM University,Male,2027,Cloud Engineer,9.05,72.9,1,3,1.0,0,Python,73.7,70,0.0,60.9,68,7.1,78.9,62,0.0,90.6,55,0.0,55.9,88,32.1,74.2,58,0.0,96.0,45,0.0,87.7,82,0.0,79.4,70,0.0,72.0,76,4.0,95.67,4.33,78.63,Low Gap,Placed,2026-07-14 00:00:00
STU0304,Vignan University,Female,2025,Cloud Engineer,9.41,88.3,1,2,2.0,0,JavaScript,88.3,70,0.0,94.7,68,0.0,80.4,62,0.0,76.1,55,0.0,98.0,88,0.0,76.8,58,0.0,69.7,45,0.0,74.1,82,7.9,69.5,70,0.5,76.1,76,0.0,99.16,0.84,80.73,Low Gap,Not Placed,2025-05-10 00:00:00
STU0305,KL University,Female,2026,Cloud Engineer,7.2,75.0,0,4,0.0,1,C#,67.6,70,2.4,79.9,68,0.0,71.2,62,0.0,73.5,55,0.0,59.8,88,28.2,76.5,58,0.0,76.0,45,0.0,74.8,82,7.2,87.8,70,0.0,68.9,76,7.1,95.52,4.48,74.56,Low Gap,Placed,2025-06-07 00:00:00
STU0306,SRM University,Female,2026,Full Stack Developer,,84.4,2,4,,0,JavaScript,59.5,82,22.5,52.6,76,23.4,83.5,70,0.0,70.5,88,17.5,75.9,62,0.0,90.8,50,0.0,70.7,42,0.0,92.9,58,0.0,42.7,74,31.3,44.8,80,35.2,87.02,12.98,79.18,Moderate Gap,Placed,2026-02-23 00:00:00
STU0307,KL University,Male,2025,Software Developer,9.46,83.5,1,2,0.0,1,C++,65.9,80,14.1,51.7,78,26.3,80.1,72,0.0,98.0,68,0.0,69.6,60,0.0,75.6,55,0.0,98.0,45,0.0,84.5,50,0.0,92.7,72,0.0,59.3,78,18.7,94.09,5.91,76.1,Low Gap,Placed,2025-03-19 00:00:00
STU0308,KL University,Female,2025,Data Scientist,8.9,87.7,1,5,2.0,0,Java,73.1,78,4.9,60.9,75,14.1,73.1,72,0.0,98.0,55,0.0,90.4,52,0.0,81.0,88,7.0,90.4,40,0.0,97.0,45,0.0,85.2,75,0.0,71.2,82,10.8,96.32,3.68,85.95,Low Gap,Placed,2026-02-22 00:00:00
STU0309,SRM University,Female,2027,Cloud Engineer,7.78,83.1,1,3,0.0,2,JavaScript,68.9,70,1.1,69.9,68,0.0,72.4,62,0.0,98.0,55,0.0,71.1,88,16.9,70.0,58,0.0,76.1,45,0.0,66.3,82,15.7,,70,6.7,71.2,76,4.8,95.49,4.51,78.79,Low Gap,Placed,2026-01-16 00:00:00
STU0310,Vignan University,Female,2025,Cloud Engineer,8.97,79.5,1,2,1.0,0,JavaScript,71.0,70,0.0,63.7,68,4.3,78.3,62,0.0,86.1,55,0.0,90.6,88,0.0,90.4,58,0.0,91.9,45,0.0,71.4,82,10.6,82.6,70,0.0,67.3,76,8.7,97.64,2.36,78.23,Low Gap,Placed,2026-06-05 00:00:00
STU0311,Andhra University,Male,2025,Cloud Engineer,8.17,79.9,2,4,1.0,1,C#,98.0,70,0.0,98.0,68,0.0,87.6,62,0.0,84.5,55,0.0,94.6,88,0.0,92.9,58,0.0,80.4,45,0.0,89.0,82,0.0,98.0,70,0.0,98.0,76,0.0,100.0,0.0,93.63,Low Gap,Placed,2025-04-05 00:00:00
STU0312,JNTU Kakinada,Male,2025,Software Developer,6.3,78.3,0,3,2.0,0,JavaScript,77.4,80,2.6,70.3,78,7.7,61.0,72,11.0,53.2,68,14.8,82.7,60,0.0,61.4,55,0.0,57.0,45,0.0,58.2,50,0.0,67.8,72,4.2,74.1,78,3.9,95.58,4.42,71.9,Low Gap,Placed,2025-12-09 00:00:00
STU0313,KL University,Female,2025,Cloud Engineer,7.64,78.2,0,3,2.0,0,Python,89.0,70,0.0,79.5,68,0.0,73.9,62,0.0,89.0,55,0.0,68.5,88,19.5,56.7,58,1.3,95.2,45,0.0,78.6,82,3.4,83.5,70,0.0,80.6,76,0.0,97.58,2.42,76.75,Low Gap,Placed,2026-01-27 00:00:00
STU0314,Vignan University,Male,2027,Data Analyst,8.69,79.7,2,3,3.0,2,JavaScript,87.5,72,0.0,87.5,65,0.0,93.6,78,0.0,80.0,62,0.0,73.9,55,0.0,64.6,78,13.4,84.6,35,0.0,72.0,40,0.0,64.7,75,10.3,98.0,72,0.0,97.63,2.37,91.62,Low Gap,Placed,2026-05-12 00:00:00
STU0315,GITAM University,Male,2025,Software Developer,6.9,69.3,0,1,0.0,0,C++,60.4,80,19.6,71.5,78,6.5,66.7,72,5.3,54.5,68,13.5,35.9,60,24.1,57.3,55,0.0,30.7,45,14.3,63.4,50,0.0,80.2,72,0.0,59.3,78,18.7,89.81,10.19,59.81,Moderate Gap,Not Placed,2026-04-09 00:00:00
STU0316,GITAM University,Female,2025,Data Analyst,7.25,65.5,1,3,1.0,1,C++,50.2,72,21.8,49.4,65,15.6,70.6,78,7.4,68.3,62,0.0,76.4,55,0.0,77.1,78,0.9,68.8,35,0.0,58.7,40,0.0,78.5,75,0.0,54.0,72,18.0,93.62,6.38,75.69,Low Gap,Placed,2025-12-26 00:00:00
STU0317,Vignan University,Male,2025,Data Scientist,7.22,95.8,1,3,2.0,1,C#,86.2,78,0.0,72.3,75,2.7,69.5,72,2.5,63.5,55,0.0,52.3,52,0.0,72.4,88,15.6,67.4,40,0.0,90.7,45,0.0,68.9,75,6.1,93.2,82,0.0,97.3,2.7,81.38,Low Gap,Placed,2026-04-14 00:00:00
STU0318,KL University,Female,2025,Full Stack Developer,6.97,92.7,2,2,2.0,0,Python,53.8,82,28.2,47.4,76,28.6,71.2,70,0.0,69.7,88,18.3,84.2,62,0.0,78.9,50,0.0,77.7,42,0.0,98.0,58,0.0,61.0,74,13.0,67.6,80,12.4,89.95,10.05,78.76,Moderate Gap,Not Placed,2026-07-21 00:00:00
STU0319,Vignan University,Female,2026,DevOps Engineer,8.1,96.6,2,5,0.0,1,Java,98.0,72,0.0,91.9,70,0.0,93.6,58,0.0,69.1,50,0.0,85.8,82,0.0,98.0,52,0.0,80.5,48,0.0,98.0,88,0.0,78.8,72,0.0,95.5,80,0.0,100.0,0.0,93.17,Low Gap,Placed,2026-03-22 00:00:00
STU0320,KL University,Male,2025,Software Developer,6.73,86.4,2,3,1.0,1,JavaScript,61.8,80,18.2,64.6,78,13.4,62.8,72,9.2,79.4,68,0.0,56.8,60,3.2,61.9,55,0.0,67.4,45,0.0,53.8,50,0.0,59.2,72,12.8,60.4,78,17.6,92.56,7.44,79.5,Low Gap,Placed,2025-01-24 00:00:00
STU0321,GITAM University,Male,2025,Cloud Engineer,7.1,75.7,2,3,0.0,0,Java,62.9,70,7.1,61.7,68,6.3,88.4,62,0.0,86.6,55,0.0,85.7,88,2.3,85.4,58,0.0,79.4,45,0.0,78.9,82,3.1,76.1,70,0.0,63.8,76,12.2,96.92,3.08,82.68,Low Gap,Placed,2026-02-02 00:00:00
STU0322,Andhra University,Female,2027,Data Scientist,7.68,91.2,1,4,3.0,0,C#,90.2,78,0.0,95.2,75,0.0,81.5,72,0.0,87.5,55,0.0,58.3,52,0.0,92.8,88,0.0,98.0,40,0.0,88.1,45,0.0,81.8,75,0.0,90.9,82,0.0,100.0,0.0,88.43,Low Gap,Placed,2025-12-28 00:00:00
STU0323,Vignan University,Female,2027,Data Analyst,7.23,85.6,1,3,0.0,0,JavaScript,58.6,72,13.4,53.7,65,11.3,68.6,78,9.4,53.7,62,8.3,65.0,55,0.0,62.5,78,15.5,87.4,35,0.0,73.8,40,0.0,76.4,75,0.0,58.8,72,13.2,92.88,7.12,72.55,Low Gap,Placed,2026-06-23 00:00:00
STU0324,JNTU Kakinada,Male,2025,Data Scientist,8.18,91.2,2,1,1.0,0,C++,95.5,78,0.0,75.5,75,0.0,69.2,72,2.8,81.0,55,0.0,55.0,52,0.0,64.9,88,23.1,96.8,40,0.0,67.2,45,0.0,72.5,75,2.5,90.0,82,0.0,97.16,2.84,80.25,Low Gap,Placed,2025-02-17 00:00:00
STU0325,Vignan University,Male,2025,Cloud Engineer,9.39,76.8,2,5,,1,C#,98.0,70,0.0,93.5,68,0.0,91.4,62,0.0,92.5,55,0.0,81.8,88,6.2,93.3,58,0.0,82.5,45,0.0,77.4,82,4.6,69.8,70,0.2,98.0,76,0.0,98.91,1.09,93.85,Low Gap,Placed,2026-05-28 00:00:00
STU0326,SRM University,Male,2025,Software Developer,6.57,80.6,0,3,1.0,3,C#,71.4,80,8.6,74.9,78,3.1,64.9,72,7.1,51.7,68,16.3,47.6,60,12.4,66.5,55,0.0,76.5,45,0.0,61.5,50,0.0,75.1,72,0.0,84.8,78,0.0,95.24,4.76,75.11,Low Gap,Placed,2026-07-22 00:00:00
STU0327,JNTU Kakinada,Male,2026,Data Analyst,8.09,,2,2,1.0,0,C++,59.1,72,12.9,58.3,65,6.7,70.3,78,7.7,87.6,62,0.0,78.5,55,0.0,98.0,78,0.0,62.2,35,0.0,81.0,40,0.0,71.5,75,3.5,51.7,72,20.3,94.9,5.1,79.75,Low Gap,Placed,2026-03-10 00:00:00
STU0328,Andhra University,Male,2027,Data Analyst,7.66,81.0,2,3,2.0,0,C#,78.5,72,0.0,67.4,65,0.0,94.9,78,0.0,93.3,62,0.0,81.9,55,0.0,78.0,78,0.0,85.5,35,0.0,98.0,40,0.0,68.3,75,6.7,72.8,72,0.0,99.33,0.67,88.25,Low Gap,Placed,2025-06-25 00:00:00
STU0329,Vignan University,Female,2026,Cloud Engineer,7.39,80.9,1,2,2.0,0,JavaScript,71.0,70,0.0,68.1,68,0.0,76.2,62,0.0,82.2,55,0.0,,88,21.5,77.6,58,0.0,79.1,45,0.0,57.4,82,24.6,67.4,70,2.6,68.3,76,7.7,94.37,5.63,75.88,Low Gap,Placed,2026-07-20 00:00:00
STU0330,SRM University,Female,2026,Cloud Engineer,8.1,74.6,0,2,1.0,0,C++,76.4,70,0.0,60.4,68,7.6,84.1,62,0.0,63.5,55,0.0,47.1,88,40.9,57.8,58,0.2,74.2,45,0.0,74.0,82,8.0,83.5,70,0.0,70.9,76,5.1,93.82,6.18,68.48,Low Gap,Placed,2026-04-19 00:00:00
STU0331,GITAM University,Male,2025,Software Developer,7.62,90.0,1,3,2.0,2,Java,73.5,80,6.5,67.3,78,10.7,87.8,72,0.0,59.7,68,8.3,78.1,60,0.0,50.5,55,4.5,76.4,45,0.0,73.4,50,0.0,77.8,72,0.0,47.9,78,30.1,94.0,6.0,80.08,Low Gap,Placed,2026-07-20 00:00:00
STU0332,JNTU Kakinada,Other,2025,Software Developer,7.53,74.8,1,3,0.0,1,Java,66.1,80,13.9,68.6,78,9.4,77.7,72,0.0,93.5,68,0.0,69.1,60,0.0,43.6,55,11.4,80.2,45,0.0,83.9,50,0.0,61.2,72,10.8,66.9,78,11.1,94.34,5.66,76.28,Low Gap,Not Placed,2025-06-05 00:00:00
STU0333,KL University,Male,2026,Data Analyst,7.45,87.3,2,3,,1,C#,64.1,72,7.9,81.4,65,0.0,63.7,78,14.3,63.5,62,0.0,54.5,55,0.5,74.5,78,3.5,78.7,35,0.0,72.9,40,0.0,84.5,75,0.0,73.1,72,0.0,97.38,2.62,84.14,Low Gap,Placed,2025-06-08 00:00:00
STU0334,GITAM University,Male,2025,Cloud Engineer,,81.7,2,3,1.0,2,Java,77.4,70,0.0,80.9,68,0.0,74.5,62,0.0,67.5,55,0.0,96.5,88,0.0,70.8,58,0.0,86.1,45,0.0,72.3,82,9.7,58.6,70,11.4,77.3,76,0.0,97.89,2.11,87.41,Low Gap,Placed,2025-01-27 00:00:00
STU0335,Andhra University,Male,2026,Data Analyst,7.9,76.7,1,2,1.0,1,Python,58.7,72,13.3,42.2,65,22.8,70.2,78,7.8,72.6,62,0.0,65.9,55,0.0,79.3,78,0.0,74.8,35,0.0,68.8,40,0.0,83.2,75,0.0,50.2,72,21.8,93.43,6.57,74.02,Low Gap,Placed,2026-01-10 00:00:00
STU0336,SRM University,Male,2025,DevOps Engineer,8.45,85.6,2,2,1.0,0,Java,83.4,72,0.0,72.9,70,0.0,73.4,58,0.0,62.4,50,0.0,68.7,82,13.3,93.2,52,0.0,84.4,48,0.0,79.8,88,8.2,66.5,72,5.5,80.2,80,0.0,97.29,2.71,82.23,Low Gap,Placed,2026-08-02 00:00:00
STU0337,GITAM University,Female,2027,Data Scientist,8.06,87.4,0,3,0.0,1,Python,69.2,78,8.8,65.7,75,9.3,76.8,72,0.0,49.1,55,5.9,80.1,52,0.0,72.8,88,15.2,95.5,40,0.0,70.2,45,0.0,85.2,75,0.0,69.4,82,12.6,94.82,5.18,72.19,Low Gap,Placed,2026-05-12 00:00:00
STU0338,Andhra University,Female,2025,Cloud Engineer,7.39,94.2,1,4,1.0,0,Java,55.9,70,14.1,59.4,68,8.6,75.6,62,0.0,98.0,55,0.0,83.1,88,4.9,54.0,58,4.0,75.0,45,0.0,74.0,82,8.0,63.4,70,6.6,46.9,76,29.1,92.46,7.54,76.66,Low Gap,Placed,2025-08-29 00:00:00
STU0339,SRM University,Male,2027,Full Stack Developer,8.82,62.8,0,4,1.0,2,C++,68.7,82,13.3,70.0,76,6.0,87.5,70,0.0,84.4,88,3.6,64.4,62,0.0,70.9,50,0.0,76.7,42,0.0,76.3,58,0.0,67.0,74,7.0,67.3,80,12.7,95.75,4.25,77.58,Low Gap,Placed,2025-01-06 00:00:00
STU0340,KL University,Female,2026,Software Developer,7.01,90.4,1,4,2.0,0,C#,86.5,80,0.0,93.3,78,0.0,71.0,72,1.0,74.9,68,0.0,97.2,60,0.0,85.8,55,0.0,87.1,45,0.0,96.6,50,0.0,75.9,72,0.0,97.0,78,0.0,99.9,0.1,86.91,Low Gap,Placed,2025-07-18 00:00:00
STU0341,Vignan University,Male,2025,Data Analyst,7.02,88.3,1,2,4.0,0,C++,84.1,72,0.0,98.0,65,0.0,82.0,78,0.0,60.3,62,1.7,81.7,55,0.0,67.2,78,10.8,62.9,35,0.0,69.0,40,0.0,49.5,75,25.5,76.6,72,0.0,96.2,3.8,80.23,Low Gap,Placed,2025-04-19 00:00:00
STU0342,Andhra University,Female,2026,DevOps Engineer,8.66,82.1,0,2,1.0,0,Java,56.1,72,15.9,72.9,70,0.0,53.1,58,4.9,82.9,50,0.0,75.4,82,6.6,61.2,52,0.0,95.5,48,0.0,69.7,88,18.3,86.2,72,0.0,69.3,80,10.7,94.36,5.64,69.63,Low Gap,Placed,2026-05-13 00:00:00
STU0343,JNTU Kakinada,Female,2026,Data Scientist,8.14,78.7,2,1,1.0,0,JavaScript,92.1,78,0.0,94.2,75,0.0,75.3,72,0.0,89.8,55,0.0,78.6,52,0.0,88.0,88,0.0,56.3,40,0.0,61.3,45,0.0,63.5,75,11.5,89.7,82,0.0,98.85,1.15,81.65,Low Gap,Not Placed,2025-03-20 00:00:00
STU0344,SRM University,Female,2026,Cloud Engineer,7.35,87.2,0,3,0.0,0,Java,75.5,70,0.0,53.2,68,14.8,80.1,62,0.0,77.7,55,0.0,75.1,88,12.9,43.9,58,14.1,66.5,45,0.0,65.3,82,16.7,85.7,70,0.0,70.2,76,5.8,93.57,6.43,68.9,Low Gap,Placed,2025-11-29 00:00:00
STU0345,JNTU Kakinada,Male,2025,Software Developer,6.93,75.9,1,2,0.0,0,Java,71.9,80,8.1,64.1,78,13.9,86.5,72,0.0,43.7,68,24.3,73.7,60,0.0,64.7,55,0.0,68.7,45,0.0,62.0,50,0.0,62.3,72,9.7,61.8,78,16.2,92.78,7.22,70.53,Low Gap,Not Placed,2025-10-11 00:00:00
STU0346,Vignan University,Male,2027,DevOps Engineer,7.79,90.4,0,1,1.0,0,C++,74.3,72,0.0,82.2,70,0.0,69.6,58,0.0,81.3,50,0.0,64.2,82,17.8,56.3,52,0.0,94.6,48,0.0,48.1,88,39.9,98.0,72,0.0,82.8,80,0.0,94.22,5.78,68.44,Low Gap,Placed,2025-12-20 00:00:00
STU0347,KL University,Male,2026,Cloud Engineer,7.86,82.4,2,5,1.0,1,Python,76.8,70,0.0,86.3,68,0.0,91.8,62,0.0,97.0,55,0.0,83.6,88,4.4,75.2,58,0.0,98.0,45,0.0,72.4,82,9.6,49.8,70,20.2,77.5,76,0.0,96.58,3.42,90.72,Low Gap,Placed,2025-10-24 00:00:00
STU0348,GITAM University,Male,2026,Data Scientist,7.13,100.0,1,3,2.0,0,Python,66.1,78,11.9,47.5,75,27.5,81.7,72,0.0,61.0,55,0.0,74.0,52,0.0,92.3,88,0.0,76.2,40,0.0,78.6,45,0.0,65.4,75,9.6,60.9,82,21.1,92.99,7.01,76.96,Low Gap,Not Placed,2026-02-20 00:00:00
STU0349,Andhra University,Female,2026,Data Scientist,7.33,63.9,2,2,2.0,2,JavaScript,72.4,78,5.6,74.9,75,0.1,67.2,72,4.8,58.8,55,0.0,62.0,52,0.0,67.8,88,20.2,67.7,40,0.0,98.0,45,0.0,73.3,75,1.7,75.8,82,6.2,96.15,3.85,84.81,Low Gap,Placed,2025-09-24 00:00:00
STU0350,Andhra University,Female,2027,DevOps Engineer,7.73,82.8,2,5,1.0,0,C#,89.9,72,0.0,80.4,70,0.0,65.2,58,0.0,77.0,50,0.0,74.7,82,7.3,90.2,52,0.0,84.9,48,0.0,92.2,88,0.0,85.0,72,0.0,85.6,80,0.0,99.27,0.73,90.92,Low Gap,Not Placed,2025-11-17 00:00:00
STU0351,Andhra University,Other,2026,Data Scientist,7.36,74.2,0,3,3.0,2,C++,67.8,78,10.2,61.6,75,13.4,58.1,72,13.9,72.1,55,0.0,58.9,52,0.0,,88,22.8,92.5,40,0.0,75.1,45,0.0,75.8,75,0.0,77.5,82,4.5,93.52,6.48,76.72,Low Gap,Placed,2026-05-18 00:00:00
STU0352,JNTU Kakinada,Female,2025,Full Stack Developer,7.33,82.6,1,3,0.0,2,Python,59.2,82,22.8,44.0,76,32.0,81.5,70,0.0,69.0,88,19.0,71.7,62,0.0,65.0,50,0.0,74.3,42,0.0,75.9,58,0.0,69.5,74,4.5,54.5,80,25.5,89.62,10.38,74.27,Moderate Gap,Not Placed,2025-07-10 00:00:00
STU0353,Vignan University,Male,2027,Cloud Engineer,7.75,82.4,1,4,0.0,0,Java,52.7,70,17.3,47.1,68,20.9,70.6,62,0.0,68.0,55,0.0,65.9,88,22.1,76.6,58,0.0,67.3,45,0.0,79.5,82,2.5,71.4,70,0.0,51.2,76,24.8,91.23,8.77,73.56,Low Gap,Not Placed,2025-08-18 00:00:00
STU0354,Vignan University,Female,2027,Software Developer,8.66,72.8,1,3,2.0,1,C++,78.5,80,1.5,63.4,78,14.6,75.6,72,0.0,86.2,68,0.0,77.6,60,0.0,76.5,55,0.0,91.8,45,0.0,79.7,50,0.0,54.3,72,17.7,47.0,78,31.0,93.51,6.49,79.49,Low Gap,Placed,2026-07-01 00:00:00
STU0355,KL University,Female,2027,DevOps Engineer,7.19,100.0,1,5,0.0,0,C++,78.9,72,0.0,86.0,70,0.0,94.2,58,0.0,45.4,50,4.6,79.7,82,2.3,65.5,52,0.0,70.8,48,0.0,72.3,88,15.7,40.9,72,31.1,90.6,80,0.0,94.62,5.38,79.31,Low Gap,Placed,2025-08-20 00:00:00
STU0356,SRM University,Male,2025,Software Developer,7.11,85.1,1,1,2.0,0,Java,58.1,80,21.9,51.3,78,26.7,73.7,72,0.0,60.9,68,7.1,77.1,60,0.0,71.1,55,0.0,50.6,45,0.0,63.2,50,0.0,61.0,72,11.0,59.0,78,19.0,91.43,8.57,69.93,Low Gap,Placed,2025-09-10 00:00:00
STU0357,Vignan University,Female,2026,Full Stack Developer,7.68,83.4,1,2,1.0,0,JavaScript,87.1,82,0.0,84.3,76,0.0,73.6,70,0.0,68.8,88,19.2,84.5,62,0.0,81.3,50,0.0,65.8,42,0.0,63.6,58,0.0,75.7,74,0.0,93.7,80,0.0,98.08,1.92,77.99,Low Gap,Placed,2025-03-06 00:00:00
STU0358,SRM University,Male,2026,Cloud Engineer,8.67,93.1,1,2,2.0,0,C#,70.3,70,0.0,70.3,68,0.0,78.4,62,0.0,67.1,55,0.0,89.8,88,0.0,72.7,58,0.0,70.6,45,0.0,82.8,82,0.0,70.3,70,0.0,78.2,76,0.0,100.0,0.0,79.52,Low Gap,Placed,2026-03-18 00:00:00
STU0359,Andhra University,Female,2026,Cloud Engineer,7.7,77.1,2,3,4.0,0,Java,92.9,70,0.0,79.0,68,0.0,77.9,62,0.0,85.4,55,0.0,92.9,88,0.0,87.3,58,0.0,61.0,45,0.0,95.1,82,0.0,81.6,70,0.0,87.0,76,0.0,100.0,0.0,92.2,Low Gap,Placed,2026-05-26 00:00:00
STU0360,KL University,Male,2026,DevOps Engineer,6.9,86.2,0,4,1.0,3,Java,73.7,72,0.0,56.9,70,13.1,68.1,58,0.0,48.9,50,1.1,98.0,82,0.0,79.4,52,0.0,58.9,48,0.0,73.4,88,14.6,48.5,72,23.5,65.0,80,15.0,93.27,6.73,76.1,Low Gap,Not Placed,2026-04-23 00:00:00
STU0361,KL University,Male,2026,Data Scientist,7.97,77.1,1,3,1.0,2,C#,78.4,78,0.0,93.8,75,0.0,81.4,72,0.0,67.0,55,0.0,74.5,52,0.0,86.7,88,1.3,85.7,40,0.0,75.9,45,0.0,63.8,75,11.2,91.2,82,0.0,98.75,1.25,83.89,Low Gap,Placed,2026-02-26 00:00:00
STU0362,Andhra University,Male,2025,Data Scientist,7.51,92.5,1,3,1.0,0,JavaScript,70.9,78,7.1,75.5,75,0.0,87.2,72,0.0,77.4,55,0.0,76.1,52,0.0,60.2,88,27.8,75.8,40,0.0,92.5,45,0.0,80.8,75,0.0,66.1,82,15.9,94.93,5.07,78.09,Low Gap,Not Placed,2026-06-17 00:00:00
STU0363,KL University,Male,2025,DevOps Engineer,7.69,91.0,1,3,0.0,1,Java,98.0,72,0.0,85.2,70,0.0,29.3,58,28.7,90.2,50,0.0,68.8,82,13.2,65.7,52,0.0,70.5,48,0.0,70.0,88,18.0,78.9,72,0.0,94.0,80,0.0,94.01,5.99,77.32,Low Gap,Placed,2025-09-01 00:00:00
STU0364,Andhra University,Male,2026,Cloud Engineer,8.11,80.6,1,2,1.0,1,C#,65.5,70,4.5,62.8,68,5.2,66.8,62,0.0,69.2,55,0.0,85.9,88,2.1,71.8,58,0.0,77.9,45,0.0,77.7,82,4.3,62.9,70,7.1,54.4,76,21.6,95.51,4.49,75.83,Low Gap,Placed,2025-08-18 00:00:00
STU0365,JNTU Kakinada,Female,2026,Data Scientist,8.05,83.3,0,1,1.0,0,Python,64.3,78,13.7,62.5,75,12.5,56.3,72,15.7,57.4,55,0.0,71.5,52,0.0,55.3,88,32.7,65.2,40,0.0,54.0,45,0.0,77.3,75,0.0,60.8,82,21.2,90.43,9.57,62.93,Low Gap,Placed,2026-06-15 00:00:00
STU0366,Andhra University,Male,2027,Data Scientist,7.72,80.3,2,2,1.0,3,Python,59.6,78,18.4,70.5,75,4.5,87.1,72,0.0,70.6,55,0.0,58.6,52,0.0,79.2,88,8.8,67.9,40,0.0,78.6,45,0.0,84.6,75,0.0,58.0,82,24.0,94.42,5.58,83.93,Low Gap,Placed,2025-05-30 00:00:00
STU0367,JNTU Kakinada,Male,2026,Software Developer,8.42,76.3,1,3,1.0,1,C++,71.0,80,9.0,72.1,78,5.9,55.3,72,16.7,85.7,68,0.0,98.0,60,0.0,68.9,55,0.0,98.0,45,0.0,76.9,50,0.0,84.5,72,0.0,84.4,78,0.0,96.84,3.16,81.43,Low Gap,Placed,2025-01-30 00:00:00
STU0368,Andhra University,Male,2027,Data Scientist,7.9,89.5,3,1,1.0,0,C#,90.2,78,0.0,96.7,75,0.0,77.5,72,0.0,69.8,55,0.0,98.0,52,0.0,83.6,88,4.4,70.5,40,0.0,91.0,45,0.0,66.6,75,8.4,87.7,82,0.0,98.72,1.28,87.87,Low Gap,Placed,2026-01-07 00:00:00
STU0369,SRM University,Female,2025,Cloud Engineer,6.82,82.2,2,2,3.0,0,JavaScript,85.2,70,0.0,79.8,68,0.0,84.7,62,0.0,74.3,55,0.0,96.8,88,0.0,90.4,58,0.0,70.0,45,0.0,85.4,82,0.0,66.9,70,3.1,91.0,76,0.0,99.69,0.31,88.1,Low Gap,Placed,2025-02-14 00:00:00
STU0370,GITAM University,Female,2026,Full Stack Developer,7.81,85.8,1,3,1.0,1,JavaScript,73.0,82,9.0,75.0,76,1.0,76.6,70,0.0,64.3,88,23.7,70.2,62,0.0,72.0,50,0.0,78.6,42,0.0,59.7,58,0.0,69.3,74,4.7,77.8,80,2.2,95.94,4.06,78.67,Low Gap,Placed,2025-12-17 00:00:00
STU0371,KL University,Male,2025,Data Scientist,7.29,73.8,1,3,3.0,2,C#,73.1,78,4.9,72.3,75,2.7,58.9,72,13.1,64.1,55,0.0,85.0,52,0.0,78.0,88,10.0,76.5,40,0.0,78.9,45,0.0,89.0,75,0.0,62.5,82,19.5,94.98,5.02,83.39,Low Gap,Placed,2025-09-15 00:00:00
STU0372,JNTU Kakinada,Male,2026,Software Developer,7.9,76.3,1,3,0.0,1,Java,80.2,80,0.0,87.9,78,0.0,60.6,72,11.4,44.7,68,23.3,52.9,60,7.1,73.7,55,0.0,76.4,45,0.0,57.2,50,0.0,77.0,72,0.0,75.6,78,2.4,95.59,4.41,76.11,Low Gap,Placed,2025-01-24 00:00:00
STU0373,GITAM University,Male,2025,Data Analyst,9.3,70.1,0,1,0.0,1,JavaScript,63.6,72,8.4,57.6,65,7.4,76.6,78,1.4,75.1,62,0.0,56.8,55,0.0,76.5,78,1.5,68.8,35,0.0,49.4,40,0.0,89.3,75,0.0,47.7,72,24.3,95.7,4.3,66.4,Low Gap,Placed,2025-12-13 00:00:00
STU0374,Andhra University,Male,2025,Cloud Engineer,6.86,80.4,1,4,,1,C++,72.5,70,0.0,69.0,68,0.0,65.4,62,0.0,87.0,55,0.0,63.8,88,24.2,65.0,58,0.0,58.5,45,0.0,74.8,82,7.2,63.9,70,6.1,66.1,76,9.9,95.27,4.73,79.45,Low Gap,Not Placed,2025-01-10 00:00:00
STU0375,SRM University,Female,2026,Data Scientist,6.56,80.4,1,3,2.0,1,Java,52.1,78,25.9,24.1,75,50.9,78.9,72,0.0,62.9,55,0.0,52.6,52,0.0,70.2,88,17.8,65.5,40,0.0,66.0,45,0.0,77.8,75,0.0,48.1,82,33.9,87.14,12.86,72.66,Moderate Gap,Not Placed,2025-06-18 00:00:00
STU0376,SRM University,Female,2027,Data Analyst,7.77,99.9,0,3,0.0,1,JavaScript,82.2,72,0.0,90.8,65,0.0,61.4,78,16.6,71.7,62,0.0,66.4,55,0.0,61.2,78,16.8,82.0,35,0.0,79.5,40,0.0,66.4,75,8.6,98.0,72,0.0,95.81,4.19,73.4,Low Gap,Placed,2026-01-09 00:00:00
STU0377,Andhra University,Male,2027,Cloud Engineer,7.12,87.3,3,3,3.0,1,Java,79.3,70,0.0,59.8,68,8.2,73.3,62,0.0,98.0,55,0.0,76.8,88,11.2,98.0,58,0.0,81.6,45,0.0,86.9,82,0.0,64.7,70,5.3,62.2,76,13.8,96.15,3.85,93.69,Low Gap,Placed,2025-03-11 00:00:00
STU0378,Vignan University,Female,2027,Cloud Engineer,7.77,77.4,1,4,1.0,0,JavaScript,67.4,70,2.6,55.0,68,13.0,67.4,62,0.0,79.5,55,0.0,83.5,88,4.5,83.5,58,0.0,68.7,45,0.0,88.8,82,0.0,97.8,70,0.0,61.9,76,14.1,96.58,3.42,80.57,Low Gap,Placed,2025-10-28 00:00:00
STU0379,JNTU Kakinada,Male,2025,Data Scientist,7.65,86.9,2,1,1.0,0,Python,90.5,78,0.0,82.7,75,0.0,98.0,72,0.0,89.7,55,0.0,89.1,52,0.0,89.3,88,0.0,88.9,40,0.0,74.7,45,0.0,72.0,75,3.0,84.5,82,0.0,99.7,0.3,84.15,Low Gap,Placed,2025-10-05 00:00:00
STU0380,JNTU Kakinada,Male,2026,Data Analyst,8.88,61.7,0,3,1.0,0,Java,79.6,72,0.0,78.9,65,0.0,81.1,78,0.0,96.8,62,0.0,48.7,55,6.3,66.0,78,12.0,71.9,35,0.0,91.9,40,0.0,75.0,75,0.0,78.6,72,0.0,98.17,1.83,74.73,Low Gap,Not Placed,2026-03-22 00:00:00
STU0381,JNTU Kakinada,Female,2026,Full Stack Developer,7.55,93.0,1,2,1.0,0,C++,79.4,82,2.6,90.8,76,0.0,73.6,70,0.0,91.5,88,0.0,63.9,62,0.0,68.0,50,0.0,81.0,42,0.0,76.4,58,0.0,58.5,74,15.5,83.1,80,0.0,98.19,1.81,77.67,Low Gap,Placed,2025-08-24 00:00:00
STU0382,JNTU Kakinada,Female,2026,Full Stack Developer,6.92,86.3,2,1,1.0,0,C#,70.9,82,11.1,80.4,76,0.0,79.4,70,0.0,79.6,88,8.4,51.2,62,10.8,76.5,50,0.0,70.4,42,0.0,72.8,58,0.0,67.1,74,6.9,76.4,80,3.6,95.91,4.09,78.4,Low Gap,Not Placed,2025-01-11 00:00:00
STU0383,JNTU Kakinada,Male,2026,Data Scientist,6.58,74.8,1,2,0.0,2,Java,79.0,78,0.0,73.9,75,1.1,52.0,72,20.0,84.5,55,0.0,70.3,52,0.0,68.2,88,19.8,62.6,40,0.0,72.9,45,0.0,52.1,75,22.9,69.3,82,12.7,92.35,7.65,74.1,Low Gap,Not Placed,2025-05-02 00:00:00
STU0384,JNTU Kakinada,Male,2027,Cloud Engineer,7.36,89.2,2,3,1.0,0,C#,98.0,70,0.0,98.0,68,0.0,88.5,62,0.0,92.4,55,0.0,97.8,88,0.0,78.1,58,0.0,93.3,45,0.0,74.8,82,7.2,50.6,70,19.4,98.0,76,0.0,97.34,2.66,87.39,Low Gap,Placed,2025-12-03 00:00:00
STU0385,Andhra University,Male,2027,Data Analyst,8.3,84.9,2,3,1.0,1,JavaScript,89.1,72,0.0,98.0,65,0.0,89.3,78,0.0,81.5,62,0.0,82.6,55,0.0,93.8,78,0.0,98.0,35,0.0,66.2,40,0.0,57.2,75,17.8,89.4,72,0.0,98.22,1.78,88.55,Low Gap,Placed,2025-06-15 00:00:00
STU0386,Vignan University,Female,2027,Software Developer,8.11,94.7,0,3,1.0,0,Java,65.0,80,15.0,66.2,78,11.8,82.3,72,0.0,83.2,68,0.0,77.3,60,0.0,81.8,55,0.0,65.9,45,0.0,71.8,50,0.0,69.0,72,3.0,64.7,78,13.3,95.69,4.31,72.38,Low Gap,Placed,2025-08-07 00:00:00
STU0387,SRM University,Male,2027,Data Analyst,8.72,79.6,0,3,2.0,0,C++,81.6,72,0.0,77.5,65,0.0,65.4,78,12.6,53.2,62,8.8,96.5,55,0.0,75.7,78,2.3,80.7,35,0.0,73.6,40,0.0,78.8,75,0.0,91.6,72,0.0,97.63,2.37,76.17,Low Gap,Not Placed,2025-01-08 00:00:00
STU0388,SRM University,Male,2025,Full Stack Developer,6.43,84.2,1,3,1.0,0,Python,68.6,82,13.4,65.2,76,10.8,81.0,70,0.0,83.1,88,4.9,68.3,62,0.0,68.4,50,0.0,76.4,42,0.0,74.7,58,0.0,70.4,74,3.6,66.0,80,14.0,95.33,4.67,77.06,Low Gap,Placed,2026-03-11 00:00:00
STU0389,Vignan University,Female,2027,Software Developer,7.62,90.4,1,4,2.0,2,C++,78.5,80,1.5,78.6,78,0.0,60.8,72,11.2,76.1,68,0.0,66.0,60,0.0,97.5,55,0.0,76.0,45,0.0,83.7,50,0.0,68.7,72,3.3,73.4,78,4.6,97.95,2.05,85.86,Low Gap,Placed,2025-10-14 00:00:00
STU0390,KL University,Female,2027,Data Analyst,7.44,87.7,0,4,,3,JavaScript,55.9,72,16.1,41.5,65,23.5,63.3,78,14.7,45.7,62,16.3,71.8,55,0.0,54.9,78,23.1,77.1,35,0.0,74.2,40,0.0,56.7,75,18.3,44.3,72,27.7,86.03,13.97,68.78,Moderate Gap,Placed,2025-10-25 00:00:00
STU0391,Vignan University,Female,2026,Software Developer,9.01,89.8,3,2,2.0,0,JavaScript,98.0,80,0.0,98.0,78,0.0,85.5,72,0.0,84.6,68,0.0,79.0,60,0.0,94.0,55,0.0,98.0,45,0.0,84.1,50,0.0,82.6,72,0.0,87.0,78,0.0,100.0,0.0,93.72,Low Gap,Placed,2026-03-16 00:00:00
STU0392,Andhra University,Male,2027,Cloud Engineer,7.79,90.7,0,4,0.0,0,JavaScript,89.5,70,0.0,81.0,68,0.0,96.5,62,0.0,65.7,55,0.0,73.1,88,14.9,91.3,58,0.0,68.0,45,0.0,72.3,82,9.7,68.6,70,1.4,95.0,76,0.0,97.4,2.6,75.86,Low Gap,Placed,2026-06-25 00:00:00
STU0393,Vignan University,Male,2027,Data Scientist,9.18,86.6,0,3,1.0,0,C++,66.0,78,12.0,44.6,75,30.4,81.2,72,0.0,79.0,55,0.0,64.0,52,0.0,64.2,88,23.8,84.3,40,0.0,80.6,45,0.0,74.6,75,0.4,62.4,82,19.6,91.39,8.61,69.66,Low Gap,Placed,2026-06-04 00:00:00
STU0394,KL University,Male,2026,Cloud Engineer,8.54,72.5,3,2,0.0,0,JavaScript,89.8,70,0.0,79.6,68,0.0,84.2,62,0.0,77.2,55,0.0,73.1,88,14.9,91.1,58,0.0,63.8,45,0.0,89.1,82,0.0,79.1,70,0.0,83.1,76,0.0,98.51,1.49,87.63,Low Gap,Not Placed,2025-02-19 00:00:00
STU0395,JNTU Kakinada,Male,2027,DevOps Engineer,6.38,80.8,2,2,,2,JavaScript,60.8,72,11.2,65.1,70,4.9,60.5,58,0.0,66.4,50,0.0,54.2,82,27.8,81.0,52,0.0,73.4,48,0.0,68.8,88,19.2,61.2,72,10.8,68.6,80,11.4,91.46,8.54,79.45,Low Gap,Placed,2025-12-27 00:00:00
STU0396,Andhra University,Male,2027,Data Scientist,7.49,83.2,1,2,0.0,2,C++,77.5,78,0.5,60.0,75,15.0,48.4,72,23.6,61.7,55,0.0,76.8,52,0.0,48.9,88,39.1,78.3,40,0.0,74.1,45,0.0,56.9,75,18.1,66.0,82,16.0,88.77,11.23,71.4,Moderate Gap,Not Placed,2025-07-31 00:00:00
STU0397,KL University,Female,2026,Full Stack Developer,7.85,,2,2,3.0,0,Java,86.1,82,0.0,83.0,76,0.0,81.1,70,0.0,78.1,88,9.9,83.8,62,0.0,72.2,50,0.0,75.0,42,0.0,77.4,58,0.0,67.3,74,6.7,79.6,80,0.4,98.3,1.7,86.24,Low Gap,Placed,2025-10-12 00:00:00
STU0398,Vignan University,Female,2027,Data Scientist,7.07,87.3,2,2,1.0,0,JavaScript,91.8,78,0.0,98.0,75,0.0,74.4,72,0.0,80.4,55,0.0,62.4,52,0.0,90.2,88,0.0,80.7,40,0.0,84.7,45,0.0,70.2,75,4.8,86.8,82,0.0,99.52,0.48,84.87,Low Gap,Placed,2026-06-14 00:00:00
STU0399,GITAM University,Female,2025,Data Analyst,7.87,70.3,1,3,0.0,0,JavaScript,52.8,72,19.2,46.4,65,18.6,70.8,78,7.2,81.2,62,0.0,75.4,55,0.0,92.5,78,0.0,60.7,35,0.0,83.7,40,0.0,75.9,75,0.0,57.1,72,14.9,94.01,5.99,74.2,Low Gap,Placed,2025-08-17 00:00:00
STU0400,GITAM University,Male,2025,Data Analyst,7.06,83.0,2,3,1.0,2,Python,80.9,72,0.0,61.0,65,4.0,98.0,78,0.0,68.4,62,0.0,,55,0.0,69.5,78,8.5,93.4,35,0.0,69.9,40,0.0,57.5,75,17.5,84.3,72,0.0,97.0,3.0,87.54,Low Gap,Placed,2026-06-24 00:00:00
STU0401,KL University,Female,2027,Cloud Engineer,6.1,87.3,1,2,3.0,1,Java,78.4,70,0.0,66.7,68,1.3,65.1,62,0.0,81.9,55,0.0,65.1,88,22.9,72.4,58,0.0,70.8,45,0.0,84.4,82,0.0,44.6,70,25.4,73.9,76,2.1,94.84,5.16,78.78,Low Gap,Placed,2025-02-25 00:00:00
STU0402,JNTU Kakinada,Male,2027,Full Stack Developer,7.16,81.0,3,2,1.0,1,JavaScript,97.5,82,0.0,97.1,76,0.0,98.0,70,0.0,76.7,88,11.3,71.3,62,0.0,86.6,50,0.0,74.1,42,0.0,64.3,58,0.0,54.1,74,19.9,88.4,80,0.0,96.87,3.13,89.83,Low Gap,Placed,2025-01-02 00:00:00
STU0403,JNTU Kakinada,Male,2027,Cloud Engineer,7.26,71.8,2,4,,0,Java,82.1,70,0.0,73.7,68,0.0,88.9,62,0.0,92.1,55,0.0,64.0,88,24.0,67.3,58,0.0,87.1,45,0.0,62.7,82,19.3,77.3,70,0.0,69.4,76,6.6,95.01,4.99,88.19,Low Gap,Placed,2025-02-24 00:00:00
STU0404,Andhra University,Female,2027,Data Analyst,9.26,56.8,1,3,3.0,1,Python,69.8,72,2.2,79.0,65,0.0,89.7,78,0.0,94.1,62,0.0,98.0,55,0.0,95.7,78,0.0,84.9,35,0.0,80.9,40,0.0,74.7,75,0.3,78.4,72,0.0,99.75,0.25,87.25,Low Gap,Placed,2025-09-17 00:00:00
STU0405,Vignan University,Male,2027,Cloud Engineer,7.68,81.3,2,3,2.0,0,Java,59.7,70,10.3,58.5,68,9.5,98.0,62,0.0,32.2,55,22.8,80.4,88,7.6,79.5,58,0.0,81.7,45,0.0,98.0,82,0.0,78.1,70,0.0,67.0,76,9.0,94.09,5.91,83.33,Low Gap,Placed,2025-09-28 00:00:00
STU0406,JNTU Kakinada,Female,2025,Data Analyst,7.63,79.1,1,3,2.0,2,Java,71.2,72,0.8,79.9,65,0.0,90.7,78,0.0,69.0,62,0.0,90.3,55,0.0,85.9,78,0.0,73.5,35,0.0,67.4,40,0.0,57.8,75,17.2,76.7,72,0.0,98.2,1.8,84.06,Low Gap,Placed,2026-02-24 00:00:00
STU0407,Andhra University,Female,2027,Data Analyst,5.89,80.2,1,5,3.0,1,JavaScript,70.1,72,1.9,58.7,65,6.3,91.7,78,0.0,55.9,62,6.1,70.1,55,0.0,98.0,78,0.0,76.3,35,0.0,73.8,40,0.0,59.1,75,15.9,70.9,72,1.1,96.88,3.12,86.34,Low Gap,Placed,2025-04-24 00:00:00
STU0408,Vignan University,Female,2026,Data Analyst,7.0,78.3,0,2,1.0,2,C++,83.1,72,0.0,73.5,65,0.0,38.1,78,39.9,78.1,62,0.0,52.0,55,3.0,47.6,78,30.4,43.6,35,0.0,42.7,40,0.0,60.9,75,14.1,84.3,72,0.0,91.25,8.75,67.68,Low Gap,Placed,2025-06-21 00:00:00
STU0409,SRM University,Male,2026,Data Analyst,8.03,67.0,2,5,0.0,0,Java,91.8,72,0.0,81.8,65,0.0,82.3,78,0.0,69.2,62,0.0,78.8,55,0.0,73.3,78,4.7,87.0,35,0.0,70.5,40,0.0,67.9,75,7.1,98.0,72,0.0,98.82,1.18,88.49,Low Gap,Placed,2025-04-27 00:00:00
STU0410,GITAM University,Male,2025,DevOps Engineer,6.55,86.5,1,2,0.0,1,C#,60.8,72,11.2,54.5,70,15.5,57.3,58,0.7,73.8,50,0.0,62.1,82,19.9,85.0,52,0.0,63.6,48,0.0,46.4,88,41.6,67.3,72,4.7,62.4,80,17.6,88.88,11.12,69.49,Moderate Gap,Not Placed,2025-11-06 00:00:00
STU0411,GITAM University,Male,2027,DevOps Engineer,7.88,90.2,1,3,2.0,2,C#,79.4,72,0.0,85.6,70,0.0,76.0,58,0.0,83.0,50,0.0,63.5,82,18.5,72.7,52,0.0,91.7,48,0.0,91.3,88,0.0,67.4,72,4.6,91.2,80,0.0,97.69,2.31,85.02,Low Gap,Placed,2025-12-22 00:00:00
STU0412,SRM University,Male,2027,Software Developer,6.44,79.0,1,2,1.0,0,Java,71.7,80,8.3,61.9,78,16.1,48.8,72,23.2,70.4,68,0.0,59.3,60,0.7,60.5,55,0.0,58.7,45,0.0,98.0,50,0.0,62.4,72,9.6,70.3,78,7.7,93.45,6.55,72.41,Low Gap,Placed,2026-07-02 00:00:00
STU0413,Vignan University,Male,2025,Full Stack Developer,8.71,80.1,2,5,1.0,0,Java,98.0,82,0.0,85.9,76,0.0,89.7,70,0.0,87.4,88,0.6,93.3,62,0.0,98.0,50,0.0,96.6,42,0.0,85.3,58,0.0,50.6,74,23.4,93.1,80,0.0,97.6,2.4,91.76,Low Gap,Placed,2026-01-11 00:00:00
STU0414,Vignan University,Male,2025,Full Stack Developer,7.99,100.0,3,3,2.0,1,Java,81.7,82,0.3,85.5,76,0.0,98.0,70,0.0,71.4,88,16.6,57.8,62,4.2,83.0,50,0.0,88.8,42,0.0,81.8,58,0.0,72.0,74,2.0,76.4,80,3.6,97.33,2.67,93.19,Low Gap,Placed,2025-06-10 00:00:00
STU0415,GITAM University,Male,2027,Data Analyst,6.25,92.1,1,1,2.0,0,C#,49.8,72,22.2,44.7,65,20.3,81.9,78,0.0,69.3,62,0.0,79.2,55,0.0,81.5,78,0.0,55.3,35,0.0,67.1,40,0.0,77.3,75,0.0,45.8,72,26.2,93.13,6.87,71.47,Low Gap,Not Placed,2025-10-31 00:00:00
STU0416,Andhra University,Female,2025,DevOps Engineer,7.39,85.0,0,2,3.0,0,C++,75.3,72,0.0,67.5,70,2.5,66.2,58,0.0,80.3,50,0.0,58.1,82,23.9,61.6,52,0.0,72.4,48,0.0,66.6,88,21.4,67.9,72,4.1,65.5,80,14.5,93.36,6.64,70.95,Low Gap,Placed,2025-10-15 00:00:00
STU0417,Vignan University,Male,2027,Cloud Engineer,7.19,91.0,1,3,2.0,3,Python,86.5,70,0.0,94.8,68,0.0,81.4,62,0.0,86.5,55,0.0,76.0,88,12.0,83.3,58,0.0,70.3,45,0.0,86.0,82,0.0,65.8,70,4.2,89.7,76,0.0,98.38,1.62,87.38,Low Gap,Placed,2026-03-26 00:00:00
STU0418,JNTU Kakinada,Male,2025,Cloud Engineer,7.25,78.6,2,4,2.0,0,Python,79.8,70,0.0,77.0,68,0.0,69.8,62,0.0,64.1,55,0.0,57.6,88,30.4,77.2,58,0.0,80.1,45,0.0,86.8,82,0.0,70.3,70,0.0,73.1,76,2.9,96.67,3.33,86.58,Low Gap,Placed,2026-02-03 00:00:00
STU0419,Vignan University,Female,2025,Data Analyst,7.48,91.6,3,5,1.0,2,C++,84.0,72,0.0,81.5,65,0.0,81.0,78,0.0,91.2,62,0.0,84.6,55,0.0,93.3,78,0.0,87.0,35,0.0,80.6,40,0.0,50.4,75,24.6,85.7,72,0.0,97.54,2.46,97.97,Low Gap,Placed,2025-06-08 00:00:00
STU0420,KL University,Male,2027,DevOps Engineer,9.27,83.1,0,4,1.0,0,C#,94.6,72,0.0,96.5,70,0.0,97.6,58,0.0,80.1,50,0.0,96.4,82,0.0,76.3,52,0.0,85.3,48,0.0,84.6,88,3.4,64.8,72,7.2,89.1,80,0.0,98.94,1.06,79.99,Low Gap,Placed,2025-05-18 00:00:00
STU0421,Vignan University,Male,2027,Cloud Engineer,6.78,80.5,1,5,2.0,1,Java,84.2,70,0.0,80.1,68,0.0,55.1,62,6.9,67.8,55,0.0,72.4,88,15.6,53.5,58,4.5,63.9,45,0.0,74.0,82,8.0,61.9,70,8.1,83.9,76,0.0,95.68,4.32,83.46,Low Gap,Placed,2026-05-05 00:00:00
STU0422,JNTU Kakinada,Female,2026,Data Analyst,7.63,81.1,1,4,1.0,1,C++,68.7,72,3.3,57.0,65,8.0,67.4,78,10.6,73.0,62,0.0,88.4,55,0.0,86.2,78,0.0,74.1,35,0.0,75.8,40,0.0,83.2,75,0.0,54.9,72,17.1,96.1,3.9,81.11,Low Gap,Placed,2025-12-07 00:00:00
STU0423,SRM University,Female,2027,Full Stack Developer,,74.7,2,4,2.0,0,JavaScript,98.0,82,0.0,87.5,76,0.0,79.5,70,0.0,85.8,88,2.2,98.0,62,0.0,72.9,50,0.0,70.5,42,0.0,70.4,58,0.0,74.5,74,0.0,94.4,80,0.0,99.78,0.22,90.85,Low Gap,Placed,2026-07-24 00:00:00
STU0424,GITAM University,Female,2027,Software Developer,8.46,78.6,1,3,0.0,1,Python,70.6,80,9.4,52.9,78,25.1,86.4,72,0.0,64.3,68,3.7,73.3,60,0.0,,55,0.0,60.4,45,0.0,58.9,50,0.0,82.3,72,0.0,64.6,78,13.4,94.84,5.16,76.43,Low Gap,Placed,2026-03-10 00:00:00
STU0425,Andhra University,Other,2025,Data Analyst,7.36,70.5,1,3,2.0,1,Java,74.4,72,0.0,59.2,65,5.8,58.9,78,19.1,98.0,62,0.0,86.8,55,0.0,79.3,78,0.0,66.4,35,0.0,64.4,40,0.0,78.6,75,0.0,66.9,72,5.1,97.0,3.0,81.14,Low Gap,Placed,2026-05-30 00:00:00
STU0426,JNTU Kakinada,Male,2026,DevOps Engineer,8.34,86.9,1,2,1.0,0,Python,98.0,72,0.0,86.4,70,0.0,58.7,58,0.0,51.4,50,0.0,50.6,82,31.4,84.9,52,0.0,71.5,48,0.0,62.2,88,25.8,91.7,72,0.0,98.0,80,0.0,94.28,5.72,75.53,Low Gap,Placed,2025-10-19 00:00:00
STU0427,SRM University,Male,2027,Software Developer,8.5,88.1,2,3,2.0,1,C#,93.2,80,0.0,90.1,78,0.0,98.0,72,0.0,87.6,68,0.0,85.3,60,0.0,89.3,55,0.0,81.8,45,0.0,88.7,50,0.0,64.4,72,7.6,89.0,78,0.0,99.24,0.76,91.18,Low Gap,Placed,2026-01-28 00:00:00
STU0428,Andhra University,Male,2027,Full Stack Developer,7.82,95.1,1,4,1.0,1,C++,72.7,82,9.3,70.4,76,5.6,72.7,70,0.0,89.7,88,0.0,89.7,62,0.0,75.0,50,0.0,77.8,42,0.0,80.2,58,0.0,69.6,74,4.4,59.8,80,20.2,96.04,3.96,81.95,Low Gap,Placed,2025-09-30 00:00:00
STU0429,KL University,Female,2027,DevOps Engineer,7.7,87.5,1,3,3.0,0,Java,86.4,72,0.0,71.6,70,0.0,85.9,58,0.0,69.7,50,0.0,,82,0.0,91.3,52,0.0,63.2,48,0.0,66.5,88,21.5,77.0,72,0.0,76.7,80,3.3,97.52,2.48,82.97,Low Gap,Placed,2025-08-12 00:00:00
STU0430,Vignan University,Female,2027,Full Stack Developer,7.55,86.1,3,4,3.0,0,C++,74.2,82,7.8,75.8,76,0.2,88.9,70,0.0,94.0,88,0.0,77.7,62,0.0,75.0,50,0.0,73.5,42,0.0,83.9,58,0.0,57.6,74,16.4,78.9,80,1.1,97.45,2.55,94.74,Low Gap,Placed,2025-07-01 00:00:00
STU0431,GITAM University,Male,2027,Data Analyst,8.06,87.9,0,3,2.0,0,Java,69.9,72,2.1,53.7,65,11.3,62.8,78,15.2,79.8,62,0.0,70.2,55,0.0,88.3,78,0.0,85.0,35,0.0,69.8,40,0.0,75.7,75,0.0,55.8,72,16.2,95.52,4.48,73.31,Low Gap,Placed,2026-02-23 00:00:00
STU0432,JNTU Kakinada,Male,2027,Data Analyst,7.86,79.9,1,3,0.0,2,C++,69.7,72,2.3,73.4,65,0.0,83.6,78,0.0,81.2,62,0.0,75.1,55,0.0,78.7,78,0.0,67.8,35,0.0,70.9,40,0.0,98.0,75,0.0,85.4,72,0.0,99.77,0.23,82.41,Low Gap,Placed,2025-11-11 00:00:00
STU0433,KL University,Female,2025,Data Scientist,8.26,85.0,0,5,0.0,0,C++,80.5,78,0.0,98.0,75,0.0,71.2,72,0.8,93.2,55,0.0,77.7,52,0.0,82.8,88,5.2,76.9,40,0.0,64.1,45,0.0,84.2,75,0.0,82.1,82,0.0,99.4,0.6,79.05,Low Gap,Not Placed,2026-06-17 00:00:00
STU0434,GITAM University,Male,2027,Cloud Engineer,6.55,72.9,0,4,1.0,2,Java,60.5,70,9.5,53.1,68,14.9,63.2,62,0.0,67.0,55,0.0,64.3,88,23.7,75.7,58,0.0,62.5,45,0.0,60.1,82,21.9,53.3,70,16.7,39.4,76,36.6,87.67,12.33,69.92,Moderate Gap,Placed,2025-05-03 00:00:00
STU0435,Vignan University,Male,2026,Full Stack Developer,6.54,71.6,2,3,0.0,0,C#,75.7,82,6.3,73.4,76,2.6,43.8,70,26.2,83.2,88,4.8,62.8,62,0.0,69.4,50,0.0,87.7,42,0.0,68.1,58,0.0,66.4,74,7.6,72.2,80,7.8,94.47,5.53,79.59,Low Gap,Placed,2025-01-26 00:00:00
STU0436,GITAM University,Female,2027,Cloud Engineer,7.28,76.9,1,5,,1,JavaScript,81.0,70,0.0,63.8,68,4.2,93.6,62,0.0,66.0,55,0.0,91.1,88,0.0,90.5,58,0.0,62.8,45,0.0,81.7,82,0.3,67.5,70,2.5,70.6,76,5.4,98.76,1.24,85.5,Low Gap,Placed,2026-01-06 00:00:00
STU0437,KL University,Female,2027,Data Scientist,6.65,59.6,3,3,1.0,0,C#,80.1,78,0.0,69.6,75,5.4,72.2,72,0.0,74.4,55,0.0,72.8,52,0.0,75.4,88,12.6,68.8,40,0.0,68.7,45,0.0,88.0,75,0.0,71.7,82,10.3,97.17,2.83,88.48,Low Gap,Placed,2025-12-01 00:00:00
STU0438,Andhra University,Female,2026,DevOps Engineer,8.32,95.6,1,3,2.0,0,Java,98.0,72,0.0,98.0,70,0.0,81.9,58,0.0,75.5,50,0.0,98.0,82,0.0,70.0,52,0.0,83.0,48,0.0,95.5,88,0.0,91.1,72,0.0,93.6,80,0.0,100.0,0.0,85.54,Low Gap,Placed,2026-01-22 00:00:00
STU0439,JNTU Kakinada,Male,2026,Full Stack Developer,7.7,76.1,0,5,2.0,0,Python,80.1,82,1.9,69.7,76,6.3,74.0,70,0.0,76.1,88,11.9,50.2,62,11.8,87.1,50,0.0,79.1,42,0.0,80.3,58,0.0,,74,0.0,70.2,80,9.8,95.83,4.17,78.5,Low Gap,Placed,2026-05-24 00:00:00
STU0440,Andhra University,Female,2026,Full Stack Developer,7.89,97.7,1,2,1.0,0,Python,51.6,82,30.4,51.9,76,24.1,71.4,70,0.0,98.0,88,0.0,63.9,62,0.0,72.5,50,0.0,82.8,42,0.0,82.0,58,0.0,81.6,74,0.0,61.4,80,18.6,92.7,7.3,73.73,Low Gap,Not Placed,2025-07-03 00:00:00
STU0441,KL University,Female,2025,Full Stack Developer,7.72,89.3,2,3,0.0,0,Python,98.0,82,0.0,84.3,76,0.0,87.7,70,0.0,68.4,88,19.6,74.9,62,0.0,94.5,50,0.0,72.3,42,0.0,97.1,58,0.0,79.3,74,0.0,89.0,80,0.0,98.04,1.96,85.48,Low Gap,Placed,2025-06-09 00:00:00
STU0442,Andhra University,Female,2026,Cloud Engineer,6.81,73.2,2,1,1.0,1,JavaScript,59.5,70,10.5,54.5,68,13.5,50.8,62,11.2,83.1,55,0.0,84.4,88,3.6,44.8,58,13.2,60.3,45,0.0,74.7,82,7.3,68.4,70,1.6,52.8,76,23.2,91.59,8.41,75.22,Low Gap,Placed,2026-06-08 00:00:00
STU0443,Vignan University,Male,2026,DevOps Engineer,8.26,73.8,2,3,0.0,1,C#,82.2,72,0.0,69.7,70,0.3,85.9,58,0.0,68.4,50,0.0,98.0,82,0.0,61.6,52,0.0,80.9,48,0.0,98.0,88,0.0,73.9,72,0.0,78.4,80,1.6,99.81,0.19,86.32,Low Gap,Placed,2025-05-16 00:00:00
STU0444,Andhra University,Male,2027,Full Stack Developer,6.7,80.5,0,3,1.0,0,Java,86.5,82,0.0,88.1,76,0.0,90.0,70,0.0,56.1,88,31.9,,62,0.0,70.8,50,0.0,79.6,42,0.0,66.4,58,0.0,53.2,74,20.8,82.5,80,0.0,94.74,5.26,72.34,Low Gap,Placed,2026-06-20 00:00:00
STU0445,Vignan University,Female,2027,Software Developer,,66.9,0,3,3.0,1,JavaScript,81.5,80,0.0,89.4,78,0.0,54.5,72,17.5,70.3,68,0.0,67.6,60,0.0,76.1,55,0.0,73.5,45,0.0,66.7,50,0.0,81.1,72,0.0,88.7,78,0.0,98.25,1.75,78.69,Low Gap,Placed,2025-12-26 00:00:00
STU0446,KL University,Female,2025,DevOps Engineer,7.35,61.5,1,5,0.0,0,JavaScript,91.9,72,0.0,98.0,70,0.0,69.7,58,0.0,95.6,50,0.0,90.6,82,0.0,68.1,52,0.0,86.7,48,0.0,67.7,88,20.3,65.4,72,6.6,91.8,80,0.0,97.31,2.69,83.55,Low Gap,Placed,2026-02-09 00:00:00
STU0447,KL University,Female,2025,Software Developer,7.58,85.0,1,2,0.0,1,C#,70.1,80,9.9,66.0,78,12.0,95.8,72,0.0,68.7,68,0.0,92.6,60,0.0,47.9,55,7.1,73.2,45,0.0,67.4,50,0.0,51.8,72,20.2,53.9,78,24.1,92.67,7.33,72.82,Low Gap,Placed,2026-06-27 00:00:00
STU0448,Andhra University,Male,2027,Cloud Engineer,8.18,71.1,1,3,0.0,0,C#,68.8,70,1.2,56.5,68,11.5,69.5,62,0.0,80.2,55,0.0,90.5,88,0.0,77.2,58,0.0,66.6,45,0.0,93.3,82,0.0,80.6,70,0.0,62.3,76,13.7,97.35,2.65,77.17,Low Gap,Placed,2025-02-18 00:00:00
STU0449,SRM University,Male,2025,Software Developer,9.77,68.0,1,4,2.0,0,Java,72.2,80,7.8,63.4,78,14.6,67.0,72,5.0,94.4,68,0.0,91.7,60,0.0,78.0,55,0.0,98.0,45,0.0,79.9,50,0.0,66.8,72,5.2,67.0,78,11.0,95.64,4.36,82.39,Low Gap,Not Placed,2025-10-26 00:00:00
STU0450,SRM University,Male,2027,Data Analyst,7.77,82.1,2,4,3.0,0,Java,62.7,72,9.3,56.0,65,9.0,83.1,78,0.0,78.3,62,0.0,90.4,55,0.0,87.1,78,0.0,74.5,35,0.0,98.0,40,0.0,69.4,75,5.6,66.6,72,5.4,97.07,2.93,89.16,Low Gap,Placed,2026-01-29 00:00:00
STU0451,Andhra University,Female,2025,Software Developer,7.82,91.3,1,4,2.0,2,Python,87.4,80,0.0,92.1,78,0.0,81.5,72,0.0,95.9,68,0.0,98.0,60,0.0,63.4,55,0.0,81.7,45,0.0,73.3,50,0.0,49.1,72,22.9,89.0,78,0.0,97.71,2.29,87.31,Low Gap,Placed,2025-02-16 00:00:00
STU0452,JNTU Kakinada,Female,2025,Full Stack Developer,6.83,83.3,1,3,2.0,1,Java,88.9,82,0.0,78.5,76,0.0,61.0,70,9.0,63.1,88,24.9,83.6,62,0.0,76.3,50,0.0,49.7,42,0.0,77.0,58,0.0,79.7,74,0.0,86.1,80,0.0,96.61,3.39,81.29,Low Gap,Placed,2025-09-08 00:00:00
STU0453,KL University,Male,2025,Cloud Engineer,5.69,97.3,3,1,0.0,1,C++,72.4,70,0.0,74.9,68,0.0,74.6,62,0.0,70.0,55,0.0,73.2,88,14.8,58.2,58,0.0,60.0,45,0.0,75.3,82,6.7,75.3,70,0.0,72.1,76,3.9,97.46,2.54,83.54,Low Gap,Placed,2026-02-11 00:00:00
STU0454,KL University,Male,2025,Cloud Engineer,7.45,84.1,2,2,3.0,2,C#,97.1,70,0.0,96.8,68,0.0,82.5,62,0.0,98.0,55,0.0,93.6,88,0.0,86.2,58,0.0,85.7,45,0.0,71.9,82,10.1,78.7,70,0.0,91.0,76,0.0,98.99,1.01,92.48,Low Gap,Placed,2025-09-26 00:00:00
STU0455,GITAM University,Male,2025,Full Stack Developer,7.88,81.4,1,4,3.0,1,C++,80.7,82,1.3,55.2,76,20.8,74.8,70,0.0,72.8,88,15.2,69.9,62,0.0,65.1,50,0.0,71.3,42,0.0,79.8,58,0.0,85.4,74,0.0,79.0,80,1.0,96.17,3.83,84.3,Low Gap,Placed,2025-09-22 00:00:00
STU0456,Vignan University,Female,2026,Software Developer,7.96,84.1,3,3,3.0,0,C++,72.9,80,7.1,91.5,78,0.0,81.9,72,0.0,81.4,68,0.0,97.9,60,0.0,80.3,55,0.0,98.0,45,0.0,98.0,50,0.0,80.0,72,0.0,83.9,78,0.0,99.29,0.71,96.15,Low Gap,Placed,2026-05-20 00:00:00
STU0457,SRM University,Male,2027,DevOps Engineer,8.52,86.1,1,4,3.0,0,C#,85.0,72,0.0,68.7,70,1.3,73.8,58,0.0,94.7,50,0.0,70.7,82,11.3,80.9,52,0.0,73.2,48,0.0,80.3,88,7.7,,72,7.9,75.6,80,4.4,96.74,3.26,84.04,Low Gap,Placed,2026-06-28 00:00:00
STU0458,SRM University,Male,2026,Data Scientist,7.09,83.3,0,3,1.0,1,C++,50.4,78,27.6,54.9,75,20.1,44.8,72,27.2,64.4,55,0.0,70.2,52,0.0,69.7,88,18.3,59.9,40,0.0,71.6,45,0.0,74.9,75,0.1,45.5,82,36.5,87.02,12.98,66.35,Moderate Gap,Not Placed,2025-05-10 00:00:00
STU0459,KL University,Male,2026,Full Stack Developer,8.49,77.2,0,3,1.0,0,C#,75.7,82,6.3,65.6,76,10.4,84.6,70,0.0,98.0,88,0.0,70.0,62,0.0,,50,0.0,81.3,42,0.0,77.5,58,0.0,74.6,74,0.0,69.8,80,10.2,97.31,2.69,74.07,Low Gap,Placed,2025-02-21 00:00:00
STU0460,SRM University,Male,2025,Data Analyst,6.84,94.4,1,4,0.0,1,Python,76.5,72,0.0,75.2,65,0.0,83.0,78,0.0,80.4,62,0.0,83.4,55,0.0,66.0,78,12.0,85.3,35,0.0,92.8,40,0.0,54.1,75,20.9,72.2,72,0.0,96.71,3.29,81.08,Low Gap,Placed,2025-06-03 00:00:00
STU0461,JNTU Kakinada,Female,2025,Data Scientist,7.7,81.7,1,2,1.0,0,C#,78.6,78,0.0,83.8,75,0.0,85.5,72,0.0,51.1,55,3.9,69.5,52,0.0,65.6,88,22.4,54.1,40,0.0,73.1,45,0.0,76.2,75,0.0,83.1,82,0.0,97.37,2.63,75.94,Low Gap,Placed,2025-08-30 00:00:00
STU0462,SRM University,Female,2026,Full Stack Developer,8.42,78.2,1,5,2.0,2,Python,97.4,82,0.0,97.4,76,0.0,80.9,70,0.0,98.0,88,0.0,77.2,62,0.0,81.3,50,0.0,78.6,42,0.0,84.1,58,0.0,62.5,74,11.5,98.0,80,0.0,98.85,1.15,91.15,Low Gap,Not Placed,2026-04-02 00:00:00
STU0463,KL University,Other,2026,Data Analyst,8.33,,1,2,1.0,1,C++,72.7,72,0.0,82.9,65,0.0,62.6,78,15.4,65.9,62,0.0,69.6,55,0.0,67.7,78,10.3,74.6,35,0.0,69.3,40,0.0,81.0,75,0.0,84.4,72,0.0,97.43,2.57,77.76,Low Gap,Placed,2025-09-23 00:00:00
STU0464,JNTU Kakinada,Female,2025,Data Analyst,7.67,73.3,1,4,1.0,1,JavaScript,70.5,72,1.5,61.1,65,3.9,97.5,78,0.0,81.5,62,0.0,83.0,55,0.0,78.7,78,0.0,69.3,35,0.0,80.6,40,0.0,52.5,75,22.5,67.1,72,4.9,96.73,3.27,81.78,Low Gap,Placed,2026-01-19 00:00:00
STU0465,Vignan University,Male,2026,Software Developer,8.47,78.5,1,3,1.0,1,JavaScript,75.2,80,4.8,71.7,78,6.3,89.6,72,0.0,66.4,68,1.6,77.1,60,0.0,63.2,55,0.0,92.5,45,0.0,88.7,50,0.0,73.2,72,0.0,67.2,78,10.8,97.65,2.35,80.89,Low Gap,Placed,2026-07-08 00:00:00
STU0466,SRM University,Male,2025,Data Analyst,6.77,78.3,1,2,1.0,3,C++,69.6,72,2.4,55.5,65,9.5,56.5,78,21.5,81.4,62,0.0,68.2,55,0.0,86.3,78,0.0,61.5,35,0.0,62.6,40,0.0,52.8,75,22.2,70.2,72,1.8,94.25,5.75,77.35,Low Gap,Placed,2025-07-14 00:00:00
STU0467,Vignan University,Male,2026,Data Analyst,7.1,99.6,3,4,0.0,0,JavaScript,70.9,72,1.1,78.8,65,0.0,89.3,78,0.0,98.0,62,0.0,82.7,55,0.0,65.5,78,12.5,96.1,35,0.0,81.2,40,0.0,71.9,75,3.1,91.4,72,0.0,98.33,1.67,92.02,Low Gap,Placed,2025-07-05 00:00:00
STU0468,KL University,Female,2027,Data Scientist,8.75,80.2,0,4,1.0,0,Python,80.6,78,0.0,78.3,75,0.0,60.1,72,11.9,84.6,55,0.0,65.2,52,0.0,65.4,88,22.6,70.4,40,0.0,81.4,45,0.0,,75,0.0,71.0,82,11.0,95.44,4.56,74.98,Low Gap,Placed,2025-09-07 00:00:00
STU0469,SRM University,Female,2026,Full Stack Developer,7.92,78.7,0,2,0.0,0,Python,67.2,82,14.8,56.6,76,19.4,72.2,70,0.0,74.1,88,13.9,74.1,62,0.0,78.8,50,0.0,71.6,42,0.0,72.5,58,0.0,74.8,74,0.0,53.6,80,26.4,92.55,7.45,66.51,Low Gap,Placed,2025-12-19 00:00:00
STU0470,Vignan University,Female,2026,DevOps Engineer,6.12,94.4,2,4,0.0,2,C#,66.3,72,5.7,57.2,70,12.8,51.8,58,6.2,69.4,50,0.0,,82,2.1,80.0,52,0.0,90.7,48,0.0,88.9,88,0.0,85.3,72,0.0,68.3,80,11.7,96.15,3.85,86.41,Low Gap,Placed,2025-09-17 00:00:00
STU0471,JNTU Kakinada,Male,2026,DevOps Engineer,7.66,60.1,0,4,1.0,0,Java,59.3,72,12.7,70.8,70,0.0,62.2,58,0.0,59.7,50,0.0,70.4,82,11.6,51.1,52,0.9,69.6,48,0.0,78.5,88,9.5,59.0,72,13.0,61.8,80,18.2,93.41,6.59,70.8,Low Gap,Placed,2025-11-20 00:00:00
STU0472,Andhra University,Female,2025,Full Stack Developer,8.25,76.5,1,3,3.0,1,Python,93.4,82,0.0,98.0,76,0.0,98.0,70,0.0,79.0,88,9.0,83.2,62,0.0,73.2,50,0.0,61.7,42,0.0,74.1,58,0.0,76.8,74,0.0,97.1,80,0.0,99.1,0.9,86.63,Low Gap,Placed,2026-01-15 00:00:00
STU0473,JNTU Kakinada,Male,2027,Cloud Engineer,7.36,91.0,1,2,0.0,0,Python,80.5,70,0.0,74.7,68,0.0,63.0,62,0.0,76.0,55,0.0,61.7,88,26.3,67.5,58,0.0,83.7,45,0.0,82.4,82,0.0,87.3,70,0.0,78.3,76,0.0,97.37,2.63,75.47,Low Gap,Placed,2025-04-27 00:00:00
STU0474,Andhra University,Female,2025,Data Analyst,6.17,,3,3,2.0,1,Python,66.5,72,5.5,47.3,65,17.7,60.8,78,17.2,88.8,62,0.0,97.2,55,0.0,96.6,78,0.0,61.8,35,0.0,74.1,40,0.0,55.8,75,19.2,59.1,72,12.9,92.74,7.26,88.47,Low Gap,Placed,2025-04-03 00:00:00
STU0475,KL University,Male,2027,Software Developer,8.01,84.9,1,2,1.0,2,Java,87.5,80,0.0,80.3,78,0.0,90.5,72,0.0,76.6,68,0.0,69.1,60,0.0,71.2,55,0.0,87.0,45,0.0,77.9,50,0.0,70.4,72,1.6,84.8,78,0.0,99.84,0.16,82.29,Low Gap,Placed,2026-06-17 00:00:00
STU0476,Andhra University,Female,2026,Data Scientist,8.41,96.0,1,3,1.0,1,JavaScript,92.4,78,0.0,91.2,75,0.0,98.0,72,0.0,91.8,55,0.0,97.4,52,0.0,98.0,88,0.0,83.8,40,0.0,62.4,45,0.0,55.5,75,19.5,83.1,82,0.0,98.05,1.95,83.73,Low Gap,Placed,2025-10-10 00:00:00
STU0477,JNTU Kakinada,Male,2025,Cloud Engineer,7.36,99.5,2,3,1.0,2,C++,78.6,70,0.0,91.4,68,0.0,55.9,62,6.1,91.8,55,0.0,79.1,88,8.9,92.3,58,0.0,85.1,45,0.0,78.5,82,3.5,73.3,70,0.0,85.4,76,0.0,98.15,1.85,89.01,Low Gap,Not Placed,2025-04-21 00:00:00
STU0478,Vignan University,Female,2027,Software Developer,6.59,76.2,1,2,3.0,0,C#,75.7,80,4.3,77.5,78,0.5,65.6,72,6.4,70.8,68,0.0,72.1,60,0.0,69.6,55,0.0,90.1,45,0.0,57.7,50,0.0,62.6,72,9.4,68.8,78,9.2,97.02,2.98,78.47,Low Gap,Placed,2026-06-05 00:00:00
STU0479,Andhra University,Male,2027,Cloud Engineer,7.15,79.7,1,4,0.0,0,Java,66.9,70,3.1,62.1,68,5.9,58.1,62,3.9,60.0,55,0.0,63.5,88,24.5,80.6,58,0.0,68.9,45,0.0,71.0,82,11.0,,70,11.6,60.1,76,15.9,92.4,7.6,74.06,Low Gap,Placed,2026-04-27 00:00:00
STU0480,KL University,Male,2026,Data Analyst,8.15,65.7,2,2,1.0,0,C#,86.3,72,0.0,91.0,65,0.0,76.5,78,1.5,66.4,62,0.0,76.6,55,0.0,,78,0.0,83.1,35,0.0,80.4,40,0.0,76.3,75,0.0,90.5,72,0.0,99.85,0.15,85.08,Low Gap,Not Placed,2025-01-17 00:00:00
STU0481,Andhra University,Female,2027,Data Scientist,7.04,74.7,1,4,1.0,2,Java,58.7,78,19.3,50.7,75,24.3,84.3,72,0.0,63.4,55,0.0,74.4,52,0.0,77.5,88,10.5,74.8,40,0.0,68.2,45,0.0,47.1,75,27.9,42.3,82,39.7,87.83,12.17,76.26,Moderate Gap,Not Placed,2025-03-07 00:00:00
STU0482,KL University,Male,2027,Cloud Engineer,7.77,80.7,3,4,1.0,1,Python,84.1,70,0.0,80.3,68,0.0,77.9,62,0.0,82.6,55,0.0,82.1,88,5.9,87.1,58,0.0,98.0,45,0.0,98.0,82,0.0,67.0,70,3.0,84.0,76,0.0,99.11,0.89,95.83,Low Gap,Placed,2025-01-03 00:00:00
STU0483,Andhra University,Female,2027,Data Analyst,7.39,71.4,0,4,1.0,1,JavaScript,73.9,72,0.0,75.3,65,0.0,67.6,78,10.4,64.6,62,0.0,,55,0.0,83.7,78,0.0,50.9,35,0.0,61.3,40,0.0,82.8,75,0.0,78.7,72,0.0,98.96,1.04,76.84,Low Gap,Placed,2026-04-05 00:00:00
STU0484,Vignan University,Male,2026,Software Developer,8.08,85.4,0,2,3.0,0,Python,98.0,80,0.0,95.5,78,0.0,55.1,72,16.9,74.8,68,0.0,60.8,60,0.0,87.9,55,0.0,82.2,45,0.0,65.4,50,0.0,69.4,72,2.6,96.4,78,0.0,98.05,1.95,76.19,Low Gap,Placed,2025-12-13 00:00:00
STU0485,JNTU Kakinada,Female,2026,Data Scientist,6.83,84.2,3,2,0.0,2,JavaScript,88.6,78,0.0,92.8,75,0.0,47.4,72,24.6,79.1,55,0.0,70.6,52,0.0,82.0,88,6.0,86.8,40,0.0,77.9,45,0.0,66.0,75,9.0,96.3,82,0.0,96.03,3.97,88.84,Low Gap,Placed,2025-05-19 00:00:00
STU0486,Andhra University,Male,2027,Data Analyst,8.22,86.2,2,1,2.0,0,C++,78.3,72,0.0,63.5,65,1.5,86.5,78,0.0,66.3,62,0.0,92.7,55,0.0,74.9,78,3.1,89.3,35,0.0,61.6,40,0.0,78.1,75,0.0,70.1,72,1.9,99.35,0.65,82.55,Low Gap,Placed,2025-03-21 00:00:00
STU0487,Andhra University,Male,2026,Software Developer,7.23,84.0,1,3,1.0,0,Python,81.9,80,0.0,77.6,78,0.4,56.2,72,15.8,74.7,68,0.0,92.1,60,0.0,76.7,55,0.0,75.5,45,0.0,76.2,50,0.0,63.4,72,8.6,78.5,78,0.0,97.52,2.48,78.97,Low Gap,Placed,2025-05-15 00:00:00
STU0488,Andhra University,Female,2026,DevOps Engineer,8.15,78.0,0,2,0.0,0,Java,70.0,72,2.0,74.5,70,0.0,63.9,58,0.0,61.0,50,0.0,58.1,82,23.9,69.3,52,0.0,79.9,48,0.0,77.0,88,11.0,86.7,72,0.0,78.5,80,1.5,96.16,3.84,68.84,Low Gap,Placed,2025-11-30 00:00:00
STU0489,Vignan University,Male,2025,Full Stack Developer,6.6,84.6,1,3,1.0,1,C#,68.8,82,13.2,66.0,76,10.0,67.5,70,2.5,98.0,88,0.0,60.6,62,1.4,70.2,50,0.0,63.5,42,0.0,58.4,58,0.0,65.6,74,8.4,68.0,80,12.0,95.26,4.74,77.47,Low Gap,Placed,2026-05-21 00:00:00
STU0490,SRM University,Female,2025,Cloud Engineer,7.35,71.4,2,3,0.0,2,C++,93.4,70,0.0,93.1,68,0.0,74.3,62,0.0,77.3,55,0.0,74.2,88,13.8,39.3,58,18.7,94.0,45,0.0,80.6,82,1.4,77.1,70,0.0,89.1,76,0.0,96.61,3.39,86.25,Low Gap,Placed,2025-05-10 00:00:00
STU0491,SRM University,Female,2026,Cloud Engineer,6.8,68.1,1,3,1.0,0,C#,79.1,70,0.0,57.1,68,10.9,57.7,62,4.3,71.1,55,0.0,71.7,88,16.3,85.1,58,0.0,59.7,45,0.0,64.4,82,17.6,80.2,70,0.0,58.4,76,17.6,93.33,6.67,75.03,Low Gap,Placed,2026-01-25 00:00:00
STU0492,GITAM University,Female,2026,Data Scientist,7.25,71.0,1,2,1.0,0,C++,74.0,78,4.0,64.1,75,10.9,67.1,72,4.9,86.6,55,0.0,53.7,52,0.0,85.6,88,2.4,55.5,40,0.0,80.2,45,0.0,45.8,75,29.2,58.4,82,23.6,92.49,7.51,72.25,Low Gap,Placed,2025-12-02 00:00:00
STU0493,Vignan University,Female,2026,Data Scientist,8.66,,1,3,1.0,1,JavaScript,63.8,78,14.2,64.4,75,10.6,77.7,72,0.0,77.7,55,0.0,89.8,52,0.0,83.0,88,5.0,64.8,40,0.0,75.1,45,0.0,72.0,75,3.0,70.6,82,11.4,95.58,4.42,79.18,Low Gap,Placed,2026-03-11 00:00:00
STU0494,Vignan University,Male,2025,DevOps Engineer,7.74,83.7,2,4,3.0,0,Python,82.8,72,0.0,77.6,70,0.0,71.8,58,0.0,85.1,50,0.0,87.1,82,0.0,,52,0.0,82.3,48,0.0,77.7,88,10.3,74.8,72,0.0,76.6,80,3.4,98.63,1.37,91.3,Low Gap,Placed,2026-04-07 00:00:00
STU0495,Vignan University,Male,2026,Cloud Engineer,8.14,87.2,2,3,1.0,2,C#,90.2,70,0.0,85.6,68,0.0,71.5,62,0.0,79.3,55,0.0,81.6,88,6.4,62.6,58,0.0,92.9,45,0.0,49.3,82,32.7,77.3,70,0.0,88.0,76,0.0,96.09,3.91,87.09,Low Gap,Placed,2025-07-01 00:00:00
STU0496,Andhra University,Female,2027,Full Stack Developer,7.13,86.2,2,4,1.0,1,C#,73.9,82,8.1,63.9,76,12.1,98.0,70,0.0,79.0,88,9.0,93.8,62,0.0,84.9,50,0.0,85.1,42,0.0,76.9,58,0.0,84.1,74,0.0,68.2,80,11.8,95.9,4.1,88.39,Low Gap,Placed,2025-10-31 00:00:00
STU0497,JNTU Kakinada,Female,2027,DevOps Engineer,7.36,87.6,1,3,,0,Java,66.5,72,5.5,83.2,70,0.0,72.6,58,0.0,56.8,50,0.0,77.0,82,5.0,89.6,52,0.0,76.5,48,0.0,82.9,88,5.1,61.2,72,10.8,71.4,80,8.6,96.49,3.51,76.55,Low Gap,Placed,2025-06-16 00:00:00
STU0498,Andhra University,Female,2026,Software Developer,8.23,82.0,2,2,1.0,0,Java,77.4,80,2.6,64.2,78,13.8,63.7,72,8.3,68.5,68,0.0,84.5,60,0.0,73.4,55,0.0,73.0,45,0.0,70.5,50,0.0,70.2,72,1.8,81.1,78,0.0,97.35,2.65,81.1,Low Gap,Placed,2025-12-06 00:00:00
STU0499,GITAM University,Female,2027,DevOps Engineer,8.54,98.5,3,4,1.0,0,Python,83.1,72,0.0,78.6,70,0.0,89.1,58,0.0,87.4,50,0.0,95.4,82,0.0,93.2,52,0.0,84.1,48,0.0,66.6,88,21.4,69.8,72,2.2,72.9,80,7.1,96.94,3.06,92.73,Low Gap,Placed,2025-03-12 00:00:00
STU0500,GITAM University,Male,2027,Data Scientist,6.7,90.2,0,3,4.0,1,C++,77.1,78,0.9,70.5,75,4.5,80.5,72,0.0,74.0,55,0.0,91.5,52,0.0,77.8,88,10.2,83.2,40,0.0,73.9,45,0.0,70.6,75,4.4,76.3,82,5.7,97.43,2.57,80.6,Low Gap,Placed,2025-01-03 00:00:00
STU0501,SRM University,Male,2026,Cloud Engineer,10.0,86.6,3,1,2.0,0,Python,91.3,70,0.0,75.9,68,0.0,86.5,62,0.0,92.6,55,0.0,93.6,88,0.0,86.8,58,0.0,89.0,45,0.0,98.0,82,0.0,98.0,70,0.0,87.4,76,0.0,100.0,0.0,91.97,Low Gap,Placed,2025-03-31 00:00:00
STU0502,Andhra University,Male,2025,Software Developer,8.7,99.9,0,3,2.0,1,JavaScript,86.1,80,0.0,81.7,78,0.0,74.0,72,0.0,96.7,68,0.0,70.1,60,0.0,98.0,55,0.0,71.9,45,0.0,65.4,50,0.0,88.8,72,0.0,80.6,78,0.0,100.0,0.0,79.9,Low Gap,Placed,2026-04-19 00:00:00
STU0503,Vignan University,Female,2025,Software Developer,7.98,81.8,1,3,0.0,0,Python,85.6,80,0.0,84.8,78,0.0,82.7,72,0.0,72.1,68,0.0,58.9,60,1.1,80.4,55,0.0,81.7,45,0.0,46.8,50,3.2,72.5,72,0.0,79.6,78,0.0,99.56,0.44,78.15,Low Gap,Placed,2025-04-17 00:00:00
STU0504,JNTU Kakinada,Female,2027,Full Stack Developer,7.43,75.7,1,2,0.0,1,C#,62.3,82,19.7,63.1,76,12.9,55.1,70,14.9,71.1,88,16.9,75.1,62,0.0,79.2,50,0.0,79.2,42,0.0,68.3,58,0.0,74.6,74,0.0,60.3,80,19.7,91.59,8.41,72.36,Low Gap,Placed,2025-07-15 00:00:00
STU0505,GITAM University,Male,2027,DevOps Engineer,6.86,92.0,1,3,1.0,1,Java,60.7,72,11.3,65.3,70,4.7,85.6,58,0.0,84.6,50,0.0,59.4,82,22.6,70.6,52,0.0,87.7,48,0.0,80.5,88,7.5,74.5,72,0.0,54.4,80,25.6,92.83,7.17,77.47,Low Gap,Placed,2025-05-15 00:00:00
STU0506,KL University,Male,2025,Data Scientist,7.41,100.0,1,3,1.0,0,Python,84.1,78,0.0,83.3,75,0.0,82.1,72,0.0,69.9,55,0.0,58.7,52,0.0,98.0,88,0.0,75.1,40,0.0,72.9,45,0.0,68.6,75,6.4,92.7,82,0.0,99.36,0.64,80.77,Low Gap,Placed,2025-07-29 00:00:00
STU0507,SRM University,Female,2026,Full Stack Developer,8.69,76.8,2,4,1.0,0,C#,83.6,82,0.0,84.5,76,0.0,85.5,70,0.0,85.6,88,2.4,80.2,62,0.0,79.8,50,0.0,89.8,42,0.0,76.3,58,0.0,90.2,74,0.0,91.8,80,0.0,99.76,0.24,89.81,Low Gap,Placed,2026-03-19 00:00:00
STU0508,KL University,Male,2025,Software Developer,8.63,78.8,1,4,2.0,1,C++,81.2,80,0.0,84.2,78,0.0,98.0,72,0.0,74.1,68,0.0,98.0,60,0.0,89.4,55,0.0,94.6,45,0.0,87.8,50,0.0,69.5,72,2.5,91.8,78,0.0,99.75,0.25,88.44,Low Gap,Placed,2025-06-12 00:00:00
STU0509,SRM University,Male,2026,Data Scientist,8.65,,1,2,,0,JavaScript,77.4,78,0.6,90.9,75,0.0,81.0,72,0.0,62.5,55,0.0,59.3,52,0.0,78.6,88,9.4,66.3,40,0.0,55.0,45,0.0,83.8,75,0.0,85.5,82,0.0,99.0,1.0,77.26,Low Gap,Placed,2025-07-19 00:00:00
STU0510,KL University,Female,2025,Full Stack Developer,8.7,68.7,1,3,2.0,0,Python,82.9,82,0.0,82.2,76,0.0,91.1,70,0.0,67.4,88,20.6,88.2,62,0.0,72.3,50,0.0,93.1,42,0.0,66.6,58,0.0,85.1,74,0.0,96.7,80,0.0,97.94,2.06,82.85,Low Gap,Placed,2025-08-22 00:00:00
STU0511,JNTU Kakinada,Male,2027,Data Analyst,8.78,84.6,0,3,0.0,1,Python,82.6,72,0.0,66.4,65,0.0,73.6,78,4.4,80.9,62,0.0,,55,0.0,71.8,78,6.2,71.7,35,0.0,62.6,40,0.0,69.0,75,6.0,79.9,72,0.0,98.34,1.66,73.83,Low Gap,Not Placed,2025-11-24 00:00:00
STU0512,JNTU Kakinada,Male,2026,Full Stack Developer,7.3,94.1,1,2,1.0,2,JavaScript,58.7,82,23.3,42.0,76,34.0,76.8,70,0.0,75.0,88,13.0,90.8,62,0.0,64.2,50,0.0,71.6,42,0.0,75.7,58,0.0,78.2,74,0.0,39.9,80,40.1,88.95,11.05,73.71,Moderate Gap,Placed,2025-01-23 00:00:00
STU0513,JNTU Kakinada,Male,2027,Data Analyst,7.97,99.6,0,1,2.0,2,JavaScript,81.7,72,0.0,80.9,65,0.0,87.4,78,0.0,76.7,62,0.0,60.5,55,0.0,69.9,78,8.1,54.4,35,0.0,44.6,40,0.0,44.3,75,30.7,71.4,72,0.6,96.06,3.94,71.38,Low Gap,Not Placed,2025-03-21 00:00:00
STU0514,Andhra University,Male,2027,Software Developer,8.78,88.5,1,3,4.0,0,Python,84.5,80,0.0,98.0,78,0.0,98.0,72,0.0,98.0,68,0.0,87.0,60,0.0,75.7,55,0.0,97.2,45,0.0,86.2,50,0.0,87.0,72,0.0,96.4,78,0.0,100.0,0.0,89.25,Low Gap,Placed,2026-07-28 00:00:00
STU0515,KL University,Male,2027,DevOps Engineer,7.03,96.2,0,3,0.0,3,C++,78.2,72,0.0,72.5,70,0.0,61.0,58,0.0,61.9,50,0.0,84.5,82,0.0,75.4,52,0.0,51.0,48,0.0,73.2,88,14.8,60.2,72,11.8,69.3,80,10.7,96.27,3.73,74.44,Low Gap,Placed,2025-06-11 00:00:00
STU0516,Andhra University,Male,2027,Cloud Engineer,7.83,91.1,0,3,2.0,2,C#,65.2,70,4.8,57.5,68,10.5,81.0,62,0.0,74.0,55,0.0,57.3,88,30.7,87.0,58,0.0,74.6,45,0.0,79.8,82,2.2,53.4,70,16.6,57.1,76,18.9,91.63,8.37,73.84,Low Gap,Placed,2026-02-18 00:00:00
STU0517,SRM University,Female,2025,Data Analyst,6.68,75.9,1,2,1.0,1,Java,60.1,72,11.9,58.2,65,6.8,67.3,78,10.7,68.6,62,0.0,80.7,55,0.0,62.9,78,15.1,78.0,35,0.0,77.2,40,0.0,76.2,75,0.0,67.1,72,4.9,95.07,4.93,75.67,Low Gap,Not Placed,2025-10-05 00:00:00
STU0518,Vignan University,Male,2025,Data Analyst,8.97,74.3,2,1,1.0,0,C#,93.2,72,0.0,91.1,65,0.0,73.9,78,4.1,77.0,62,0.0,79.2,55,0.0,87.3,78,0.0,98.0,35,0.0,64.3,40,0.0,85.8,75,0.0,89.4,72,0.0,99.59,0.41,83.5,Low Gap,Placed,2025-02-01 00:00:00
STU0519,Vignan University,Male,2026,Full Stack Developer,7.65,75.2,0,1,1.0,0,JavaScript,73.2,82,8.8,55.5,76,20.5,62.8,70,7.2,81.6,88,6.4,59.1,62,2.9,,50,0.0,64.0,42,0.0,63.0,58,0.0,74.6,74,0.0,75.1,80,4.9,94.92,5.08,66.44,Low Gap,Placed,2025-11-13 00:00:00
STU0520,KL University,Female,2027,Full Stack Developer,,79.1,1,2,0.0,1,JavaScript,69.7,82,12.3,60.7,76,15.3,71.1,70,0.0,77.3,88,10.7,66.9,62,0.0,77.2,50,0.0,72.1,42,0.0,75.2,58,0.0,72.0,74,2.0,81.4,80,0.0,95.97,4.03,75.39,Low Gap,Placed,2026-05-07 00:00:00
STU0521,SRM University,Male,2025,DevOps Engineer,7.3,89.4,0,4,2.0,0,Python,46.5,72,25.5,47.5,70,22.5,76.5,58,0.0,82.1,50,0.0,74.8,82,7.2,59.9,52,0.0,79.5,48,0.0,84.9,88,3.1,59.2,72,12.8,50.2,80,29.8,89.91,10.09,71.29,Moderate Gap,Not Placed,2026-04-19 00:00:00
STU0522,SRM University,Male,2026,Full Stack Developer,8.63,74.7,3,3,2.0,0,C#,73.6,82,8.4,83.9,76,0.0,97.0,70,0.0,98.0,88,0.0,93.6,62,0.0,90.0,50,0.0,96.5,42,0.0,82.0,58,0.0,86.0,74,0.0,70.9,80,9.1,98.25,1.75,94.36,Low Gap,Placed,2025-01-16 00:00:00
STU0523,JNTU Kakinada,Male,2027,Full Stack Developer,6.28,84.9,2,5,2.0,1,Python,89.4,82,0.0,75.1,76,0.9,88.4,70,0.0,82.4,88,5.6,68.1,62,0.0,96.8,50,0.0,80.6,42,0.0,68.0,58,0.0,62.3,74,11.7,86.9,80,0.0,98.18,1.82,92.62,Low Gap,Placed,2025-07-15 00:00:00
STU0524,SRM University,Male,2025,Software Developer,8.22,91.7,0,2,2.0,0,Python,61.4,80,18.6,51.2,78,26.8,69.8,72,2.2,71.4,68,0.0,93.2,60,0.0,82.6,55,0.0,98.0,45,0.0,87.7,50,0.0,78.2,72,0.0,47.2,78,30.8,92.16,7.84,70.69,Low Gap,Not Placed,2025-06-09 00:00:00
STU0525,Andhra University,Female,2025,Software Developer,8.04,70.0,0,5,1.0,0,C#,69.3,80,10.7,55.5,78,22.5,95.9,72,0.0,64.3,68,3.7,48.7,60,11.3,69.3,55,0.0,72.5,45,0.0,70.6,50,0.0,65.4,72,6.6,57.7,78,20.3,92.49,7.51,73.19,Low Gap,Placed,2026-07-27 00:00:00
STU0526,GITAM University,Female,2025,DevOps Engineer,9.3,84.3,2,4,0.0,0,C++,73.1,72,0.0,65.0,70,5.0,92.0,58,0.0,98.0,50,0.0,98.0,82,0.0,95.8,52,0.0,82.9,48,0.0,97.5,88,0.0,80.4,72,0.0,65.6,80,14.4,98.05,1.95,87.57,Low Gap,Placed,2026-05-09 00:00:00
STU0527,GITAM University,Male,2026,Data Analyst,8.4,89.9,1,4,3.0,0,JavaScript,98.0,72,0.0,98.0,65,0.0,65.8,78,12.2,75.2,62,0.0,73.1,55,0.0,94.4,78,0.0,77.6,35,0.0,83.3,40,0.0,41.7,75,33.3,93.0,72,0.0,95.45,4.55,84.46,Low Gap,Placed,2025-02-22 00:00:00
STU0528,SRM University,Male,2025,Data Analyst,7.28,81.4,2,3,2.0,0,C#,66.0,72,6.0,46.0,65,19.0,77.9,78,0.1,76.2,62,0.0,74.0,55,0.0,83.1,78,0.0,96.9,35,0.0,64.1,40,0.0,61.2,75,13.8,49.8,72,22.2,93.9,6.1,82.11,Low Gap,Placed,2025-09-12 00:00:00
STU0529,KL University,Female,2025,DevOps Engineer,7.45,78.6,0,2,1.0,2,C++,92.9,72,0.0,98.0,70,0.0,35.3,58,22.7,77.9,50,0.0,66.6,82,15.4,50.6,52,1.4,82.9,48,0.0,62.0,88,26.0,70.7,72,1.3,96.2,80,0.0,93.33,6.67,72.49,Low Gap,Placed,2025-01-31 00:00:00
STU0530,GITAM University,Male,2025,Full Stack Developer,7.04,85.5,1,5,0.0,2,Python,75.4,82,6.6,90.1,76,0.0,72.6,70,0.0,86.3,88,1.7,45.5,62,16.5,50.7,50,0.0,88.6,42,0.0,73.9,58,0.0,73.6,74,0.4,81.8,80,0.0,97.48,2.52,84.02,Low Gap,Placed,2025-12-21 00:00:00
STU0531,KL University,Female,2026,DevOps Engineer,8.11,83.9,2,2,2.0,1,JavaScript,92.5,72,0.0,98.0,70,0.0,67.4,58,0.0,98.0,50,0.0,64.0,82,18.0,92.3,52,0.0,86.1,48,0.0,66.8,88,21.2,70.4,72,1.6,90.2,80,0.0,95.93,4.07,86.44,Low Gap,Placed,2026-04-24 00:00:00
STU0532,Vignan University,Female,2025,Data Analyst,5.73,68.3,1,3,0.0,1,Java,79.1,72,0.0,72.4,65,0.0,32.3,78,45.7,61.8,62,0.2,63.1,55,0.0,48.0,78,30.0,81.6,35,0.0,71.6,40,0.0,44.3,75,30.7,83.1,72,0.0,89.35,10.65,71.83,Moderate Gap,Not Placed,2026-03-29 00:00:00
STU0533,Andhra University,Female,2027,Data Analyst,7.88,79.0,0,2,2.0,1,Java,79.4,72,0.0,90.0,65,0.0,74.5,78,3.5,52.9,62,9.1,58.4,55,0.0,76.4,78,1.6,70.9,35,0.0,76.3,40,0.0,62.7,75,12.3,85.4,72,0.0,97.36,2.64,74.12,Low Gap,Placed,2025-02-07 00:00:00
STU0534,Andhra University,Female,2025,Full Stack Developer,7.55,74.7,0,3,0.0,1,C#,93.7,82,0.0,92.0,76,0.0,73.0,70,0.0,74.8,88,13.2,53.1,62,8.9,98.0,50,0.0,82.4,42,0.0,92.6,58,0.0,79.9,74,0.0,89.0,80,0.0,97.8,2.2,76.37,Low Gap,Placed,2025-08-26 00:00:00
STU0535,SRM University,Female,2026,Data Analyst,7.06,90.1,2,3,1.0,0,Python,90.8,72,0.0,92.6,65,0.0,80.1,78,0.0,82.6,62,0.0,87.9,55,0.0,79.7,78,0.0,84.0,35,0.0,87.3,40,0.0,58.1,75,16.9,98.0,72,0.0,98.31,1.69,86.97,Low Gap,Placed,2025-09-01 00:00:00
STU0536,JNTU Kakinada,Male,2025,DevOps Engineer,7.26,68.5,0,3,2.0,1,Java,68.0,72,4.0,58.5,70,11.5,50.7,58,7.3,65.5,50,0.0,72.4,82,9.6,42.9,52,9.1,74.6,48,0.0,64.3,88,23.7,63.2,72,8.8,62.5,80,17.5,90.85,9.15,70.06,Low Gap,Placed,2025-04-22 00:00:00
STU0537,JNTU Kakinada,Male,2026,Full Stack Developer,7.87,83.5,1,3,0.0,2,Python,84.7,82,0.0,78.5,76,0.0,75.8,70,0.0,78.7,88,9.3,70.1,62,0.0,95.6,50,0.0,75.7,42,0.0,60.4,58,0.0,65.2,74,8.8,67.1,80,12.9,96.89,3.11,80.16,Low Gap,Placed,2025-06-09 00:00:00
STU0538,JNTU Kakinada,Female,2026,Full Stack Developer,6.14,79.8,0,2,3.0,1,Python,68.2,82,13.8,65.0,76,11.0,79.7,70,0.0,79.7,88,8.3,44.9,62,17.1,54.6,50,0.0,65.3,42,0.0,68.4,58,0.0,44.7,74,29.3,58.7,80,21.3,89.91,10.09,69.34,Moderate Gap,Not Placed,2026-06-08 00:00:00
STU0539,GITAM University,Male,2026,Software Developer,7.17,72.9,1,5,1.0,1,Python,92.0,80,0.0,91.5,78,0.0,67.7,72,4.3,98.0,68,0.0,69.2,60,0.0,65.2,55,0.0,62.5,45,0.0,98.0,50,0.0,65.3,72,6.7,86.7,78,0.0,98.89,1.11,86.38,Low Gap,Placed,2026-07-15 00:00:00
STU0540,SRM University,Male,2027,Software Developer,8.28,79.1,2,3,1.0,2,C#,83.2,80,0.0,77.2,78,0.8,92.6,72,0.0,74.1,68,0.0,90.4,60,0.0,,55,0.0,73.7,45,0.0,64.9,50,0.0,75.5,72,0.0,85.9,78,0.0,99.92,0.08,88.91,Low Gap,Not Placed,2025-02-15 00:00:00
STU0541,SRM University,Female,2025,Software Developer,8.53,94.4,0,1,,1,Java,66.5,80,13.5,65.4,78,12.6,71.8,72,0.2,67.7,68,0.3,74.8,60,0.0,84.8,55,0.0,81.8,45,0.0,66.7,50,0.0,64.9,72,7.1,54.9,78,23.1,94.32,5.68,69.92,Low Gap,Placed,2025-05-31 00:00:00
STU0542,Andhra University,Male,2025,Software Developer,7.23,81.6,0,3,0.0,2,Java,56.4,80,23.6,47.3,78,30.7,52.5,72,19.5,30.5,68,37.5,70.9,60,0.0,59.9,55,0.0,69.6,45,0.0,52.8,50,0.0,79.2,72,0.0,65.1,78,12.9,87.57,12.43,65.93,Moderate Gap,Placed,2025-05-18 00:00:00
STU0543,Andhra University,Male,2026,Data Analyst,8.5,92.4,1,3,2.0,0,C++,93.2,72,0.0,98.0,65,0.0,88.1,78,0.0,60.1,62,1.9,59.8,55,0.0,62.1,78,15.9,87.3,35,0.0,87.9,40,0.0,73.5,75,1.5,84.4,72,0.0,98.06,1.94,81.96,Low Gap,Placed,2025-02-06 00:00:00
STU0544,Vignan University,Female,2026,Cloud Engineer,6.85,74.0,2,4,1.0,0,Python,78.3,70,0.0,84.8,68,0.0,83.5,62,0.0,82.5,55,0.0,82.3,88,5.7,72.0,58,0.0,72.7,45,0.0,67.9,82,14.1,66.7,70,3.3,83.0,76,0.0,97.68,2.32,86.66,Low Gap,Placed,2025-06-22 00:00:00
STU0545,Andhra University,Male,2026,Cloud Engineer,7.75,93.9,0,3,0.0,1,C#,60.1,70,9.9,55.0,68,13.0,65.1,62,0.0,83.3,55,0.0,81.6,88,6.4,74.1,58,0.0,83.7,45,0.0,65.5,82,16.5,75.7,70,0.0,54.5,76,21.5,93.28,6.72,70.44,Low Gap,Placed,2026-06-07 00:00:00
STU0546,KL University,Male,2026,Full Stack Developer,9.17,81.3,1,2,1.0,0,C#,98.0,82,0.0,94.4,76,0.0,63.4,70,6.6,73.8,88,14.2,79.1,62,0.0,95.1,50,0.0,98.0,42,0.0,96.3,58,0.0,76.9,74,0.0,98.0,80,0.0,97.92,2.08,80.76,Low Gap,Placed,2025-08-20 00:00:00
STU0547,GITAM University,Female,2026,Data Analyst,5.78,82.9,1,4,1.0,0,Python,87.7,72,0.0,76.1,65,0.0,71.5,78,6.5,75.8,62,0.0,86.7,55,0.0,66.8,78,11.2,62.1,35,0.0,70.7,40,0.0,47.3,75,27.7,71.1,72,0.9,95.36,4.64,78.89,Low Gap,Placed,2025-07-02 00:00:00
STU0548,JNTU Kakinada,Female,2027,Cloud Engineer,8.29,,1,3,1.0,0,Java,74.9,70,0.0,58.5,68,9.5,75.2,62,0.0,81.9,55,0.0,75.6,88,12.4,80.9,58,0.0,86.3,45,0.0,81.7,82,0.3,,70,0.0,60.7,76,15.3,96.26,3.74,79.03,Low Gap,Placed,2025-12-02 00:00:00
STU0549,GITAM University,Female,2026,Software Developer,8.04,77.2,0,2,1.0,2,C++,48.5,80,31.5,61.8,78,16.2,51.6,72,20.4,96.2,68,0.0,58.4,60,1.6,68.1,55,0.0,73.1,45,0.0,66.6,50,0.0,90.9,72,0.0,60.5,78,17.5,91.28,8.72,69.85,Low Gap,Not Placed,2025-08-28 00:00:00
STU0550,Andhra University,Female,2027,Full Stack Developer,6.76,84.1,2,3,2.0,0,Java,73.3,82,8.7,70.3,76,5.7,74.5,70,0.0,56.9,88,31.1,76.5,62,0.0,84.8,50,0.0,80.6,42,0.0,59.4,58,0.0,56.9,74,17.1,88.0,80,0.0,93.74,6.26,82.82,Low Gap,Placed,2025-08-21 00:00:00
STU0551,GITAM University,Male,2026,Software Developer,7.45,71.6,0,3,0.0,2,C++,58.1,80,21.9,52.6,78,25.4,65.6,72,6.4,81.3,68,0.0,67.2,60,0.0,61.9,55,0.0,48.9,45,0.0,73.9,50,0.0,68.4,72,3.6,61.2,78,16.8,92.6,7.4,69.84,Low Gap,Not Placed,2025-10-10 00:00:00
STU0552,Vignan University,Female,2026,Data Analyst,7.55,93.5,2,4,1.0,0,Java,65.5,72,6.5,89.1,65,0.0,67.3,78,10.7,51.0,62,11.0,80.6,55,0.0,82.0,78,0.0,81.9,35,0.0,92.2,40,0.0,81.5,75,0.0,83.5,72,0.0,97.19,2.81,86.48,Low Gap,Placed,2025-07-07 00:00:00
STU0553,SRM University,Female,2026,Data Analyst,6.91,75.5,0,2,3.0,0,Java,59.3,72,12.7,53.0,65,12.0,64.4,78,13.6,69.1,62,0.0,63.3,55,0.0,81.0,78,0.0,73.2,35,0.0,48.0,40,0.0,67.7,75,7.3,45.7,72,26.3,92.8,7.2,69.01,Low Gap,Placed,2025-08-07 00:00:00
STU0554,SRM University,Male,2025,Data Scientist,7.59,78.4,3,3,1.0,1,C++,75.3,78,2.7,77.6,75,0.0,95.7,72,0.0,73.3,55,0.0,78.6,52,0.0,71.6,88,16.4,74.3,40,0.0,77.3,45,0.0,67.2,75,7.8,67.3,82,14.7,95.84,4.16,89.88,Low Gap,Placed,2026-05-07 00:00:00
STU0555,SRM University,Male,2026,Data Analyst,8.77,74.8,2,1,3.0,1,C++,91.2,72,0.0,68.7,65,0.0,96.9,78,0.0,80.4,62,0.0,77.4,55,0.0,77.7,78,0.3,92.1,35,0.0,86.2,40,0.0,79.5,75,0.0,82.2,72,0.0,99.97,0.03,87.96,Low Gap,Placed,2025-02-16 00:00:00
STU0556,SRM University,Female,2026,Data Analyst,8.94,84.5,1,4,2.0,3,Java,76.2,72,0.0,56.1,65,8.9,98.0,78,0.0,78.7,62,0.0,79.1,55,0.0,96.4,78,0.0,81.0,35,0.0,98.0,40,0.0,71.9,75,3.1,56.0,72,16.0,97.2,2.8,87.99,Low Gap,Placed,2026-06-10 00:00:00
STU0557,GITAM University,Female,2026,Data Analyst,7.49,82.2,1,3,1.0,0,Python,64.3,72,7.7,67.1,65,0.0,87.0,78,0.0,72.1,62,0.0,82.2,55,0.0,80.9,78,0.0,73.6,35,0.0,78.5,40,0.0,57.6,75,17.4,60.8,72,11.2,96.36,3.64,77.59,Low Gap,Placed,2026-03-18 00:00:00
STU0558,Vignan University,Female,2027,Software Developer,8.28,91.9,1,4,3.0,0,JavaScript,79.7,80,0.3,57.5,78,20.5,96.7,72,0.0,84.8,68,0.0,86.7,60,0.0,66.5,55,0.0,97.5,45,0.0,96.2,50,0.0,96.0,72,0.0,61.0,78,17.0,96.22,3.78,85.48,Low Gap,Placed,2026-02-24 00:00:00
STU0559,JNTU Kakinada,Female,2027,Software Developer,7.55,71.6,2,3,3.0,2,C++,81.7,80,0.0,81.5,78,0.0,94.8,72,0.0,67.8,68,0.2,59.4,60,0.6,74.3,55,0.0,81.4,45,0.0,65.9,50,0.0,76.6,72,0.0,74.7,78,3.3,99.6,0.4,91.06,Low Gap,Placed,2026-01-01 00:00:00
STU0560,Vignan University,Male,2025,Data Analyst,6.81,75.7,3,4,2.0,2,Java,68.2,72,3.8,66.9,65,0.0,70.1,78,7.9,89.8,62,0.0,76.0,55,0.0,68.9,78,9.1,91.2,35,0.0,83.7,40,0.0,64.4,75,10.6,72.9,72,0.0,96.85,3.15,95.15,Low Gap,Placed,2026-03-11 00:00:00
STU0561,GITAM University,Male,2027,Full Stack Developer,7.87,75.7,1,2,1.0,3,C++,51.8,82,30.2,46.5,76,29.5,69.7,70,0.3,72.6,88,15.4,79.1,62,0.0,73.4,50,0.0,68.6,42,0.0,68.2,58,0.0,71.2,74,2.8,41.6,80,38.4,88.33,11.67,74.02,Moderate Gap,Not Placed,2025-08-05 00:00:00
STU0562,JNTU Kakinada,Male,2025,Data Analyst,7.08,92.7,1,5,1.0,1,JavaScript,75.7,72,0.0,65.4,65,0.0,73.9,78,4.1,61.9,62,0.1,98.0,55,0.0,64.9,78,13.1,81.7,35,0.0,58.2,40,0.0,65.2,75,9.8,74.7,72,0.0,97.28,2.72,83.36,Low Gap,Placed,2026-07-30 00:00:00
STU0563,Vignan University,Male,2026,Data Scientist,9.05,84.9,0,3,2.0,1,JavaScript,71.5,78,6.5,60.5,75,14.5,92.4,72,0.0,66.8,55,0.0,82.5,52,0.0,79.5,88,8.5,80.2,40,0.0,68.8,45,0.0,82.7,75,0.0,68.5,82,13.5,95.7,4.3,76.17,Low Gap,Placed,2025-07-28 00:00:00
STU0564,GITAM University,Female,2025,Software Developer,7.85,88.5,2,5,1.0,0,JavaScript,85.7,80,0.0,79.5,78,0.0,96.5,72,0.0,92.4,68,0.0,76.3,60,0.0,96.7,55,0.0,90.1,45,0.0,88.4,50,0.0,82.5,72,0.0,79.5,78,0.0,100.0,0.0,92.53,Low Gap,Placed,2025-07-06 00:00:00
STU0565,Andhra University,Female,2025,Data Analyst,7.29,84.0,0,4,1.0,1,C++,74.3,72,0.0,74.3,65,0.0,78.9,78,0.0,64.9,62,0.0,73.5,55,0.0,78.9,78,0.0,58.8,35,0.0,87.5,40,0.0,,75,12.1,78.8,72,0.0,98.79,1.21,77.44,Low Gap,Placed,2025-07-22 00:00:00
STU0566,KL University,Male,2027,Data Scientist,7.99,80.5,0,3,4.0,1,Java,93.7,78,0.0,92.1,75,0.0,70.1,72,1.9,82.0,55,0.0,81.6,52,0.0,67.1,88,20.9,63.3,40,0.0,80.6,45,0.0,58.9,75,16.1,98.0,82,0.0,96.11,3.89,80.37,Low Gap,Placed,2026-07-07 00:00:00
STU0567,SRM University,Female,2026,Data Analyst,9.05,71.3,2,1,0.0,0,C#,44.6,72,27.4,55.8,65,9.2,67.2,78,10.8,87.9,62,0.0,89.5,55,0.0,81.0,78,0.0,81.1,35,0.0,80.1,40,0.0,80.7,75,0.0,55.4,72,16.6,93.6,6.4,75.82,Low Gap,Not Placed,2025-03-07 00:00:00
STU0568,Andhra University,Female,2025,Software Developer,8.08,70.0,1,5,1.0,1,C#,98.0,80,0.0,93.3,78,0.0,70.0,72,2.0,92.6,68,0.0,80.9,60,0.0,59.0,55,0.0,73.1,45,0.0,78.6,50,0.0,79.3,72,0.0,98.0,78,0.0,99.8,0.2,87.59,Low Gap,Placed,2025-02-15 00:00:00
STU0569,GITAM University,Male,2025,Data Analyst,6.65,78.5,0,3,1.0,2,JavaScript,59.7,72,12.3,41.9,65,23.1,64.0,78,14.0,68.5,62,0.0,53.7,55,1.3,63.5,78,14.5,52.6,35,0.0,64.2,40,0.0,82.0,75,0.0,53.1,72,18.9,91.6,8.4,69.82,Low Gap,Placed,2025-02-11 00:00:00
STU0570,Andhra University,Male,2025,DevOps Engineer,6.49,86.4,1,3,2.0,0,Python,68.5,72,3.5,56.4,70,13.6,59.2,58,0.0,72.7,50,0.0,84.8,82,0.0,55.4,52,0.0,62.2,48,0.0,58.4,88,29.6,81.8,72,0.0,51.3,80,28.7,92.47,7.53,75.13,Low Gap,Placed,2025-01-01 00:00:00
STU0571,KL University,Male,2026,Software Developer,7.0,80.6,2,2,0.0,1,C++,68.2,80,11.8,59.2,78,18.8,78.4,72,0.0,77.4,68,0.0,98.0,60,0.0,58.3,55,0.0,80.3,45,0.0,72.5,50,0.0,68.0,72,4.0,56.5,78,21.5,94.39,5.61,79.48,Low Gap,Not Placed,2026-03-13 00:00:00
STU0572,JNTU Kakinada,Female,2027,Cloud Engineer,6.97,91.5,1,3,1.0,1,C#,67.3,70,2.7,72.6,68,0.0,83.3,62,0.0,78.5,55,0.0,89.9,88,0.0,54.9,58,3.1,60.2,45,0.0,82.6,82,0.0,65.7,70,4.3,64.6,76,11.4,97.84,2.16,79.62,Low Gap,Placed,2026-01-25 00:00:00
STU0573,Andhra University,Male,2025,Software Developer,6.96,65.7,1,3,2.0,0,JavaScript,47.2,80,32.8,26.3,78,51.7,74.3,72,0.0,72.0,68,0.0,74.8,60,0.0,71.0,55,0.0,66.6,45,0.0,57.3,50,0.0,63.3,72,8.7,31.3,78,46.7,86.01,13.99,70.23,Moderate Gap,Not Placed,2025-08-11 00:00:00
STU0574,SRM University,Male,2026,DevOps Engineer,7.05,82.9,3,3,0.0,1,C#,89.7,72,0.0,86.2,70,0.0,83.4,58,0.0,49.3,50,0.7,57.7,82,24.3,62.2,52,0.0,87.5,48,0.0,61.1,88,26.9,66.3,72,5.7,87.5,80,0.0,94.24,5.76,86.83,Low Gap,Placed,2026-07-25 00:00:00
STU0575,JNTU Kakinada,Male,2025,Data Scientist,8.52,86.5,2,3,0.0,3,C#,54.3,78,23.7,42.2,75,32.8,66.5,72,5.5,60.2,55,0.0,73.6,52,0.0,69.1,88,18.9,97.2,40,0.0,84.0,45,0.0,80.3,75,0.0,48.7,82,33.3,88.57,11.43,80.64,Moderate Gap,Not Placed,2025-02-20 00:00:00
STU0576,KL University,Female,2027,Full Stack Developer,7.0,69.4,2,2,0.0,0,Python,70.8,82,11.2,70.6,76,5.4,61.8,70,8.2,64.5,88,23.5,63.4,62,0.0,64.5,50,0.0,60.2,42,0.0,60.9,58,0.0,51.8,74,22.2,74.3,80,5.7,92.38,7.62,74.85,Low Gap,Placed,2025-07-25 00:00:00
STU0577,GITAM University,Female,2025,DevOps Engineer,8.57,77.7,1,3,1.0,0,C++,84.7,72,0.0,83.8,70,0.0,94.1,58,0.0,86.9,50,0.0,97.9,82,0.0,71.1,52,0.0,80.4,48,0.0,79.7,88,8.3,80.1,72,0.0,74.2,80,5.8,98.59,1.41,81.85,Low Gap,Placed,2025-12-21 00:00:00
STU0578,GITAM University,Male,2025,Software Developer,5.9,91.5,1,4,0.0,0,C++,83.4,80,0.0,81.0,78,0.0,48.6,72,23.4,73.6,68,0.0,57.8,60,2.2,63.9,55,0.0,77.8,45,0.0,50.8,50,0.0,69.2,72,2.8,81.5,78,0.0,97.15,2.85,77.35,Low Gap,Placed,2025-01-04 00:00:00
STU0579,Andhra University,Male,2026,DevOps Engineer,9.46,77.9,1,4,0.0,0,C#,90.4,72,0.0,83.4,70,0.0,86.0,58,0.0,92.7,50,0.0,98.0,82,0.0,85.1,52,0.0,71.2,48,0.0,89.5,88,0.0,87.8,72,0.0,87.0,80,0.0,100.0,0.0,84.14,Low Gap,Placed,2026-07-22 00:00:00
STU0580,KL University,Male,2026,Data Analyst,7.99,84.6,1,3,1.0,3,Python,83.8,72,0.0,83.9,65,0.0,94.3,78,0.0,98.0,62,0.0,62.7,55,0.0,75.7,78,2.3,76.8,35,0.0,85.5,40,0.0,79.7,75,0.0,81.5,72,0.0,99.77,0.23,86.55,Low Gap,Placed,2025-04-17 00:00:00
STU0581,Andhra University,Male,2027,Data Analyst,6.79,83.9,0,3,0.0,0,C++,53.6,72,18.4,37.5,65,27.5,64.3,78,13.7,48.4,62,13.6,48.2,55,6.8,66.6,78,11.4,83.8,35,0.0,74.6,40,0.0,77.0,75,0.0,45.6,72,26.4,88.22,11.78,63.68,Moderate Gap,Not Placed,2026-02-18 00:00:00
STU0582,JNTU Kakinada,Male,2027,Full Stack Developer,8.11,97.0,2,3,0.0,1,JavaScript,72.8,82,9.2,68.6,76,7.4,98.0,70,0.0,82.7,88,5.3,98.0,62,0.0,98.0,50,0.0,71.2,42,0.0,78.8,58,0.0,66.1,74,7.9,74.5,80,5.5,96.46,3.54,85.17,Low Gap,Placed,2025-01-18 00:00:00
STU0583,Vignan University,Male,2027,Data Scientist,7.42,92.9,0,4,2.0,2,Java,67.6,78,10.4,45.8,75,29.2,74.9,72,0.0,96.0,55,0.0,70.3,52,0.0,68.4,88,19.6,73.7,40,0.0,97.0,45,0.0,60.6,75,14.4,50.9,82,31.1,89.53,10.47,75.45,Moderate Gap,Not Placed,2026-05-05 00:00:00
STU0584,KL University,Female,2025,Data Scientist,8.51,84.6,2,3,1.0,1,Java,93.3,78,0.0,98.0,75,0.0,94.0,72,0.0,72.7,55,0.0,65.2,52,0.0,74.9,88,13.1,82.6,40,0.0,35.2,45,9.8,78.9,75,0.0,98.0,82,0.0,97.71,2.29,86.75,Low Gap,Not Placed,2025-03-04 00:00:00
STU0585,KL University,Male,2026,Data Analyst,6.87,78.2,0,2,0.0,2,Python,85.1,72,0.0,80.7,65,0.0,68.6,78,9.4,69.3,62,0.0,70.2,55,0.0,61.9,78,16.1,59.0,35,0.0,64.8,40,0.0,65.0,75,10.0,88.3,72,0.0,96.45,3.55,71.79,Low Gap,Placed,2025-04-22 00:00:00
STU0586,GITAM University,Male,2026,Full Stack Developer,7.63,83.2,2,5,1.0,0,Python,82.1,82,0.0,71.5,76,4.5,79.3,70,0.0,90.9,88,0.0,80.8,62,0.0,89.9,50,0.0,88.4,42,0.0,89.8,58,0.0,63.4,74,10.6,75.5,80,4.5,98.04,1.96,89.96,Low Gap,Placed,2025-01-16 00:00:00
STU0587,Vignan University,Female,2027,Full Stack Developer,7.53,83.6,1,4,2.0,0,C#,67.5,82,14.5,64.0,76,12.0,76.1,70,0.0,69.0,88,19.0,89.8,62,0.0,75.9,50,0.0,98.0,42,0.0,79.9,58,0.0,86.6,74,0.0,63.8,80,16.2,93.83,6.17,81.34,Low Gap,Placed,2026-07-24 00:00:00
STU0588,SRM University,Female,2025,Cloud Engineer,7.83,95.7,1,2,1.0,2,Python,81.0,70,0.0,93.2,68,0.0,77.8,62,0.0,81.1,55,0.0,80.2,88,7.8,57.7,58,0.3,90.4,45,0.0,91.2,82,0.0,75.8,70,0.0,85.1,76,0.0,99.19,0.81,82.54,Low Gap,Placed,2026-01-30 00:00:00
STU0589,JNTU Kakinada,Female,2025,Full Stack Developer,8.44,81.2,0,4,1.0,0,Java,70.0,82,12.0,61.6,76,14.4,69.3,70,0.7,85.0,88,3.0,92.6,62,0.0,83.7,50,0.0,76.7,42,0.0,89.5,58,0.0,63.3,74,10.7,62.2,80,17.8,94.14,5.86,74.48,Low Gap,Placed,2025-12-08 00:00:00
STU0590,GITAM University,Male,2027,Data Scientist,7.23,100.0,0,5,1.0,2,JavaScript,66.2,78,11.8,70.7,75,4.3,70.8,72,1.2,90.8,55,0.0,82.0,52,0.0,82.3,88,5.7,78.1,40,0.0,92.0,45,0.0,71.4,75,3.6,56.2,82,25.8,94.76,5.24,79.96,Low Gap,Placed,2025-10-18 00:00:00
STU0591,JNTU Kakinada,Female,2025,Full Stack Developer,8.17,97.2,1,2,1.0,1,Java,84.6,82,0.0,78.0,76,0.0,82.6,70,0.0,78.6,88,9.4,98.0,62,0.0,86.6,50,0.0,51.6,42,0.0,76.8,58,0.0,80.4,74,0.0,78.5,80,1.5,98.91,1.09,80.38,Low Gap,Placed,2025-10-01 00:00:00
STU0592,Andhra University,Female,2027,Software Developer,,86.6,0,1,0.0,2,C++,56.1,80,23.9,74.9,78,3.1,61.7,72,10.3,46.8,68,21.2,52.6,60,7.4,77.6,55,0.0,88.7,45,0.0,39.3,50,10.7,76.8,72,0.0,61.6,78,16.4,90.69,9.31,64.89,Low Gap,Not Placed,2025-11-30 00:00:00
STU0593,Andhra University,Female,2025,Full Stack Developer,7.82,77.2,2,2,1.0,0,Python,87.1,82,0.0,88.0,76,0.0,83.9,70,0.0,89.9,88,0.0,79.2,62,0.0,52.5,50,0.0,53.4,42,0.0,68.9,58,0.0,54.2,74,19.8,98.0,80,0.0,98.02,1.98,82.26,Low Gap,Placed,2025-02-01 00:00:00
STU0594,Vignan University,Male,2027,Cloud Engineer,7.7,72.9,3,3,1.0,0,JavaScript,87.4,70,0.0,86.3,68,0.0,82.8,62,0.0,82.5,55,0.0,84.9,88,3.1,83.2,58,0.0,76.7,45,0.0,77.4,82,4.6,61.4,70,8.6,81.4,76,0.0,98.37,1.63,90.89,Low Gap,Placed,2025-12-06 00:00:00
STU0595,SRM University,Female,2025,DevOps Engineer,7.15,78.3,1,4,3.0,0,Python,68.5,72,3.5,74.1,70,0.0,79.5,58,0.0,88.3,50,0.0,85.7,82,0.0,85.3,52,0.0,80.2,48,0.0,57.6,88,30.4,69.3,72,2.7,68.3,80,11.7,95.17,4.83,83.03,Low Gap,Placed,2026-07-08 00:00:00
STU0596,KL University,Male,2026,DevOps Engineer,7.66,69.1,0,4,2.0,2,Java,88.8,72,0.0,82.1,70,0.0,79.9,58,0.0,82.0,50,0.0,89.6,82,0.0,84.0,52,0.0,71.5,48,0.0,59.9,88,28.1,75.4,72,0.0,73.3,80,6.7,96.53,3.47,81.04,Low Gap,Placed,2025-05-14 00:00:00
STU0597,KL University,Other,2026,Data Scientist,7.25,74.1,1,4,2.0,0,C#,59.6,78,18.4,48.7,75,26.3,97.5,72,0.0,82.9,55,0.0,83.8,52,0.0,86.6,88,1.4,96.6,40,0.0,90.6,45,0.0,57.2,75,17.8,59.6,82,22.4,91.36,8.64,80.01,Low Gap,Placed,2025-10-14 00:00:00
STU0598,GITAM University,Male,2027,DevOps Engineer,7.31,85.5,2,2,1.0,1,Python,89.1,72,0.0,92.2,70,0.0,77.6,58,0.0,69.3,50,0.0,84.7,82,0.0,57.5,52,0.0,70.6,48,0.0,54.4,88,33.6,71.6,72,0.4,91.0,80,0.0,96.59,3.41,83.21,Low Gap,Placed,2025-11-06 00:00:00
STU0599,KL University,Female,2027,Full Stack Developer,6.9,71.2,1,1,0.0,0,C#,55.4,82,26.6,67.8,76,8.2,44.4,70,25.6,55.0,88,33.0,60.8,62,1.2,66.9,50,0.0,65.5,42,0.0,48.7,58,9.3,65.8,74,8.2,51.2,80,28.8,85.91,14.09,63.1,Moderate Gap,Placed,2025-07-28 00:00:00
STU0600,JNTU Kakinada,Male,2026,Data Scientist,8.43,68.1,1,2,0.0,2,C#,69.1,78,8.9,84.1,75,0.0,58.2,72,13.8,83.0,55,0.0,75.6,52,0.0,87.9,88,0.1,68.2,40,0.0,78.5,45,0.0,77.2,75,0.0,64.9,82,17.1,96.01,3.99,77.61,Low Gap,Placed,2026-06-26 00:00:00
STU0601,Andhra University,Male,2025,DevOps Engineer,8.42,81.8,0,3,0.0,0,Java,94.6,72,0.0,98.0,70,0.0,66.4,58,0.0,65.9,50,0.0,57.3,82,24.7,91.9,52,0.0,88.7,48,0.0,72.8,88,15.2,68.2,72,3.8,98.0,80,0.0,95.63,4.37,73.08,Low Gap,Placed,2026-04-09 00:00:00
STU0602,KL University,Male,2027,Data Analyst,7.75,77.2,1,4,0.0,0,JavaScript,58.2,72,13.8,73.8,65,0.0,60.4,78,17.6,91.5,62,0.0,70.4,55,0.0,76.3,78,1.7,51.5,35,0.0,60.2,40,0.0,69.0,75,6.0,75.4,72,0.0,96.09,3.91,76.84,Low Gap,Placed,2026-06-12 00:00:00
STU0603,Andhra University,Male,2027,Cloud Engineer,7.34,73.7,1,3,,1,Java,71.4,70,0.0,84.0,68,0.0,65.9,62,0.0,88.8,55,0.0,71.1,88,16.9,84.7,58,0.0,77.0,45,0.0,75.5,82,6.5,56.5,70,13.5,93.6,76,0.0,96.31,3.69,81.89,Low Gap,Placed,2026-07-25 00:00:00
STU0604,KL University,Male,2027,Full Stack Developer,7.81,84.0,1,4,0.0,1,Python,93.9,82,0.0,98.0,76,0.0,82.0,70,0.0,67.6,88,20.4,69.7,62,0.0,89.3,50,0.0,85.3,42,0.0,72.9,58,0.0,89.1,74,0.0,98.0,80,0.0,97.96,2.04,83.96,Low Gap,Placed,2025-10-29 00:00:00
STU0605,Vignan University,Male,2027,DevOps Engineer,6.38,75.4,0,4,1.0,1,JavaScript,66.8,72,5.2,70.1,70,0.0,73.1,58,0.0,59.6,50,0.0,,82,23.3,59.1,52,0.0,52.7,48,0.0,77.3,88,10.7,74.6,72,0.0,68.3,80,11.7,94.9,5.1,73.51,Low Gap,Not Placed,2026-03-30 00:00:00
STU0606,Vignan University,Female,2027,Software Developer,6.85,87.8,0,4,1.0,1,Python,63.3,80,16.7,62.0,78,16.0,63.8,72,8.2,70.1,68,0.0,56.4,60,3.6,68.3,55,0.0,57.3,45,0.0,67.8,50,0.0,61.1,72,10.9,75.8,78,2.2,94.24,5.76,72.79,Low Gap,Placed,2025-03-04 00:00:00
STU0607,Andhra University,Female,2026,Cloud Engineer,9.0,69.6,1,3,1.0,1,C#,76.3,70,0.0,78.5,68,0.0,83.9,62,0.0,79.8,55,0.0,95.9,88,0.0,64.0,58,0.0,84.8,45,0.0,87.6,82,0.0,57.1,70,12.9,72.3,76,3.7,98.34,1.66,81.66,Low Gap,Placed,2025-08-07 00:00:00
STU0608,SRM University,Female,2026,Full Stack Developer,7.9,81.8,2,4,1.0,1,C++,90.2,82,0.0,84.4,76,0.0,74.7,70,0.0,77.1,88,10.9,98.0,62,0.0,74.2,50,0.0,81.3,42,0.0,83.2,58,0.0,73.3,74,0.7,92.3,80,0.0,98.84,1.16,90.34,Low Gap,Placed,2026-07-19 00:00:00
STU0609,Vignan University,Female,2026,Data Scientist,8.07,70.0,0,3,1.0,0,Python,86.6,78,0.0,87.4,75,0.0,68.1,72,3.9,47.3,55,7.7,52.5,52,0.0,58.0,88,30.0,71.2,40,0.0,70.2,45,0.0,,75,0.0,79.4,82,2.6,95.59,4.41,71.46,Low Gap,Placed,2025-10-16 00:00:00
STU0610,SRM University,Female,2025,Software Developer,8.11,80.1,0,2,,0,C++,60.1,80,19.9,75.8,78,2.2,63.8,72,8.2,90.8,68,0.0,83.2,60,0.0,85.3,55,0.0,70.3,45,0.0,63.5,50,0.0,98.0,72,0.0,55.0,78,23.0,94.66,5.34,68.97,Low Gap,Placed,2025-10-29 00:00:00
STU0611,Vignan University,Female,2025,Full Stack Developer,6.45,97.3,1,1,,0,C++,62.7,82,19.3,74.8,76,1.2,80.1,70,0.0,52.4,88,35.6,58.1,62,3.9,71.7,50,0.0,65.6,42,0.0,65.9,58,0.0,62.9,74,11.1,78.0,80,2.0,92.7,7.3,68.88,Low Gap,Not Placed,2025-10-02 00:00:00
STU0612,Andhra University,Male,2027,DevOps Engineer,5.53,84.1,0,3,1.0,0,C++,48.7,72,23.3,59.4,70,10.6,47.8,58,10.2,78.5,50,0.0,48.0,82,34.0,33.3,52,18.7,67.9,48,0.0,57.6,88,30.4,63.7,72,8.3,67.1,80,12.9,85.15,14.85,62.97,Moderate Gap,Not Placed,2026-06-10 00:00:00
STU0613,KL University,Female,2025,Software Developer,8.07,91.0,2,4,,1,C++,72.9,80,7.1,67.2,78,10.8,65.7,72,6.3,88.5,68,0.0,85.9,60,0.0,85.8,55,0.0,92.4,45,0.0,98.0,50,0.0,73.3,72,0.0,73.9,78,4.1,97.17,2.83,87.33,Low Gap,Placed,2026-06-29 00:00:00
STU0614,SRM University,Male,2026,Full Stack Developer,8.52,,2,2,2.0,0,JavaScript,85.8,82,0.0,81.6,76,0.0,98.0,70,0.0,82.8,88,5.2,85.2,62,0.0,65.5,50,0.0,98.0,42,0.0,81.8,58,0.0,83.3,74,0.0,80.1,80,0.0,99.48,0.52,87.03,Low Gap,Placed,2026-01-19 00:00:00
STU0615,GITAM University,Other,2025,DevOps Engineer,7.08,74.6,2,5,2.0,0,Python,80.1,72,0.0,73.5,70,0.0,62.4,58,0.0,94.1,50,0.0,68.7,82,13.3,82.2,52,0.0,71.4,48,0.0,80.6,88,7.4,56.8,72,15.2,72.1,80,7.9,95.63,4.37,88.29,Low Gap,Placed,2026-06-23 00:00:00
STU0616,KL University,Male,2027,Full Stack Developer,7.3,78.3,2,1,3.0,0,C#,80.4,82,1.6,78.9,76,0.0,85.4,70,0.0,80.3,88,7.7,74.4,62,0.0,75.2,50,0.0,62.0,42,0.0,92.6,58,0.0,81.6,74,0.0,86.8,80,0.0,99.07,0.93,85.01,Low Gap,Placed,2026-05-11 00:00:00
STU0617,KL University,Male,2026,Data Analyst,6.46,89.4,1,4,2.0,0,JavaScript,79.5,72,0.0,78.9,65,0.0,76.6,78,1.4,72.4,62,0.0,86.4,55,0.0,83.3,78,0.0,62.6,35,0.0,62.3,40,0.0,68.4,75,6.6,74.7,72,0.0,99.2,0.8,82.99,Low Gap,Placed,2025-08-20 00:00:00
STU0618,JNTU Kakinada,Male,2026,Data Scientist,7.34,87.7,1,2,1.0,0,JavaScript,77.0,78,1.0,63.5,75,11.5,62.8,72,9.2,82.1,55,0.0,74.8,52,0.0,60.8,88,27.2,65.1,40,0.0,78.1,45,0.0,98.0,75,0.0,67.3,82,14.7,93.64,6.36,74.52,Low Gap,Placed,2026-08-02 00:00:00
STU0619,JNTU Kakinada,Male,2027,Cloud Engineer,7.18,99.3,1,2,1.0,0,C++,84.1,70,0.0,78.7,68,0.0,68.1,62,0.0,71.5,55,0.0,69.2,88,18.8,62.1,58,0.0,62.4,45,0.0,85.4,82,0.0,77.8,70,0.0,76.0,76,0.0,98.12,1.88,76.71,Low Gap,Placed,2026-04-29 00:00:00
STU0620,Vignan University,Female,2026,Cloud Engineer,8.79,71.4,1,1,2.0,0,JavaScript,80.0,70,0.0,95.6,68,0.0,86.5,62,0.0,69.4,55,0.0,85.8,88,2.2,85.5,58,0.0,82.1,45,0.0,72.5,82,9.5,72.9,70,0.0,83.6,76,0.0,98.83,1.17,78.89,Low Gap,Placed,2026-02-08 00:00:00
STU0621,JNTU Kakinada,Female,2025,Cloud Engineer,7.97,84.3,0,3,1.0,0,Python,55.9,70,14.1,64.2,68,3.8,60.8,62,1.2,85.2,55,0.0,80.2,88,7.8,68.9,58,0.0,81.5,45,0.0,55.3,82,26.7,80.6,70,0.0,62.7,76,13.3,93.32,6.68,70.36,Low Gap,Placed,2025-04-10 00:00:00
STU0622,Vignan University,Female,2026,Data Scientist,7.16,76.7,1,3,0.0,0,Java,64.4,78,13.6,64.7,75,10.3,67.3,72,4.7,52.6,55,2.4,65.7,52,0.0,,88,18.7,63.0,40,0.0,78.8,45,0.0,63.7,75,11.3,49.4,82,32.6,90.65,9.35,70.96,Low Gap,Placed,2025-07-03 00:00:00
STU0623,KL University,Female,2027,DevOps Engineer,,86.2,1,3,3.0,0,Java,76.5,72,0.0,47.7,70,22.3,83.1,58,0.0,80.1,50,0.0,55.4,82,26.6,90.6,52,0.0,92.5,48,0.0,98.0,88,0.0,89.1,72,0.0,60.1,80,19.9,93.11,6.89,80.59,Low Gap,Placed,2025-09-07 00:00:00
STU0624,JNTU Kakinada,Female,2026,Full Stack Developer,7.11,83.9,1,3,3.0,1,JavaScript,66.8,82,15.2,58.3,76,17.7,84.4,70,0.0,85.6,88,2.4,79.2,62,0.0,97.1,50,0.0,92.1,42,0.0,83.4,58,0.0,66.2,74,7.8,68.2,80,11.8,94.51,5.49,82.97,Low Gap,Not Placed,2025-09-14 00:00:00
STU0625,GITAM University,Male,2025,DevOps Engineer,8.36,72.1,1,3,3.0,0,JavaScript,71.5,72,0.5,64.6,70,5.4,66.1,58,0.0,67.1,50,0.0,,82,8.0,82.5,52,0.0,67.0,48,0.0,80.0,88,8.0,76.8,72,0.0,68.3,80,11.7,96.64,3.36,80.52,Low Gap,Placed,2025-03-25 00:00:00
STU0626,Vignan University,Female,2027,Data Analyst,7.26,92.9,1,2,,1,C++,95.3,72,0.0,91.5,65,0.0,66.7,78,11.3,74.8,62,0.0,91.6,55,0.0,70.3,78,7.7,65.2,35,0.0,76.2,40,0.0,58.3,75,16.7,79.7,72,0.0,96.42,3.58,78.48,Low Gap,Placed,2025-01-23 00:00:00
STU0627,SRM University,Male,2026,DevOps Engineer,7.97,74.8,1,3,0.0,1,C++,65.7,72,6.3,77.9,70,0.0,63.7,58,0.0,78.9,50,0.0,59.8,82,22.2,74.0,52,0.0,67.0,48,0.0,71.1,88,16.9,83.3,72,0.0,65.4,80,14.6,94.0,6.0,76.0,Low Gap,Not Placed,2025-12-15 00:00:00
STU0628,Andhra University,Male,2025,DevOps Engineer,8.45,82.1,3,3,3.0,0,Java,89.1,72,0.0,84.3,70,0.0,77.9,58,0.0,98.0,50,0.0,89.2,82,0.0,98.0,52,0.0,95.4,48,0.0,97.5,88,0.0,64.2,72,7.8,80.9,80,0.0,99.22,0.78,96.38,Low Gap,Placed,2026-07-21 00:00:00
STU0629,GITAM University,Female,2025,Full Stack Developer,7.99,89.1,1,3,2.0,0,Java,98.0,82,0.0,98.0,76,0.0,89.7,70,0.0,94.3,88,0.0,91.8,62,0.0,81.1,50,0.0,71.2,42,0.0,78.6,58,0.0,79.6,74,0.0,95.3,80,0.0,100.0,0.0,85.33,Low Gap,Placed,2026-01-16 00:00:00
STU0630,SRM University,Male,2025,DevOps Engineer,8.29,95.6,0,3,1.0,2,C++,82.7,72,0.0,93.4,70,0.0,93.6,58,0.0,78.4,50,0.0,71.8,82,10.2,72.0,52,0.0,52.3,48,0.0,83.6,88,4.4,67.3,72,4.7,78.4,80,1.6,97.91,2.09,77.76,Low Gap,Placed,2025-11-16 00:00:00
STU0631,Vignan University,Female,2026,Software Developer,7.17,82.3,3,2,0.0,0,JavaScript,64.2,80,15.8,45.7,78,32.3,75.6,72,0.0,71.6,68,0.0,66.6,60,0.0,80.3,55,0.0,67.8,45,0.0,56.2,50,0.0,66.9,72,5.1,55.8,78,22.2,92.46,7.54,80.13,Low Gap,Not Placed,2025-09-19 00:00:00
STU0632,SRM University,Male,2026,Software Developer,6.91,86.2,0,3,2.0,1,JavaScript,39.3,80,40.7,59.5,78,18.5,80.0,72,0.0,65.2,68,2.8,51.4,60,8.6,60.5,55,0.0,65.8,45,0.0,69.6,50,0.0,81.5,72,0.0,42.4,78,35.6,89.39,10.61,69.18,Moderate Gap,Placed,2026-04-17 00:00:00
STU0633,KL University,Female,2027,Software Developer,8.45,75.7,2,4,2.0,1,JavaScript,79.0,80,1.0,64.3,78,13.7,86.9,72,0.0,90.0,68,0.0,78.5,60,0.0,75.2,55,0.0,92.1,45,0.0,88.9,50,0.0,,72,4.1,80.0,78,0.0,98.11,1.89,90.73,Low Gap,Placed,2026-03-27 00:00:00
STU0634,GITAM University,Female,2025,Cloud Engineer,7.33,71.9,0,3,1.0,1,C#,76.5,70,0.0,83.7,68,0.0,82.1,62,0.0,79.8,55,0.0,66.7,88,21.3,76.9,58,0.0,46.5,45,0.0,72.9,82,9.1,,70,0.0,92.5,76,0.0,96.96,3.04,75.29,Low Gap,Placed,2026-03-30 00:00:00
STU0635,Vignan University,Male,2026,Software Developer,6.12,93.5,0,3,0.0,1,Java,52.0,80,28.0,45.0,78,33.0,49.5,72,22.5,56.0,68,12.0,61.5,60,0.0,62.6,55,0.0,48.0,45,0.0,60.9,50,0.0,60.6,72,11.4,47.2,78,30.8,86.23,13.77,62.6,Moderate Gap,Not Placed,2025-06-16 00:00:00
STU0636,Andhra University,Female,2027,Full Stack Developer,6.49,78.0,2,2,1.0,0,Java,60.7,82,21.3,64.4,76,11.6,73.3,70,0.0,72.7,88,15.3,96.0,62,0.0,73.3,50,0.0,61.9,42,0.0,67.0,58,0.0,80.0,74,0.0,70.4,80,9.6,94.23,5.77,79.49,Low Gap,Placed,2025-12-05 00:00:00
STU0637,KL University,Female,2027,Data Analyst,7.63,71.8,0,2,0.0,0,Java,69.3,72,2.7,54.7,65,10.3,52.7,78,25.3,67.5,62,0.0,67.3,55,0.0,39.9,78,38.1,75.7,35,0.0,90.8,40,0.0,72.0,75,3.0,57.0,72,15.0,90.56,9.44,64.16,Low Gap,Not Placed,2025-08-02 00:00:00
STU0638,KL University,Male,2026,Software Developer,6.92,,1,4,1.0,1,Python,69.3,80,10.7,71.2,78,6.8,86.7,72,0.0,66.0,68,2.0,86.4,60,0.0,63.3,55,0.0,64.5,45,0.0,80.9,50,0.0,60.8,72,11.2,68.5,78,9.5,95.99,4.01,80.72,Low Gap,Placed,2025-11-16 00:00:00
STU0639,Andhra University,Female,2026,Data Scientist,7.84,,2,4,1.0,2,Python,93.6,78,0.0,91.1,75,0.0,73.8,72,0.0,98.0,55,0.0,76.1,52,0.0,57.7,88,30.3,94.9,40,0.0,98.0,45,0.0,74.6,75,0.4,98.0,82,0.0,96.94,3.06,91.8,Low Gap,Placed,2026-02-02 00:00:00
STU0640,KL University,Male,2026,Software Developer,8.22,90.1,3,2,4.0,2,C++,98.0,80,0.0,98.0,78,0.0,98.0,72,0.0,83.3,68,0.0,91.4,60,0.0,62.3,55,0.0,97.0,45,0.0,91.1,50,0.0,72.8,72,0.0,91.0,78,0.0,100.0,0.0,99.48,Low Gap,Placed,2025-05-09 00:00:00
STU0641,Vignan University,Female,2026,Data Scientist,7.76,92.1,1,2,1.0,0,C#,78.2,78,0.0,79.9,75,0.0,93.3,72,0.0,71.0,55,0.0,69.1,52,0.0,68.3,88,19.7,84.2,40,0.0,86.8,45,0.0,70.2,75,4.8,77.4,82,4.6,97.09,2.91,77.55,Low Gap,Placed,2025-05-25 00:00:00
STU0642,KL University,Male,2027,Cloud Engineer,8.28,89.0,0,3,1.0,0,JavaScript,85.8,70,0.0,82.1,68,0.0,92.7,62,0.0,85.2,55,0.0,64.0,88,24.0,70.5,58,0.0,65.0,45,0.0,59.4,82,22.6,82.8,70,0.0,97.5,76,0.0,95.34,4.66,73.95,Low Gap,Placed,2025-10-04 00:00:00
STU0643,SRM University,Female,2026,Data Scientist,8.58,72.3,2,3,3.0,0,C++,91.9,78,0.0,67.8,75,7.2,90.2,72,0.0,78.9,55,0.0,87.4,52,0.0,93.7,88,0.0,98.0,40,0.0,93.4,45,0.0,89.3,75,0.0,64.6,82,17.4,97.53,2.47,90.04,Low Gap,Placed,2025-02-06 00:00:00
STU0644,KL University,Female,2026,DevOps Engineer,8.08,74.6,1,1,1.0,1,JavaScript,63.5,72,8.5,69.0,70,1.0,76.9,58,0.0,77.8,50,0.0,65.3,82,16.7,78.8,52,0.0,76.4,48,0.0,65.9,88,22.1,73.4,72,0.0,76.2,80,3.8,94.79,5.21,74.35,Low Gap,Placed,2025-03-09 00:00:00
STU0645,GITAM University,Male,2027,Full Stack Developer,7.36,72.2,2,4,1.0,1,Java,83.1,82,0.0,83.9,76,0.0,91.6,70,0.0,85.2,88,2.8,75.4,62,0.0,66.0,50,0.0,83.0,42,0.0,83.4,58,0.0,57.4,74,16.6,72.7,80,7.3,97.34,2.66,88.26,Low Gap,Placed,2025-03-11 00:00:00
STU0646,GITAM University,Male,2026,Data Scientist,8.35,82.2,1,3,4.0,0,C++,97.5,78,0.0,98.0,75,0.0,93.5,72,0.0,73.3,55,0.0,87.1,52,0.0,71.6,88,16.4,79.2,40,0.0,87.3,45,0.0,75.0,75,0.0,89.4,82,0.0,98.36,1.64,86.82,Low Gap,Placed,2026-04-21 00:00:00
STU0647,JNTU Kakinada,Male,2025,DevOps Engineer,9.71,82.6,1,4,,2,JavaScript,98.0,72,0.0,98.0,70,0.0,87.9,58,0.0,80.4,50,0.0,79.4,82,2.6,71.0,52,0.0,81.9,48,0.0,86.1,88,1.9,58.2,72,13.8,91.7,80,0.0,98.17,1.83,86.65,Low Gap,Placed,2026-07-10 00:00:00
STU0648,Andhra University,Male,2025,Data Analyst,8.03,73.6,1,2,1.0,2,C++,74.7,72,0.0,80.1,65,0.0,74.1,78,3.9,79.0,62,0.0,57.8,55,0.0,90.1,78,0.0,67.6,35,0.0,71.9,40,0.0,57.1,75,17.9,81.0,72,0.0,97.82,2.18,79.53,Low Gap,Placed,2025-12-16 00:00:00
STU0649,JNTU Kakinada,Female,2025,Data Scientist,7.95,86.4,0,3,0.0,2,JavaScript,64.2,78,13.8,60.5,75,14.5,57.7,72,14.3,58.7,55,0.0,82.1,52,0.0,82.1,88,5.9,97.5,40,0.0,74.8,45,0.0,76.6,75,0.0,57.9,82,24.1,92.74,7.26,72.09,Low Gap,Placed,2025-01-03 00:00:00
STU0650,Andhra University,Male,2026,DevOps Engineer,7.75,75.0,1,3,0.0,0,C#,80.0,72,0.0,81.7,70,0.0,58.9,58,0.0,74.3,50,0.0,,82,0.0,53.8,52,0.0,85.2,48,0.0,58.9,88,29.1,79.7,72,0.0,78.5,80,1.5,96.95,3.05,76.8,Low Gap,Placed,2025-05-14 00:00:00
STU0651,GITAM University,Male,2027,DevOps Engineer,7.02,94.6,2,2,3.0,1,Java,89.8,72,0.0,67.4,70,2.6,83.6,58,0.0,85.2,50,0.0,60.0,82,22.0,82.4,52,0.0,74.3,48,0.0,98.0,88,0.0,59.0,72,13.0,81.7,80,0.0,96.24,3.76,86.75,Low Gap,Placed,2025-10-14 00:00:00
STU0652,KL University,Female,2027,Data Analyst,8.3,83.9,1,1,0.0,2,C#,67.3,72,4.7,72.7,65,0.0,54.1,78,23.9,80.3,62,0.0,74.5,55,0.0,84.4,78,0.0,72.3,35,0.0,51.5,40,0.0,75.0,75,0.0,55.5,72,16.5,95.5,4.5,73.6,Low Gap,Placed,2026-04-13 00:00:00
STU0653,GITAM University,Male,2025,Full Stack Developer,6.74,78.1,2,1,,0,C++,73.5,82,8.5,77.0,76,0.0,61.0,70,9.0,60.9,88,27.1,76.6,62,0.0,50.1,50,0.0,64.3,42,0.0,50.8,58,7.2,81.9,74,0.0,84.0,80,0.0,94.83,5.17,76.57,Low Gap,Not Placed,2026-02-27 00:00:00
STU0654,SRM University,Male,2026,Data Scientist,6.78,91.9,0,4,2.0,2,C#,62.4,78,15.6,65.1,75,9.9,71.0,72,1.0,75.6,55,0.0,67.2,52,0.0,76.2,88,11.8,82.1,40,0.0,72.1,45,0.0,55.4,75,19.6,65.1,82,16.9,92.52,7.48,76.4,Low Gap,Placed,2026-02-06 00:00:00
STU0655,Vignan University,Male,2025,Data Analyst,7.81,80.0,1,4,,0,Python,78.1,72,0.0,45.1,65,19.9,89.2,78,0.0,80.4,62,0.0,,55,0.0,90.1,78,0.0,64.2,35,0.0,75.1,40,0.0,78.1,75,0.0,64.0,72,8.0,97.21,2.79,80.45,Low Gap,Placed,2026-06-22 00:00:00
STU0656,KL University,Female,2026,Cloud Engineer,6.79,92.2,2,3,2.0,0,Java,65.8,70,4.2,49.3,68,18.7,70.6,62,0.0,71.9,55,0.0,64.6,88,23.4,88.9,58,0.0,79.7,45,0.0,88.7,82,0.0,77.2,70,0.0,50.7,76,25.3,92.84,7.16,82.0,Low Gap,Not Placed,2025-08-25 00:00:00
STU0657,GITAM University,Female,2026,Full Stack Developer,6.86,91.6,1,3,0.0,0,Java,45.2,82,36.8,47.9,76,28.1,78.2,70,0.0,63.4,88,24.6,47.8,62,14.2,,50,0.0,75.7,42,0.0,58.0,58,0.0,64.2,74,9.8,37.0,80,43.0,84.35,15.65,66.58,Moderate Gap,Placed,2025-09-18 00:00:00
STU0658,JNTU Kakinada,Male,2025,Full Stack Developer,8.18,78.8,1,3,1.0,1,C#,54.7,82,27.3,49.9,76,26.1,98.0,70,0.0,76.7,88,11.3,65.3,62,0.0,75.8,50,0.0,50.7,42,0.0,77.0,58,0.0,81.1,74,0.0,56.0,80,24.0,91.13,8.87,75.57,Low Gap,Placed,2025-06-22 00:00:00
STU0659,GITAM University,Male,2027,Full Stack Developer,7.94,99.0,1,2,1.0,0,C++,84.3,82,0.0,81.3,76,0.0,95.7,70,0.0,82.6,88,5.4,60.9,62,1.1,80.7,50,0.0,94.4,42,0.0,83.3,58,0.0,43.4,74,30.6,82.9,80,0.0,96.29,3.71,77.52,Low Gap,Placed,2025-08-29 00:00:00
STU0660,GITAM University,Female,2027,Data Scientist,7.97,99.1,0,3,3.0,0,JavaScript,71.8,78,6.2,81.8,75,0.0,98.0,72,0.0,84.4,55,0.0,78.5,52,0.0,65.4,88,22.6,88.9,40,0.0,76.6,45,0.0,84.8,75,0.0,79.5,82,2.5,96.86,3.14,78.37,Low Gap,Placed,2025-04-14 00:00:00
STU0661,Andhra University,Female,2025,DevOps Engineer,7.45,83.0,1,2,0.0,0,Java,70.5,72,1.5,67.9,70,2.1,55.9,58,2.1,81.8,50,0.0,44.6,82,37.4,74.4,52,0.0,56.9,48,0.0,60.9,88,27.1,79.5,72,0.0,61.7,80,18.3,91.15,8.85,69.64,Low Gap,Not Placed,2025-10-23 00:00:00
STU0662,Andhra University,Male,2026,Data Analyst,7.93,79.0,2,4,0.0,0,JavaScript,98.0,72,0.0,84.6,65,0.0,92.6,78,0.0,73.0,62,0.0,78.9,55,0.0,69.4,78,8.6,78.7,35,0.0,89.4,40,0.0,57.7,75,17.3,94.8,72,0.0,97.4,2.6,86.34,Low Gap,Placed,2026-07-24 00:00:00
STU0663,GITAM University,Male,2026,Cloud Engineer,8.05,97.7,3,1,2.0,0,C#,84.7,70,0.0,77.6,68,0.0,70.6,62,0.0,84.3,55,0.0,79.3,88,8.7,68.4,58,0.0,63.8,45,0.0,74.0,82,8.0,85.7,70,0.0,82.6,76,0.0,98.33,1.67,87.37,Low Gap,Placed,2025-03-13 00:00:00
STU0664,Andhra University,Male,2026,Software Developer,7.92,78.7,0,2,1.0,0,Python,54.4,80,25.6,55.2,78,22.8,56.0,72,16.0,76.2,68,0.0,71.8,60,0.0,69.9,55,0.0,83.8,45,0.0,60.9,50,0.0,75.1,72,0.0,55.9,78,22.1,91.36,8.64,66.39,Low Gap,Not Placed,2025-07-24 00:00:00
STU0665,SRM University,Male,2026,Data Analyst,6.72,73.1,1,3,3.0,0,C++,89.2,72,0.0,98.0,65,0.0,81.4,78,0.0,70.8,62,0.0,46.1,55,8.9,72.8,78,5.2,71.5,35,0.0,77.4,40,0.0,43.6,75,31.4,91.3,72,0.0,95.46,4.54,80.72,Low Gap,Placed,2025-10-25 00:00:00
STU0666,JNTU Kakinada,Male,2027,Data Scientist,7.99,87.1,2,4,2.0,2,Python,91.8,78,0.0,98.0,75,0.0,73.1,72,0.0,63.5,55,0.0,81.8,52,0.0,91.0,88,0.0,88.6,40,0.0,93.4,45,0.0,80.8,75,0.0,84.3,82,0.0,100.0,0.0,94.39,Low Gap,Placed,2025-02-17 00:00:00
STU0667,JNTU Kakinada,Female,2026,Full Stack Developer,8.18,81.9,1,3,2.0,0,C++,82.5,82,0.0,73.1,76,2.9,90.7,70,0.0,85.2,88,2.8,84.6,62,0.0,65.2,50,0.0,73.3,42,0.0,81.9,58,0.0,82.4,74,0.0,75.0,80,5.0,98.93,1.07,82.34,Low Gap,Placed,2025-11-01 00:00:00
STU0668,KL University,Male,2026,Full Stack Developer,7.16,77.8,1,1,2.0,1,C++,54.9,82,27.1,43.1,76,32.9,78.0,70,0.0,72.4,88,15.6,84.2,62,0.0,75.6,50,0.0,56.6,42,0.0,48.0,58,10.0,70.7,74,3.3,40.2,80,39.8,87.13,12.87,69.42,Moderate Gap,Placed,2026-01-08 00:00:00
STU0669,KL University,Female,2027,Full Stack Developer,7.62,78.3,0,3,2.0,0,Java,66.3,82,15.7,74.3,76,1.7,73.8,70,0.0,88.4,88,0.0,57.1,62,4.9,57.5,50,0.0,70.7,42,0.0,83.3,58,0.0,62.0,74,12.0,67.6,80,12.4,95.34,4.66,72.94,Low Gap,Placed,2025-05-12 00:00:00
STU0670,Andhra University,Female,2027,Software Developer,8.17,77.0,1,4,1.0,1,Python,67.3,80,12.7,64.1,78,13.9,85.5,72,0.0,80.0,68,0.0,75.3,60,0.0,94.6,55,0.0,85.2,45,0.0,59.4,50,0.0,69.3,72,2.7,72.3,78,5.7,96.5,3.5,82.01,Low Gap,Placed,2026-01-28 00:00:00
STU0671,KL University,Male,2027,DevOps Engineer,7.38,79.7,2,4,0.0,1,C#,92.9,72,0.0,95.6,70,0.0,81.7,58,0.0,78.5,50,0.0,65.9,82,16.1,52.4,52,0.0,79.9,48,0.0,88.1,88,0.0,90.1,72,0.0,93.7,80,0.0,98.39,1.61,88.34,Low Gap,Placed,2025-10-30 00:00:00
STU0672,Andhra University,Male,2027,Full Stack Developer,8.59,90.2,3,4,2.0,3,JavaScript,98.0,82,0.0,98.0,76,0.0,78.8,70,0.0,71.8,88,16.2,98.0,62,0.0,98.0,50,0.0,98.0,42,0.0,98.0,58,0.0,80.2,74,0.0,98.0,80,0.0,98.38,1.62,100.0,Low Gap,Placed,2026-07-23 00:00:00
STU0673,Vignan University,Female,2026,Data Analyst,7.27,85.8,0,4,1.0,0,C#,63.4,72,8.6,52.6,65,12.4,56.0,78,22.0,82.9,62,0.0,68.2,55,0.0,83.4,78,0.0,63.6,35,0.0,72.3,40,0.0,85.5,75,0.0,63.7,72,8.3,94.87,5.13,72.95,Low Gap,Placed,2026-01-13 00:00:00
STU0674,JNTU Kakinada,Female,2027,DevOps Engineer,7.61,92.4,3,3,0.0,1,Python,63.7,72,8.3,59.4,70,10.6,74.8,58,0.0,92.6,50,0.0,85.2,82,0.0,78.5,52,0.0,88.1,48,0.0,74.2,88,13.8,67.0,72,5.0,60.4,80,19.6,94.27,5.73,87.24,Low Gap,Placed,2025-09-22 00:00:00
STU0675,KL University,Male,2026,Software Developer,8.07,86.9,0,2,0.0,0,C++,71.0,80,9.0,57.4,78,20.6,54.8,72,17.2,64.0,68,4.0,62.6,60,0.0,75.6,55,0.0,73.5,45,0.0,86.7,50,0.0,74.1,72,0.0,56.1,78,21.9,92.73,7.27,66.0,Low Gap,Not Placed,2026-06-27 00:00:00
STU0676,JNTU Kakinada,Male,2025,Data Scientist,7.67,68.6,1,2,1.0,0,JavaScript,75.3,78,2.7,77.4,75,0.0,69.4,72,2.6,84.1,55,0.0,71.8,52,0.0,61.9,88,26.1,64.4,40,0.0,98.0,45,0.0,76.9,75,0.0,80.2,82,1.8,96.68,3.32,76.79,Low Gap,Placed,2026-08-03 00:00:00
STU0677,KL University,Male,2025,Software Developer,7.1,64.8,1,4,1.0,0,JavaScript,80.1,80,0.0,72.0,78,6.0,98.0,72,0.0,77.9,68,0.0,66.9,60,0.0,65.7,55,0.0,67.8,45,0.0,54.5,50,0.0,86.7,72,0.0,70.4,78,7.6,98.64,1.36,81.09,Low Gap,Placed,2026-02-25 00:00:00
STU0678,SRM University,Male,2027,DevOps Engineer,6.46,78.8,1,4,2.0,1,Java,70.2,72,1.8,66.0,70,4.0,81.7,58,0.0,70.0,50,0.0,83.9,82,0.0,54.0,52,0.0,53.1,48,0.0,68.2,88,19.8,60.4,72,11.6,73.2,80,6.8,95.6,4.4,80.94,Low Gap,Placed,2025-05-11 00:00:00
STU0679,SRM University,Male,2026,DevOps Engineer,6.31,82.6,3,5,2.0,0,C#,65.8,72,6.2,46.9,70,23.1,98.0,58,0.0,71.9,50,0.0,80.4,82,1.6,68.6,52,0.0,67.0,48,0.0,98.0,88,0.0,78.4,72,0.0,58.9,80,21.1,94.79,5.21,92.67,Low Gap,Placed,2025-01-17 00:00:00
STU0680,JNTU Kakinada,Female,2027,Software Developer,8.52,74.8,1,4,2.0,1,Java,98.0,80,0.0,98.0,78,0.0,80.1,72,0.0,98.0,68,0.0,85.6,60,0.0,75.0,55,0.0,68.8,45,0.0,47.4,50,2.6,77.6,72,0.0,91.6,78,0.0,99.74,0.26,86.99,Low Gap,Placed,2025-05-16 00:00:00
STU0681,SRM University,Male,2025,Data Analyst,7.85,86.2,1,1,2.0,0,C++,73.3,72,0.0,78.5,65,0.0,68.2,78,9.8,75.8,62,0.0,63.8,55,0.0,88.0,78,0.0,63.4,35,0.0,69.5,40,0.0,89.0,75,0.0,73.7,72,0.0,99.02,0.98,76.86,Low Gap,Placed,2025-02-25 00:00:00
STU0682,Vignan University,Female,2026,Software Developer,6.95,91.0,1,2,0.0,0,C#,55.3,80,24.7,50.6,78,27.4,65.6,72,6.4,56.6,68,11.4,62.3,60,0.0,57.4,55,0.0,83.1,45,0.0,83.6,50,0.0,96.2,72,0.0,63.2,78,14.8,91.53,8.47,70.4,Low Gap,Placed,2026-06-28 00:00:00
STU0683,KL University,Male,2025,Data Scientist,7.66,100.0,1,4,4.0,0,C++,91.0,78,0.0,98.0,75,0.0,83.7,72,0.0,88.2,55,0.0,82.8,52,0.0,61.9,88,26.1,83.2,40,0.0,94.5,45,0.0,72.7,75,2.3,93.1,82,0.0,97.16,2.84,88.19,Low Gap,Placed,2025-05-13 00:00:00
STU0684,GITAM University,Male,2027,Full Stack Developer,6.11,58.8,1,2,0.0,0,C#,62.7,82,19.3,52.9,76,23.1,50.7,70,19.3,61.0,88,27.0,71.8,62,0.0,83.6,50,0.0,58.1,42,0.0,63.7,58,0.0,61.4,74,12.6,71.4,80,8.6,89.0,11.0,68.17,Moderate Gap,Placed,2025-12-30 00:00:00
STU0685,GITAM University,Male,2025,Data Analyst,7.53,91.8,3,1,0.0,0,Python,97.6,72,0.0,92.3,65,0.0,64.9,78,13.1,76.9,62,0.0,81.0,55,0.0,74.6,78,3.4,82.3,35,0.0,87.5,40,0.0,75.0,75,0.0,85.4,72,0.0,98.34,1.66,85.78,Low Gap,Placed,2025-05-09 00:00:00
STU0686,SRM University,Female,2027,Software Developer,9.11,90.1,0,3,2.0,1,C++,80.9,80,0.0,87.3,78,0.0,87.7,72,0.0,66.4,68,1.6,91.5,60,0.0,83.9,55,0.0,68.9,45,0.0,94.1,50,0.0,64.0,72,8.0,86.8,78,0.0,99.04,0.96,79.42,Low Gap,Placed,2025-05-22 00:00:00
STU0687,SRM University,Male,2025,Data Analyst,7.81,81.8,2,3,1.0,1,JavaScript,74.8,72,0.0,87.0,65,0.0,66.7,78,11.3,94.7,62,0.0,92.6,55,0.0,77.0,78,1.0,82.3,35,0.0,79.2,40,0.0,62.8,75,12.2,79.6,72,0.0,97.55,2.45,86.79,Low Gap,Placed,2025-10-18 00:00:00
STU0688,Andhra University,Female,2027,Software Developer,8.04,70.6,1,3,1.0,2,Java,54.0,80,26.0,55.2,78,22.8,79.2,72,0.0,79.8,68,0.0,76.8,60,0.0,78.9,55,0.0,76.1,45,0.0,59.0,50,0.0,61.4,72,10.6,62.6,78,15.4,92.52,7.48,77.62,Low Gap,Not Placed,2025-01-21 00:00:00
STU0689,Vignan University,Male,2026,DevOps Engineer,7.0,65.8,2,2,2.0,0,C#,93.0,72,0.0,98.0,70,0.0,75.2,58,0.0,82.4,50,0.0,98.0,82,0.0,55.3,52,0.0,80.2,48,0.0,60.6,88,27.4,86.0,72,0.0,97.5,80,0.0,97.26,2.74,85.55,Low Gap,Placed,2026-06-08 00:00:00
STU0690,GITAM University,Female,2026,Data Scientist,7.38,74.3,1,2,0.0,0,JavaScript,81.1,78,0.0,97.1,75,0.0,88.9,72,0.0,72.8,55,0.0,50.3,52,1.7,81.0,88,7.0,63.5,40,0.0,63.0,45,0.0,56.2,75,18.8,94.7,82,0.0,97.25,2.75,75.22,Low Gap,Placed,2026-07-29 00:00:00
STU0691,SRM University,Female,2026,Full Stack Developer,7.6,81.6,2,4,1.0,1,Java,62.6,82,19.4,53.9,76,22.1,86.9,70,0.0,90.1,88,0.0,72.3,62,0.0,62.5,50,0.0,96.1,42,0.0,87.6,58,0.0,76.2,74,0.0,63.1,80,16.9,94.17,5.83,85.92,Low Gap,Placed,2025-03-24 00:00:00
STU0692,JNTU Kakinada,Male,2026,DevOps Engineer,6.5,82.5,1,4,0.0,2,Java,61.8,72,10.2,62.1,70,7.9,72.0,58,0.0,79.6,50,0.0,81.4,82,0.6,78.9,52,0.0,45.3,48,2.7,84.9,88,3.1,42.1,72,29.9,55.7,80,24.3,92.14,7.86,77.38,Low Gap,Placed,2025-09-29 00:00:00
STU0693,SRM University,Male,2027,DevOps Engineer,8.22,90.1,0,3,1.0,3,C#,81.1,72,0.0,60.8,70,9.2,73.2,58,0.0,77.6,50,0.0,65.0,82,17.0,86.4,52,0.0,83.8,48,0.0,78.0,88,10.0,82.6,72,0.0,66.0,80,14.0,94.98,5.02,77.38,Low Gap,Placed,2026-02-15 00:00:00
STU0694,JNTU Kakinada,Female,2026,Software Developer,7.92,82.2,1,2,0.0,1,C#,61.8,80,18.2,53.7,78,24.3,70.9,72,1.1,70.6,68,0.0,81.7,60,0.0,83.9,55,0.0,75.3,45,0.0,87.2,50,0.0,80.3,72,0.0,59.8,78,18.2,93.82,6.18,74.48,Low Gap,Placed,2026-03-02 00:00:00
STU0695,KL University,Male,2027,Data Scientist,7.4,93.4,1,2,0.0,1,C++,91.2,78,0.0,95.2,75,0.0,73.2,72,0.0,78.1,55,0.0,60.1,52,0.0,75.1,88,12.9,69.1,40,0.0,83.6,45,0.0,72.6,75,2.4,86.3,82,0.0,98.47,1.53,78.34,Low Gap,Placed,2025-05-13 00:00:00
STU0696,Vignan University,Male,2026,Data Analyst,7.3,84.7,0,3,3.0,2,Python,85.4,72,0.0,74.6,65,0.0,69.7,78,8.3,74.4,62,0.0,58.5,55,0.0,62.9,78,15.1,85.3,35,0.0,82.1,40,0.0,76.6,75,0.0,87.0,72,0.0,97.66,2.34,80.14,Low Gap,Placed,2026-07-21 00:00:00
STU0697,JNTU Kakinada,Female,2026,Data Scientist,7.62,85.7,0,5,2.0,2,C#,75.2,78,2.8,75.0,75,0.0,96.9,72,0.0,79.2,55,0.0,94.5,52,0.0,95.3,88,0.0,68.8,40,0.0,87.0,45,0.0,60.7,75,14.3,76.1,82,5.9,97.69,2.31,84.22,Low Gap,Placed,2026-04-22 00:00:00
STU0698,Vignan University,Male,2027,Full Stack Developer,7.11,77.8,0,2,2.0,1,JavaScript,67.0,82,15.0,62.7,76,13.3,45.6,70,24.4,71.2,88,16.8,60.8,62,1.2,55.7,50,0.0,75.4,42,0.0,67.9,58,0.0,68.8,74,5.2,73.2,80,6.8,91.74,8.26,69.24,Low Gap,Placed,2025-10-23 00:00:00
STU0699,Vignan University,Male,2027,Cloud Engineer,8.05,91.9,2,4,3.0,1,Java,95.8,70,0.0,98.0,68,0.0,85.7,62,0.0,82.1,55,0.0,98.0,88,0.0,76.8,58,0.0,77.1,45,0.0,90.3,82,0.0,81.3,70,0.0,89.1,76,0.0,100.0,0.0,95.23,Low Gap,Placed,2026-05-09 00:00:00
STU0700,GITAM University,Female,2027,Full Stack Developer,6.71,90.8,3,5,0.0,1,C#,59.5,82,22.5,72.3,76,3.7,78.9,70,0.0,90.6,88,0.0,98.0,62,0.0,98.0,50,0.0,82.1,42,0.0,92.3,58,0.0,62.3,74,11.7,61.1,80,18.9,94.32,5.68,92.79,Low Gap,Placed,2026-06-26 00:00:00
STU0701,JNTU Kakinada,Male,2027,Data Scientist,5.51,81.7,2,2,3.0,0,Java,83.7,78,0.0,82.2,75,0.0,76.0,72,0.0,70.9,55,0.0,62.3,52,0.0,56.5,88,31.5,80.0,40,0.0,68.7,45,0.0,65.6,75,9.4,84.5,82,0.0,95.91,4.09,83.57,Low Gap,Placed,2026-04-07 00:00:00
STU0702,GITAM University,Female,2025,Software Developer,8.35,84.6,0,3,3.0,2,Java,87.8,80,0.0,98.0,78,0.0,66.6,72,5.4,84.1,68,0.0,81.2,60,0.0,74.1,55,0.0,85.5,45,0.0,63.7,50,0.0,46.9,72,25.1,87.2,78,0.0,96.94,3.06,80.38,Low Gap,Placed,2025-10-06 00:00:00
STU0703,GITAM University,Male,2026,Data Analyst,8.9,97.6,0,2,3.0,1,Python,56.5,72,15.5,50.0,65,15.0,76.9,78,1.1,90.5,62,0.0,75.3,55,0.0,90.0,78,0.0,66.5,35,0.0,81.6,40,0.0,59.0,75,16.0,53.4,72,18.6,93.38,6.62,73.01,Low Gap,Placed,2025-02-03 00:00:00
STU0704,KL University,Female,2025,Data Scientist,7.52,79.5,0,4,1.0,1,C#,43.4,78,34.6,38.3,75,36.7,92.8,72,0.0,65.8,55,0.0,65.1,52,0.0,84.8,88,3.2,67.1,40,0.0,88.6,45,0.0,82.4,75,0.0,43.1,82,38.9,88.66,11.34,71.04,Moderate Gap,Not Placed,2025-12-26 00:00:00
STU0705,SRM University,Male,2026,Software Developer,8.38,77.4,2,2,0.0,0,Java,65.7,80,14.3,75.1,78,2.9,84.3,72,0.0,94.4,68,0.0,,60,0.0,58.9,55,0.0,86.5,45,0.0,71.1,50,0.0,66.6,72,5.4,67.5,78,10.5,96.69,3.31,80.02,Low Gap,Placed,2025-02-06 00:00:00
STU0706,KL University,Male,2025,Full Stack Developer,6.07,89.1,0,2,1.0,0,JavaScript,62.4,82,19.6,58.6,76,17.4,56.9,70,13.1,76.4,88,11.6,57.7,62,4.3,53.6,50,0.0,72.5,42,0.0,51.7,58,6.3,71.0,74,3.0,51.8,80,28.2,89.66,10.34,64.23,Moderate Gap,Placed,2026-07-30 00:00:00
STU0707,GITAM University,Male,2027,Full Stack Developer,7.72,83.4,2,3,1.0,0,Python,87.4,82,0.0,86.7,76,0.0,58.4,70,11.6,73.0,88,15.0,83.5,62,0.0,80.0,50,0.0,75.5,42,0.0,98.0,58,0.0,72.0,74,2.0,88.5,80,0.0,97.14,2.86,85.3,Low Gap,Placed,2026-06-11 00:00:00
STU0708,GITAM University,Other,2026,Data Scientist,5.93,70.2,1,4,1.0,0,C++,89.2,78,0.0,87.2,75,0.0,71.2,72,0.8,55.5,55,0.0,52.9,52,0.0,79.2,88,8.8,65.6,40,0.0,77.8,45,0.0,,75,18.8,95.6,82,0.0,97.16,2.84,80.14,Low Gap,Placed,2025-05-17 00:00:00
STU0709,Andhra University,Female,2026,Full Stack Developer,7.96,75.6,0,3,0.0,0,JavaScript,53.5,82,28.5,47.1,76,28.9,77.5,70,0.0,65.9,88,22.1,73.3,62,0.0,59.4,50,0.0,55.4,42,0.0,65.6,58,0.0,61.8,74,12.2,52.7,80,27.3,88.11,11.89,64.01,Moderate Gap,Placed,2025-09-19 00:00:00
STU0710,KL University,Male,2025,Data Analyst,6.62,,1,4,1.0,2,JavaScript,50.7,72,21.3,44.5,65,20.5,81.9,78,0.0,63.6,62,0.0,58.3,55,0.0,59.1,78,18.9,82.1,35,0.0,76.6,40,0.0,60.0,75,15.0,47.1,72,24.9,89.93,10.07,76.68,Moderate Gap,Placed,2026-04-05 00:00:00
STU0711,SRM University,Male,2026,Data Analyst,7.1,87.3,1,2,1.0,1,C++,85.1,72,0.0,66.3,65,0.0,80.7,78,0.0,59.5,62,2.5,85.1,55,0.0,63.9,78,14.1,66.5,35,0.0,59.6,40,0.0,72.0,75,3.0,61.4,72,10.6,96.98,3.02,76.64,Low Gap,Placed,2025-02-02 00:00:00
STU0712,JNTU Kakinada,Male,2027,Software Developer,8.82,84.4,1,3,1.0,0,Java,73.1,80,6.9,62.7,78,15.3,70.3,72,1.7,82.9,68,0.0,98.0,60,0.0,,55,0.0,74.0,45,0.0,89.6,50,0.0,73.5,72,0.0,71.0,78,7.0,96.91,3.09,79.02,Low Gap,Placed,2025-01-17 00:00:00
STU0713,SRM University,Male,2027,Data Scientist,8.75,95.1,0,3,1.0,0,C++,65.8,78,12.2,77.2,75,0.0,72.0,72,0.0,76.6,55,0.0,84.7,52,0.0,75.1,88,12.9,65.3,40,0.0,78.1,45,0.0,98.0,75,0.0,69.6,82,12.4,96.25,3.75,73.68,Low Gap,Placed,2025-11-26 00:00:00
STU0714,JNTU Kakinada,Male,2025,Full Stack Developer,8.75,71.9,2,4,0.0,3,JavaScript,69.0,82,13.0,66.8,76,9.2,92.3,70,0.0,83.1,88,4.9,90.0,62,0.0,85.1,50,0.0,80.3,42,0.0,77.7,58,0.0,70.5,74,3.5,49.0,80,31.0,93.84,6.16,87.64,Low Gap,Placed,2025-04-24 00:00:00
STU0715,GITAM University,Male,2027,Software Developer,8.51,96.7,1,2,3.0,3,JavaScript,60.0,80,20.0,54.4,78,23.6,76.5,72,0.0,86.6,68,0.0,90.3,60,0.0,88.9,55,0.0,62.6,45,0.0,82.0,50,0.0,69.0,72,3.0,47.6,78,30.4,92.3,7.7,81.07,Low Gap,Placed,2025-06-27 00:00:00
STU0716,Andhra University,Female,2025,Data Scientist,7.77,94.6,2,1,3.0,2,Python,85.2,78,0.0,85.3,75,0.0,98.0,72,0.0,80.7,55,0.0,72.8,52,0.0,96.7,88,0.0,74.1,40,0.0,98.0,45,0.0,94.7,75,0.0,94.3,82,0.0,100.0,0.0,90.9,Low Gap,Placed,2025-09-10 00:00:00
STU0717,Vignan University,Female,2025,DevOps Engineer,7.63,,3,3,2.0,1,C#,98.0,72,0.0,96.5,70,0.0,78.2,58,0.0,91.8,50,0.0,70.7,82,11.3,76.3,52,0.0,96.4,48,0.0,83.0,88,5.0,84.7,72,0.0,98.0,80,0.0,98.37,1.63,95.98,Low Gap,Placed,2026-05-05 00:00:00
STU0718,JNTU Kakinada,Female,2026,Software Developer,7.69,86.8,3,4,1.0,3,Python,86.6,80,0.0,98.0,78,0.0,98.0,72,0.0,89.7,68,0.0,83.5,60,0.0,71.0,55,0.0,98.0,45,0.0,97.7,50,0.0,63.4,72,8.6,89.8,78,0.0,99.14,0.86,99.88,Low Gap,Placed,2026-06-27 00:00:00
STU0719,GITAM University,Male,2026,Cloud Engineer,6.89,96.0,0,5,3.0,2,JavaScript,88.1,70,0.0,81.6,68,0.0,65.4,62,0.0,80.9,55,0.0,81.9,88,6.1,76.6,58,0.0,88.3,45,0.0,73.3,82,8.7,65.2,70,4.8,83.8,76,0.0,98.03,1.97,85.17,Low Gap,Placed,2025-09-10 00:00:00
STU0720,KL University,Female,2025,DevOps Engineer,7.42,88.5,1,1,0.0,1,Python,76.7,72,0.0,76.9,70,0.0,66.2,58,0.0,65.4,50,0.0,64.9,82,17.1,73.9,52,0.0,68.9,48,0.0,76.3,88,11.7,83.2,72,0.0,80.4,80,0.0,97.12,2.88,74.19,Low Gap,Placed,2025-07-22 00:00:00
STU0721,JNTU Kakinada,Female,2026,Data Scientist,7.21,81.1,1,3,1.0,1,JavaScript,75.1,78,2.9,82.4,75,0.0,49.0,72,23.0,74.1,55,0.0,75.1,52,0.0,88.1,88,0.0,77.8,40,0.0,71.2,45,0.0,69.5,75,5.5,70.1,82,11.9,95.67,4.33,79.02,Low Gap,Not Placed,2025-11-27 00:00:00
STU0722,SRM University,Male,2027,DevOps Engineer,7.72,79.5,1,4,1.0,0,C++,95.7,72,0.0,98.0,70,0.0,44.7,58,13.3,80.8,50,0.0,72.7,82,9.3,75.1,52,0.0,66.9,48,0.0,76.0,88,12.0,80.7,72,0.0,91.2,80,0.0,96.54,3.46,81.4,Low Gap,Not Placed,2026-07-26 00:00:00
STU0723,GITAM University,Other,2027,Cloud Engineer,7.96,60.9,1,2,0.0,1,Python,81.1,70,0.0,86.4,68,0.0,92.0,62,0.0,76.5,55,0.0,80.4,88,7.6,70.8,58,0.0,63.7,45,0.0,56.7,82,25.3,64.1,70,5.9,80.9,76,0.0,96.12,3.88,76.33,Low Gap,Placed,2025-05-10 00:00:00
STU0724,Vignan University,Male,2026,Data Scientist,5.98,100.0,1,1,1.0,3,C#,60.5,78,17.5,58.8,75,16.2,48.6,72,23.4,44.7,55,10.3,73.2,52,0.0,62.3,88,25.7,74.6,40,0.0,67.3,45,0.0,56.5,75,18.5,54.5,82,27.5,86.1,13.9,69.78,Moderate Gap,Placed,2025-09-29 00:00:00
STU0725,KL University,Male,2027,Software Developer,7.81,87.5,1,3,0.0,1,JavaScript,72.6,80,7.4,67.4,78,10.6,33.5,72,38.5,60.4,68,7.6,89.3,60,0.0,68.2,55,0.0,74.4,45,0.0,74.0,50,0.0,,72,0.0,71.3,78,6.7,92.92,7.08,75.11,Low Gap,Placed,2025-08-08 00:00:00
STU0726,KL University,Female,2025,Data Analyst,8.53,87.9,3,4,1.0,3,Java,71.8,72,0.2,76.7,65,0.0,98.0,78,0.0,70.6,62,0.0,79.4,55,0.0,98.0,78,0.0,82.4,35,0.0,85.2,40,0.0,57.6,75,17.4,75.5,72,0.0,98.24,1.76,97.06,Low Gap,Placed,2026-03-25 00:00:00
STU0727,SRM University,Female,2025,DevOps Engineer,7.51,88.5,3,3,2.0,3,Python,98.0,72,0.0,85.8,70,0.0,84.3,58,0.0,73.6,50,0.0,81.5,82,0.5,90.4,52,0.0,92.9,48,0.0,97.9,88,0.0,73.1,72,0.0,90.5,80,0.0,99.95,0.05,99.52,Low Gap,Placed,2025-06-28 00:00:00
STU0728,Andhra University,Other,2027,Cloud Engineer,7.9,85.4,0,4,1.0,0,JavaScript,74.2,70,0.0,74.6,68,0.0,74.1,62,0.0,86.7,55,0.0,82.3,88,5.7,77.0,58,0.0,87.4,45,0.0,70.6,82,11.4,90.4,70,0.0,64.1,76,11.9,97.1,2.9,76.63,Low Gap,Placed,2026-07-12 00:00:00
STU0729,Andhra University,Male,2026,Cloud Engineer,5.98,85.8,1,5,1.0,0,Java,97.9,70,0.0,92.6,68,0.0,63.1,62,0.0,44.8,55,10.2,85.0,88,3.0,57.6,58,0.4,73.6,45,0.0,97.8,82,0.0,63.8,70,6.2,97.5,76,0.0,98.02,1.98,83.82,Low Gap,Not Placed,2026-07-20 00:00:00
STU0730,Vignan University,Female,2025,Data Analyst,8.03,84.0,1,4,2.0,0,Java,81.6,72,0.0,77.4,65,0.0,73.7,78,4.3,91.3,62,0.0,,55,0.0,77.8,78,0.2,68.9,35,0.0,77.9,40,0.0,70.3,75,4.7,89.9,72,0.0,99.08,0.92,83.85,Low Gap,Placed,2025-12-05 00:00:00
STU0731,GITAM University,Male,2026,Full Stack Developer,6.73,79.8,2,3,2.0,0,JavaScript,73.6,82,8.4,68.8,76,7.2,85.2,70,0.0,93.0,88,0.0,82.6,62,0.0,58.9,50,0.0,79.9,42,0.0,98.0,58,0.0,79.1,74,0.0,64.6,80,15.4,96.9,3.1,86.11,Low Gap,Placed,2026-07-05 00:00:00
STU0732,SRM University,Male,2025,DevOps Engineer,6.21,77.8,1,4,0.0,1,C++,56.8,72,15.2,50.4,70,19.6,74.4,58,0.0,41.1,50,8.9,38.1,82,43.9,80.6,52,0.0,60.0,48,0.0,70.8,88,17.2,56.7,72,15.3,50.9,80,29.1,85.08,14.92,70.18,Moderate Gap,Not Placed,2025-05-12 00:00:00
STU0733,SRM University,Female,2026,Data Analyst,6.44,82.4,2,2,2.0,1,Python,76.7,72,0.0,75.3,65,0.0,89.1,78,0.0,64.8,62,0.0,54.5,55,0.5,74.7,78,3.3,55.3,35,0.0,98.0,40,0.0,59.7,75,15.3,79.9,72,0.0,98.09,1.91,84.48,Low Gap,Placed,2025-05-02 00:00:00
STU0734,JNTU Kakinada,Female,2026,DevOps Engineer,8.31,85.8,1,4,1.0,0,C++,80.6,72,0.0,73.6,70,0.0,89.8,58,0.0,72.4,50,0.0,84.7,82,0.0,96.2,52,0.0,87.9,48,0.0,83.4,88,4.6,84.7,72,0.0,78.2,80,1.8,99.36,0.64,84.16,Low Gap,Placed,2025-11-02 00:00:00
STU0735,Andhra University,Female,2026,Data Scientist,9.39,78.8,2,1,1.0,1,C#,85.8,78,0.0,69.4,75,5.6,84.0,72,0.0,67.7,55,0.0,75.1,52,0.0,85.0,88,3.0,98.0,40,0.0,78.4,45,0.0,97.2,75,0.0,74.2,82,7.8,98.36,1.64,83.7,Low Gap,Placed,2025-09-23 00:00:00
STU0736,KL University,Male,2025,Cloud Engineer,7.66,78.4,3,2,1.0,0,C#,66.4,70,3.6,64.9,68,3.1,79.4,62,0.0,95.5,55,0.0,75.4,88,12.6,75.7,58,0.0,75.2,45,0.0,44.5,82,37.5,70.9,70,0.0,51.0,76,25.0,91.83,8.17,82.79,Low Gap,Placed,2025-11-23 00:00:00
STU0737,GITAM University,Male,2027,Cloud Engineer,7.17,76.4,1,3,0.0,0,Java,48.8,70,21.2,53.8,68,14.2,70.2,62,0.0,56.6,55,0.0,80.5,88,7.5,65.8,58,0.0,62.8,45,0.0,77.5,82,4.5,77.8,70,0.0,50.3,76,25.7,92.69,7.31,72.03,Low Gap,Placed,2025-05-12 00:00:00
STU0738,Vignan University,Male,2027,Data Scientist,7.28,77.6,2,3,1.0,3,Java,84.9,78,0.0,79.7,75,0.0,82.8,72,0.0,84.4,55,0.0,94.3,52,0.0,79.1,88,8.9,63.6,40,0.0,78.8,45,0.0,40.6,75,34.4,76.0,82,6.0,95.07,4.93,87.71,Low Gap,Placed,2026-07-17 00:00:00
STU0739,Andhra University,Female,2027,Full Stack Developer,7.01,69.4,3,3,1.0,0,Java,77.6,82,4.4,64.4,76,11.6,60.5,70,9.5,98.0,88,0.0,87.2,62,0.0,71.0,50,0.0,65.4,42,0.0,81.6,58,0.0,68.8,74,5.2,64.7,80,15.3,95.4,4.6,87.61,Low Gap,Placed,2026-06-25 00:00:00
STU0740,SRM University,Male,2027,DevOps Engineer,7.66,87.5,1,4,3.0,0,C++,89.6,72,0.0,91.4,70,0.0,63.4,58,0.0,92.0,50,0.0,59.7,82,22.3,86.5,52,0.0,98.0,48,0.0,88.1,88,0.0,80.4,72,0.0,90.4,80,0.0,97.77,2.23,86.68,Low Gap,Placed,2026-07-01 00:00:00
STU0741,SRM University,Female,2025,DevOps Engineer,7.5,100.0,0,3,1.0,1,C#,73.8,72,0.0,73.9,70,0.0,57.3,58,0.7,78.4,50,0.0,65.1,82,16.9,62.7,52,0.0,82.5,48,0.0,91.8,88,0.0,60.7,72,11.3,76.3,80,3.7,96.74,3.26,74.21,Low Gap,Placed,2026-01-04 00:00:00
STU0742,SRM University,Male,2025,Full Stack Developer,7.43,92.2,2,2,1.0,0,JavaScript,67.4,82,14.6,72.5,76,3.5,70.7,70,0.0,78.7,88,9.3,73.3,62,0.0,76.9,50,0.0,87.7,42,0.0,84.7,58,0.0,52.7,74,21.3,69.9,80,10.1,94.12,5.88,79.89,Low Gap,Not Placed,2025-02-22 00:00:00
STU0743,KL University,Male,2027,Software Developer,6.66,86.2,0,4,0.0,1,JavaScript,62.1,80,17.9,69.8,78,8.2,55.7,72,16.3,59.6,68,8.4,60.5,60,0.0,81.1,55,0.0,60.6,45,0.0,43.6,50,6.4,52.6,72,19.4,67.1,78,10.9,91.24,8.76,68.94,Low Gap,Not Placed,2025-08-20 00:00:00
STU0744,GITAM University,Female,2026,DevOps Engineer,6.96,73.9,3,1,1.0,1,C#,65.6,72,6.4,58.3,70,11.7,69.7,58,0.0,68.5,50,0.0,65.7,82,16.3,86.4,52,0.0,70.7,48,0.0,79.1,88,8.9,62.0,72,10.0,57.0,80,23.0,92.37,7.63,82.06,Low Gap,Placed,2025-07-17 00:00:00
STU0745,Vignan University,Male,2025,DevOps Engineer,6.81,90.8,1,1,1.0,0,C++,56.1,72,15.9,54.9,70,15.1,67.8,58,0.0,74.7,50,0.0,50.6,82,31.4,79.5,52,0.0,79.9,48,0.0,65.2,88,22.8,62.4,72,9.6,59.7,80,20.3,88.49,11.51,67.84,Moderate Gap,Placed,2026-05-12 00:00:00
STU0746,JNTU Kakinada,Male,2025,Full Stack Developer,6.99,95.0,0,3,1.0,0,JavaScript,72.5,82,9.5,59.3,76,16.7,81.9,70,0.0,73.4,88,14.6,52.9,62,9.1,79.1,50,0.0,68.0,42,0.0,69.4,58,0.0,47.6,74,26.4,68.2,80,11.8,91.18,8.82,68.7,Low Gap,Not Placed,2026-02-16 00:00:00
STU0747,SRM University,Female,2026,DevOps Engineer,7.04,100.0,1,4,0.0,2,C++,86.7,72,0.0,96.6,70,0.0,69.7,58,0.0,79.5,50,0.0,82.0,82,0.0,87.0,52,0.0,93.0,48,0.0,90.2,88,0.0,49.2,72,22.8,96.6,80,0.0,97.72,2.28,84.89,Low Gap,Placed,2025-07-11 00:00:00
STU0748,Andhra University,Female,2025,DevOps Engineer,8.0,85.3,3,3,1.0,3,JavaScript,88.2,72,0.0,77.2,70,0.0,89.0,58,0.0,98.0,50,0.0,93.8,82,0.0,90.8,52,0.0,67.1,48,0.0,98.0,88,0.0,55.2,72,16.8,79.9,80,0.1,98.31,1.69,96.36,Low Gap,Placed,2025-12-23 00:00:00
STU0749,SRM University,Male,2026,Software Developer,8.03,79.0,2,3,1.0,0,JavaScript,76.3,80,3.7,69.8,78,8.2,96.5,72,0.0,60.7,68,7.3,63.7,60,0.0,79.8,55,0.0,83.0,45,0.0,69.5,50,0.0,69.0,72,3.0,81.9,78,0.0,97.79,2.21,84.01,Low Gap,Not Placed,2025-06-05 00:00:00
STU0750,KL University,Male,2027,Data Scientist,7.31,94.0,2,3,2.0,0,C#,79.1,78,0.0,72.4,75,2.6,87.8,72,0.0,98.0,55,0.0,86.8,52,0.0,57.1,88,30.9,90.9,40,0.0,61.8,45,0.0,60.3,75,14.7,73.2,82,8.8,94.31,5.69,84.46,Low Gap,Placed,2025-10-25 00:00:00
STU0751,Andhra University,Male,2025,Software Developer,6.55,86.4,1,4,0.0,0,Java,66.0,80,14.0,66.6,78,11.4,72.1,72,0.0,74.4,68,0.0,41.1,60,18.9,58.6,55,0.0,61.3,45,0.0,73.3,50,0.0,83.1,72,0.0,57.2,78,20.8,93.48,6.52,74.68,Low Gap,Placed,2025-11-28 00:00:00
STU0752,Andhra University,Male,2027,Full Stack Developer,8.62,99.9,2,4,,3,Python,98.0,82,0.0,98.0,76,0.0,98.0,70,0.0,93.4,88,0.0,98.0,62,0.0,87.0,50,0.0,98.0,42,0.0,98.0,58,0.0,59.7,74,14.3,90.5,80,0.0,98.57,1.43,100.0,Low Gap,Placed,2026-03-22 00:00:00
STU0753,SRM University,Male,2027,Full Stack Developer,7.79,92.4,1,2,2.0,2,C++,87.0,82,0.0,85.8,76,0.0,82.3,70,0.0,85.1,88,2.9,70.5,62,0.0,80.1,50,0.0,73.5,42,0.0,75.0,58,0.0,71.7,74,2.3,89.2,80,0.0,99.49,0.51,83.78,Low Gap,Placed,2025-08-18 00:00:00
STU0754,Vignan University,Male,2025,DevOps Engineer,6.32,78.2,2,3,,1,JavaScript,73.2,72,0.0,49.1,70,20.9,60.1,58,0.0,62.7,50,0.0,76.4,82,5.6,58.9,52,0.0,65.1,48,0.0,57.7,88,30.3,76.7,72,0.0,72.6,80,7.4,93.57,6.43,79.18,Low Gap,Placed,2026-02-08 00:00:00
STU0755,SRM University,Male,2027,Full Stack Developer,8.31,87.1,1,1,0.0,0,C++,57.0,82,25.0,52.6,76,23.4,74.3,70,0.0,75.4,88,12.6,63.0,62,0.0,55.3,50,0.0,84.4,42,0.0,73.3,58,0.0,83.3,74,0.0,59.8,80,20.2,91.88,8.12,68.7,Low Gap,Not Placed,2025-12-14 00:00:00
STU0756,Andhra University,Other,2025,Data Analyst,8.24,91.8,0,4,0.0,0,Python,72.7,72,0.0,71.6,65,0.0,71.9,78,6.1,98.0,62,0.0,92.0,55,0.0,64.8,78,13.2,70.5,35,0.0,70.5,40,0.0,80.4,75,0.0,74.0,72,0.0,98.07,1.93,75.12,Low Gap,Placed,2025-03-19 00:00:00
STU0757,SRM University,Male,2027,Data Scientist,8.33,,1,3,2.0,0,Java,78.2,78,0.0,88.8,75,0.0,75.0,72,0.0,78.1,55,0.0,94.9,52,0.0,88.0,88,0.0,76.3,40,0.0,56.5,45,0.0,68.7,75,6.3,73.2,82,8.8,98.49,1.51,81.66,Low Gap,Not Placed,2025-05-29 00:00:00
STU0758,Andhra University,Female,2027,Software Developer,7.18,62.4,1,5,4.0,1,Python,84.2,80,0.0,80.0,78,0.0,48.7,72,23.3,74.2,68,0.0,98.0,60,0.0,79.7,55,0.0,75.8,45,0.0,79.7,50,0.0,89.0,72,0.0,85.1,78,0.0,97.67,2.33,90.29,Low Gap,Placed,2025-11-20 00:00:00
STU0759,KL University,Female,2026,Data Scientist,7.14,94.2,1,2,0.0,1,Python,92.0,78,0.0,98.0,75,0.0,60.5,72,11.5,61.1,55,0.0,76.7,52,0.0,78.4,88,9.6,84.9,40,0.0,53.7,45,0.0,55.3,75,19.7,83.7,82,0.0,95.92,4.08,75.99,Low Gap,Placed,2025-03-07 00:00:00
STU0760,SRM University,Male,2025,Full Stack Developer,8.98,76.8,0,2,1.0,1,C++,88.5,82,0.0,82.9,76,0.0,84.1,70,0.0,65.1,88,22.9,61.1,62,0.9,62.5,50,0.0,57.7,42,0.0,54.3,58,3.7,93.3,74,0.0,84.8,80,0.0,97.25,2.75,72.79,Low Gap,Placed,2026-06-20 00:00:00
STU0761,Andhra University,Male,2025,Cloud Engineer,7.64,75.7,0,1,1.0,0,C++,70.9,70,0.0,71.5,68,0.0,70.4,62,0.0,57.1,55,0.0,53.2,88,34.8,65.7,58,0.0,79.2,45,0.0,84.6,82,0.0,58.9,70,11.1,71.3,76,4.7,94.94,5.06,66.71,Low Gap,Placed,2025-09-25 00:00:00
STU0762,JNTU Kakinada,Male,2027,Full Stack Developer,7.62,77.5,2,3,3.0,0,Python,93.8,82,0.0,86.6,76,0.0,77.8,70,0.0,80.7,88,7.3,79.6,62,0.0,80.4,50,0.0,88.2,42,0.0,82.2,58,0.0,84.8,74,0.0,78.1,80,1.9,99.08,0.92,90.04,Low Gap,Placed,2025-04-27 00:00:00
STU0763,Vignan University,Male,2027,DevOps Engineer,6.43,84.2,2,3,2.0,1,Java,61.6,72,10.4,55.9,70,14.1,88.4,58,0.0,67.9,50,0.0,56.8,82,25.2,81.4,52,0.0,68.5,48,0.0,96.5,88,0.0,69.5,72,2.5,69.9,80,10.1,93.77,6.23,84.19,Low Gap,Placed,2025-02-01 00:00:00
STU0764,Vignan University,Male,2026,Data Analyst,7.27,81.6,1,4,2.0,0,Python,88.5,72,0.0,75.9,65,0.0,86.4,78,0.0,76.7,62,0.0,59.7,55,0.0,79.9,78,0.0,73.1,35,0.0,84.0,40,0.0,80.1,75,0.0,97.2,72,0.0,100.0,0.0,85.04,Low Gap,Placed,2025-12-10 00:00:00
STU0765,Andhra University,Female,2027,Full Stack Developer,6.63,84.7,2,4,2.0,3,C++,77.1,82,4.9,83.3,76,0.0,86.5,70,0.0,62.9,88,25.1,96.1,62,0.0,75.8,50,0.0,81.6,42,0.0,85.3,58,0.0,58.5,74,15.5,82.3,80,0.0,95.45,4.55,92.14,Low Gap,Placed,2025-09-25 00:00:00
STU0766,Andhra University,Male,2025,Software Developer,7.0,86.1,2,3,1.0,1,C++,74.0,80,6.0,84.8,78,0.0,95.2,72,0.0,55.2,68,12.8,64.6,60,0.0,73.7,55,0.0,57.9,45,0.0,90.0,50,0.0,66.6,72,5.4,89.5,78,0.0,97.58,2.42,85.46,Low Gap,Placed,2026-07-29 00:00:00
STU0767,Andhra University,Other,2026,Data Scientist,7.49,81.6,1,3,2.0,0,Python,75.5,78,2.5,51.9,75,23.1,82.7,72,0.0,76.3,55,0.0,87.5,52,0.0,66.4,88,21.6,96.7,40,0.0,83.7,45,0.0,77.2,75,0.0,69.3,82,12.7,94.02,5.98,79.33,Low Gap,Placed,2025-09-18 00:00:00
STU0768,KL University,Male,2025,Full Stack Developer,7.23,79.4,0,3,3.0,3,JavaScript,83.6,82,0.0,69.2,76,6.8,66.3,70,3.7,65.7,88,22.3,86.0,62,0.0,69.9,50,0.0,97.4,42,0.0,80.6,58,0.0,58.9,74,15.1,80.6,80,0.0,95.21,4.79,80.59,Low Gap,Placed,2025-07-21 00:00:00
STU0769,GITAM University,Male,2027,Full Stack Developer,5.83,75.4,0,4,2.0,0,Java,70.7,82,11.3,71.3,76,4.7,74.6,70,0.0,60.1,88,27.9,,62,1.4,74.9,50,0.0,49.1,42,0.0,39.5,58,18.5,37.9,74,36.1,77.0,80,3.0,89.72,10.28,69.85,Moderate Gap,Placed,2025-08-13 00:00:00
STU0770,KL University,Male,2026,Software Developer,7.85,81.3,1,4,2.0,2,C#,81.9,80,0.0,88.4,78,0.0,88.7,72,0.0,55.3,68,12.7,92.9,60,0.0,65.9,55,0.0,78.5,45,0.0,90.2,50,0.0,72.1,72,0.0,98.0,78,0.0,98.73,1.27,87.79,Low Gap,Placed,2025-01-08 00:00:00
STU0771,Andhra University,Male,2027,Data Analyst,7.36,87.9,3,4,2.0,0,Python,85.1,72,0.0,89.8,65,0.0,56.5,78,21.5,86.9,62,0.0,64.8,55,0.0,72.1,78,5.9,70.7,35,0.0,74.2,40,0.0,47.0,75,28.0,89.0,72,0.0,94.45,5.55,90.59,Low Gap,Placed,2025-06-16 00:00:00
STU0772,SRM University,Female,2026,Data Analyst,7.67,94.3,1,3,2.0,3,Python,84.8,72,0.0,83.8,65,0.0,70.0,78,8.0,72.7,62,0.0,98.0,55,0.0,68.7,78,9.3,97.8,35,0.0,78.3,40,0.0,67.8,75,7.2,76.5,72,0.0,97.55,2.45,86.35,Low Gap,Placed,2025-11-22 00:00:00
STU0773,Vignan University,Female,2025,DevOps Engineer,8.09,93.0,1,1,2.0,0,Python,75.2,72,0.0,66.0,70,4.0,90.5,58,0.0,65.9,50,0.0,72.0,82,10.0,86.5,52,0.0,58.6,48,0.0,52.0,88,36.0,64.3,72,7.7,66.6,80,13.4,92.89,7.11,72.73,Low Gap,Placed,2025-09-06 00:00:00
STU0774,Vignan University,Female,2025,Full Stack Developer,6.91,84.7,0,3,2.0,0,Python,81.2,82,0.8,52.6,76,23.4,43.0,70,27.0,69.1,88,18.9,76.9,62,0.0,59.5,50,0.0,82.1,42,0.0,61.2,58,0.0,56.5,74,17.5,71.3,80,8.7,90.37,9.63,69.27,Low Gap,Placed,2025-04-26 00:00:00
STU0775,SRM University,Female,2025,Full Stack Developer,8.01,85.4,1,3,0.0,0,Python,62.8,82,19.2,62.4,76,13.6,86.0,70,0.0,79.5,88,8.5,81.4,62,0.0,70.7,50,0.0,80.6,42,0.0,73.7,58,0.0,76.3,74,0.0,57.0,80,23.0,93.57,6.43,75.02,Low Gap,Placed,2025-11-19 00:00:00
STU0776,SRM University,Male,2027,DevOps Engineer,7.79,77.3,0,4,2.0,1,C#,90.8,72,0.0,90.5,70,0.0,97.2,58,0.0,88.4,50,0.0,81.6,82,0.4,63.0,52,0.0,73.2,48,0.0,76.2,88,11.8,80.6,72,0.0,91.5,80,0.0,98.78,1.22,81.94,Low Gap,Placed,2025-09-25 00:00:00
STU0777,Vignan University,Male,2025,Software Developer,8.65,81.4,2,4,2.0,2,JavaScript,77.4,80,2.6,74.9,78,3.1,88.1,72,0.0,98.0,68,0.0,94.0,60,0.0,80.3,55,0.0,77.2,45,0.0,96.1,50,0.0,67.4,72,4.6,86.4,78,0.0,98.97,1.03,93.73,Low Gap,Placed,2026-02-14 00:00:00
STU0778,SRM University,Male,2025,Software Developer,8.75,73.9,1,5,0.0,1,C#,86.8,80,0.0,84.8,78,0.0,73.2,72,0.0,81.4,68,0.0,65.8,60,0.0,95.6,55,0.0,98.0,45,0.0,98.0,50,0.0,62.2,72,9.8,83.5,78,0.0,99.02,0.98,85.94,Low Gap,Placed,2025-10-21 00:00:00
STU0779,Andhra University,Female,2027,Data Analyst,7.51,77.8,1,2,1.0,0,JavaScript,74.7,72,0.0,78.3,65,0.0,68.4,78,9.6,76.9,62,0.0,63.8,55,0.0,73.6,78,4.4,60.8,35,0.0,45.7,40,0.0,65.8,75,9.2,76.2,72,0.0,97.68,2.32,74.98,Low Gap,Placed,2025-10-07 00:00:00
STU0780,Andhra University,Female,2025,Full Stack Developer,7.31,80.5,1,2,0.0,0,Java,73.4,82,8.6,67.8,76,8.2,79.5,70,0.0,63.2,88,24.8,75.8,62,0.0,54.5,50,0.0,63.8,42,0.0,86.9,58,0.0,51.9,74,22.1,70.3,80,9.7,92.67,7.33,71.32,Low Gap,Not Placed,2025-07-14 00:00:00
STU0781,JNTU Kakinada,Male,2026,Data Analyst,7.65,84.2,0,1,1.0,0,Python,54.1,72,17.9,45.0,65,20.0,75.2,78,2.8,90.8,62,0.0,67.2,55,0.0,56.8,78,21.2,68.9,35,0.0,77.9,40,0.0,89.8,75,0.0,51.3,72,20.7,91.75,8.25,65.1,Low Gap,Placed,2025-04-09 00:00:00
STU0782,KL University,Male,2027,Full Stack Developer,8.79,80.7,2,4,4.0,0,Python,91.0,82,0.0,98.0,76,0.0,98.0,70,0.0,73.9,88,14.1,88.8,62,0.0,97.0,50,0.0,94.9,42,0.0,84.0,58,0.0,61.6,74,12.4,81.5,80,0.0,97.34,2.66,93.86,Low Gap,Placed,2026-07-12 00:00:00
STU0783,KL University,Male,2026,Cloud Engineer,7.23,75.5,1,1,0.0,2,C#,50.6,70,19.4,37.7,68,30.3,67.0,62,0.0,59.2,55,0.0,65.0,88,23.0,80.1,58,0.0,78.1,45,0.0,72.4,82,9.6,80.9,70,0.0,43.6,76,32.4,88.53,11.47,68.87,Moderate Gap,Not Placed,2026-04-19 00:00:00
STU0784,JNTU Kakinada,Other,2027,Cloud Engineer,8.53,71.3,2,4,1.0,1,C#,96.5,70,0.0,98.0,68,0.0,88.5,62,0.0,73.4,55,0.0,82.3,88,5.7,90.5,58,0.0,80.7,45,0.0,98.0,82,0.0,64.6,70,5.4,93.3,76,0.0,98.89,1.11,91.47,Low Gap,Placed,2025-11-26 00:00:00
STU0785,Vignan University,Male,2025,Full Stack Developer,6.97,88.7,1,2,2.0,1,Python,66.0,82,16.0,82.9,76,0.0,96.4,70,0.0,88.2,88,0.0,68.6,62,0.0,85.7,50,0.0,74.9,42,0.0,72.1,58,0.0,89.4,74,0.0,67.0,80,13.0,97.1,2.9,80.93,Low Gap,Not Placed,2025-10-14 00:00:00
STU0786,SRM University,Female,2025,Cloud Engineer,7.47,100.0,1,3,1.0,1,C#,69.0,70,1.0,84.7,68,0.0,77.2,62,0.0,65.4,55,0.0,98.0,88,0.0,92.9,58,0.0,75.0,45,0.0,89.1,82,0.0,66.1,70,3.9,66.2,76,9.8,98.53,1.47,81.84,Low Gap,Not Placed,2025-01-31 00:00:00
STU0787,KL University,Male,2025,Data Analyst,7.75,86.5,0,4,1.0,0,C++,68.4,72,3.6,74.2,65,0.0,66.4,78,11.6,78.9,62,0.0,78.7,55,0.0,66.9,78,11.1,78.2,35,0.0,92.7,40,0.0,63.4,75,11.6,78.9,72,0.0,96.21,3.79,75.2,Low Gap,Placed,2025-06-10 00:00:00
STU0788,JNTU Kakinada,Male,2025,DevOps Engineer,7.05,70.0,1,4,2.0,0,C++,79.3,72,0.0,69.6,70,0.4,74.9,58,0.0,59.9,50,0.0,84.9,82,0.0,80.8,52,0.0,72.4,48,0.0,70.5,88,17.5,81.9,72,0.0,64.7,80,15.3,96.68,3.32,81.67,Low Gap,Placed,2025-05-19 00:00:00
STU0789,Andhra University,Male,2026,Data Scientist,8.78,76.6,0,2,0.0,0,Java,54.9,78,23.1,45.8,75,29.2,80.2,72,0.0,58.5,55,0.0,64.0,52,0.0,70.9,88,17.1,92.6,40,0.0,38.1,45,6.9,80.9,75,0.0,47.9,82,34.1,88.96,11.04,63.04,Moderate Gap,Not Placed,2026-01-15 00:00:00
STU0790,SRM University,Male,2026,Data Analyst,,83.8,2,2,1.0,0,Python,75.9,72,0.0,58.2,65,6.8,74.9,78,3.1,88.0,62,0.0,62.4,55,0.0,81.8,78,0.0,80.5,35,0.0,80.6,40,0.0,81.9,75,0.0,66.3,72,5.7,98.44,1.56,82.32,Low Gap,Placed,2025-11-02 00:00:00
STU0791,GITAM University,Male,2026,Data Scientist,7.89,84.5,2,4,0.0,2,C#,90.7,78,0.0,91.3,75,0.0,84.3,72,0.0,77.1,55,0.0,74.9,52,0.0,98.0,88,0.0,57.4,40,0.0,92.4,45,0.0,62.7,75,12.3,80.5,82,1.5,98.62,1.38,89.66,Low Gap,Placed,2025-12-22 00:00:00
STU0792,KL University,Male,2027,Cloud Engineer,6.92,78.0,0,4,1.0,1,C++,60.2,70,9.8,51.1,68,16.9,72.3,62,0.0,91.7,55,0.0,81.1,88,6.9,53.4,58,4.6,70.4,45,0.0,48.0,82,34.0,59.6,70,10.4,52.3,76,23.7,89.38,10.62,70.43,Moderate Gap,Not Placed,2026-07-01 00:00:00
STU0793,KL University,Male,2025,Data Analyst,7.87,83.7,2,4,3.0,1,JavaScript,59.3,72,12.7,50.3,65,14.7,59.7,78,18.3,73.2,62,0.0,83.4,55,0.0,94.2,78,0.0,50.2,35,0.0,85.8,40,0.0,65.0,75,10.0,52.7,72,19.3,92.5,7.5,85.84,Low Gap,Placed,2025-08-20 00:00:00
STU0794,Andhra University,Female,2025,Software Developer,7.29,76.7,2,4,0.0,0,JavaScript,70.6,80,9.4,80.7,78,0.0,96.0,72,0.0,66.9,68,1.1,76.3,60,0.0,79.2,55,0.0,75.4,45,0.0,91.2,50,0.0,70.2,72,1.8,70.9,78,7.1,98.07,1.93,85.45,Low Gap,Placed,2025-05-12 00:00:00
STU0795,Vignan University,Female,2026,Data Scientist,7.28,100.0,0,3,3.0,0,C#,85.0,78,0.0,66.8,75,8.2,67.5,72,4.5,80.6,55,0.0,77.0,52,0.0,82.0,88,6.0,69.6,40,0.0,82.7,45,0.0,61.1,75,13.9,65.9,82,16.1,95.13,4.87,75.46,Low Gap,Placed,2025-04-29 00:00:00
STU0796,Andhra University,Male,2026,DevOps Engineer,7.81,81.7,0,2,2.0,1,JavaScript,53.6,72,18.4,56.2,70,13.8,56.5,58,1.5,72.7,50,0.0,62.6,82,19.4,62.3,52,0.0,67.5,48,0.0,64.8,88,23.2,60.2,72,11.8,55.2,80,24.8,88.7,11.3,66.76,Moderate Gap,Not Placed,2026-06-19 00:00:00
STU0797,SRM University,Male,2027,Data Scientist,7.51,81.6,1,5,1.0,0,JavaScript,89.0,78,0.0,86.8,75,0.0,84.0,72,0.0,92.1,55,0.0,64.5,52,0.0,86.8,88,1.2,58.1,40,0.0,67.9,45,0.0,70.1,75,4.9,92.8,82,0.0,99.39,0.61,84.99,Low Gap,Placed,2025-06-11 00:00:00
STU0798,GITAM University,Female,2026,Data Analyst,6.78,87.3,3,3,0.0,0,C++,79.0,72,0.0,79.5,65,0.0,95.5,78,0.0,58.1,62,3.9,98.0,55,0.0,86.6,78,0.0,83.5,35,0.0,66.2,40,0.0,56.6,75,18.4,70.2,72,1.8,97.59,2.41,88.11,Low Gap,Placed,2025-08-17 00:00:00
STU0799,JNTU Kakinada,Female,2025,DevOps Engineer,6.75,71.5,1,2,1.0,1,Python,91.9,72,0.0,76.3,70,0.0,68.6,58,0.0,73.9,50,0.0,63.2,82,18.8,69.4,52,0.0,46.3,48,1.7,56.0,88,32.0,71.0,72,1.0,94.0,80,0.0,94.66,5.34,75.92,Low Gap,Placed,2025-06-20 00:00:00
STU0800,JNTU Kakinada,Male,2026,Software Developer,8.37,70.2,1,2,1.0,0,JavaScript,62.9,80,17.1,68.0,78,10.0,60.5,72,11.5,75.7,68,0.0,80.4,60,0.0,60.4,55,0.0,80.3,45,0.0,86.0,50,0.0,62.6,72,9.4,72.2,78,5.8,94.62,5.38,74.35,Low Gap,Not Placed,2026-05-31 00:00:00
STU0801,Vignan University,Male,2025,Data Scientist,7.99,80.9,0,3,1.0,0,C++,78.7,78,0.0,75.7,75,0.0,66.9,72,5.1,81.9,55,0.0,67.7,52,0.0,76.3,88,11.7,79.2,40,0.0,57.7,45,0.0,77.0,75,0.0,81.3,82,0.7,98.25,1.75,73.99,Low Gap,Placed,2025-09-26 00:00:00
STU0802,SRM University,Male,2025,Software Developer,8.24,77.6,2,3,0.0,1,JavaScript,72.1,80,7.9,61.2,78,16.8,84.6,72,0.0,69.2,68,0.0,71.4,60,0.0,96.2,55,0.0,72.7,45,0.0,91.5,50,0.0,61.1,72,10.9,64.7,78,13.3,95.11,4.89,82.64,Low Gap,Placed,2025-04-03 00:00:00
STU0803,SRM University,Male,2026,Data Scientist,6.88,84.6,0,4,1.0,2,C++,61.4,78,16.6,50.4,75,24.6,87.5,72,0.0,69.5,55,0.0,96.0,52,0.0,62.3,88,25.7,64.3,40,0.0,53.5,45,0.0,73.2,75,1.8,53.4,82,28.6,90.28,9.72,73.27,Low Gap,Not Placed,2025-06-10 00:00:00
STU0804,GITAM University,Male,2027,Software Developer,6.94,96.2,2,5,1.0,1,C#,98.0,80,0.0,98.0,78,0.0,74.5,72,0.0,96.9,68,0.0,79.2,60,0.0,98.0,55,0.0,84.1,45,0.0,82.5,50,0.0,62.1,72,9.9,97.5,78,0.0,99.01,0.99,93.68,Low Gap,Placed,2025-04-11 00:00:00
STU0805,KL University,Female,2025,Software Developer,7.09,86.1,1,3,2.0,1,JavaScript,64.3,80,15.7,57.3,78,20.7,71.2,72,0.8,70.0,68,0.0,98.0,60,0.0,80.9,55,0.0,85.7,45,0.0,90.9,50,0.0,65.2,72,6.8,57.0,78,21.0,93.49,6.51,79.79,Low Gap,Placed,2025-02-24 00:00:00
STU0806,SRM University,Male,2027,DevOps Engineer,7.1,80.1,1,4,2.0,2,C++,82.9,72,0.0,64.7,70,5.3,65.0,58,0.0,75.9,50,0.0,67.2,82,14.8,80.3,52,0.0,66.4,48,0.0,69.7,88,18.3,60.8,72,11.2,81.1,80,0.0,95.05,4.95,83.19,Low Gap,Placed,2025-02-11 00:00:00
STU0807,SRM University,Female,2026,DevOps Engineer,6.78,77.4,3,2,2.0,1,JavaScript,87.0,72,0.0,73.4,70,0.0,82.2,58,0.0,64.2,50,0.0,68.2,82,13.8,88.0,52,0.0,87.3,48,0.0,85.9,88,2.1,63.8,72,8.2,87.8,80,0.0,97.6,2.4,91.06,Low Gap,Placed,2025-10-19 00:00:00
STU0808,KL University,Female,2025,Data Analyst,8.95,94.4,1,3,1.0,0,C#,83.4,72,0.0,85.4,65,0.0,78.9,78,0.0,58.4,62,3.6,88.5,55,0.0,78.2,78,0.0,82.0,35,0.0,98.0,40,0.0,74.1,75,0.9,81.4,72,0.0,99.55,0.45,81.55,Low Gap,Placed,2026-07-20 00:00:00
STU0809,GITAM University,Female,2027,Software Developer,7.05,79.6,0,2,3.0,0,JavaScript,70.3,80,9.7,74.5,78,3.5,68.3,72,3.7,52.0,68,16.0,82.6,60,0.0,62.3,55,0.0,63.0,45,0.0,45.1,50,4.9,69.6,72,2.4,80.2,78,0.0,95.99,4.01,71.73,Low Gap,Not Placed,2025-02-12 00:00:00
STU0810,KL University,Male,2026,Data Analyst,5.5,78.7,1,3,1.0,2,Java,58.7,72,13.3,63.3,65,1.7,70.8,78,7.2,61.8,62,0.2,61.9,55,0.0,50.8,78,27.2,63.5,35,0.0,33.8,40,6.2,65.3,75,9.7,72.2,72,0.0,93.45,6.55,75.62,Low Gap,Placed,2026-08-02 00:00:00
STU0811,KL University,Male,2027,Cloud Engineer,8.07,75.2,1,3,0.0,0,JavaScript,77.0,70,0.0,74.7,68,0.0,73.8,62,0.0,62.3,55,0.0,73.6,88,14.4,82.1,58,0.0,70.0,45,0.0,82.2,82,0.0,63.1,70,6.9,81.7,76,0.0,97.87,2.13,77.26,Low Gap,Placed,2025-10-17 00:00:00
STU0812,Vignan University,Male,2026,Data Analyst,6.84,85.1,1,3,2.0,0,Python,83.0,72,0.0,82.6,65,0.0,93.1,78,0.0,74.7,62,0.0,62.5,55,0.0,72.9,78,5.1,85.2,35,0.0,52.1,40,0.0,73.8,75,1.2,87.9,72,0.0,99.37,0.63,81.75,Low Gap,Placed,2026-06-05 00:00:00
STU0813,GITAM University,Male,2025,DevOps Engineer,8.0,82.1,3,3,2.0,1,C++,78.4,72,0.0,57.8,70,12.2,97.3,58,0.0,88.5,50,0.0,94.7,82,0.0,94.5,52,0.0,81.5,48,0.0,74.3,88,13.7,50.4,72,21.6,75.8,80,4.2,94.83,5.17,91.97,Low Gap,Placed,2025-01-06 00:00:00
STU0814,KL University,Other,2026,Full Stack Developer,9.09,85.7,1,4,0.0,2,C#,72.9,82,9.1,71.2,76,4.8,90.4,70,0.0,75.4,88,12.6,66.1,62,0.0,74.0,50,0.0,83.1,42,0.0,55.5,58,2.5,73.6,74,0.4,80.5,80,0.0,97.06,2.94,81.96,Low Gap,Placed,2025-01-21 00:00:00
STU0815,JNTU Kakinada,Male,2027,Data Analyst,7.09,96.9,3,5,3.0,0,C++,98.0,72,0.0,95.2,65,0.0,92.5,78,0.0,75.0,62,0.0,96.1,55,0.0,94.1,78,0.0,54.3,35,0.0,70.7,40,0.0,69.8,75,5.2,98.0,72,0.0,99.48,0.52,99.57,Low Gap,Placed,2026-05-21 00:00:00
STU0816,SRM University,Male,2027,DevOps Engineer,7.63,97.3,0,3,0.0,2,C#,69.4,72,2.6,71.1,70,0.0,79.3,58,0.0,85.9,50,0.0,59.5,82,22.5,81.9,52,0.0,87.0,48,0.0,50.8,88,37.2,69.0,72,3.0,82.2,80,0.0,93.47,6.53,73.15,Low Gap,Placed,2025-07-21 00:00:00
STU0817,GITAM University,Male,2027,Data Analyst,8.05,87.9,1,2,0.0,0,C++,68.6,72,3.4,60.3,65,4.7,66.3,78,11.7,59.8,62,2.2,83.5,55,0.0,77.8,78,0.2,92.6,35,0.0,63.1,40,0.0,96.9,75,0.0,61.7,72,10.3,96.75,3.25,74.45,Low Gap,Placed,2025-09-04 00:00:00
STU0818,SRM University,Female,2026,DevOps Engineer,7.89,90.6,1,1,1.0,1,Python,68.9,72,3.1,80.1,70,0.0,67.7,58,0.0,81.3,50,0.0,74.7,82,7.3,60.7,52,0.0,61.2,48,0.0,48.8,88,39.2,79.1,72,0.0,79.3,80,0.7,94.96,5.04,73.78,Low Gap,Not Placed,2025-07-15 00:00:00
STU0819,JNTU Kakinada,Male,2026,Data Scientist,7.52,94.1,2,5,2.0,1,Java,62.8,78,15.2,69.5,75,5.5,85.4,72,0.0,81.6,55,0.0,69.2,52,0.0,86.9,88,1.1,87.4,40,0.0,71.3,45,0.0,84.4,75,0.0,67.5,82,14.5,96.38,3.62,90.86,Low Gap,Placed,2025-08-16 00:00:00
STU0820,Vignan University,Female,2026,Software Developer,7.53,85.4,0,2,,1,Python,66.6,80,13.4,52.4,78,25.6,71.2,72,0.8,76.1,68,0.0,67.7,60,0.0,85.8,55,0.0,49.1,45,0.0,91.9,50,0.0,62.5,72,9.5,60.6,78,17.4,93.31,6.69,69.5,Low Gap,Not Placed,2025-03-29 00:00:00
STU0821,GITAM University,Male,2025,Software Developer,7.09,73.5,0,3,1.0,2,Python,74.1,80,5.9,81.8,78,0.0,45.0,72,27.0,75.8,68,0.0,46.7,60,13.3,57.2,55,0.0,75.2,45,0.0,68.7,50,0.0,58.2,72,13.8,81.0,78,0.0,94.0,6.0,72.71,Low Gap,Not Placed,2025-11-24 00:00:00
STU0822,Vignan University,Female,2027,DevOps Engineer,6.83,69.8,1,3,4.0,1,JavaScript,65.1,72,6.9,62.5,70,7.5,89.5,58,0.0,68.5,50,0.0,64.2,82,17.8,82.9,52,0.0,66.3,48,0.0,52.0,88,36.0,63.8,72,8.2,66.0,80,14.0,90.96,9.04,79.86,Low Gap,Not Placed,2026-03-12 00:00:00
STU0823,Vignan University,Male,2025,Data Scientist,7.12,77.1,0,2,1.0,1,Java,53.1,78,24.9,73.2,75,1.8,69.9,72,2.1,62.4,55,0.0,69.2,52,0.0,62.5,88,25.5,74.1,40,0.0,64.4,45,0.0,54.7,75,20.3,71.8,82,10.2,91.52,8.48,67.84,Low Gap,Placed,2025-01-07 00:00:00
STU0824,Vignan University,Male,2027,Data Scientist,9.02,,3,3,2.0,2,C++,96.4,78,0.0,98.0,75,0.0,97.3,72,0.0,96.1,55,0.0,81.5,52,0.0,82.1,88,5.9,98.0,40,0.0,98.0,45,0.0,77.8,75,0.0,96.2,82,0.0,99.41,0.59,99.38,Low Gap,Placed,2025-09-04 00:00:00
STU0825,SRM University,Male,2025,Data Scientist,8.24,80.9,2,2,1.0,2,C++,75.2,78,2.8,89.4,75,0.0,96.0,72,0.0,71.4,55,0.0,,52,0.0,60.6,88,27.4,89.6,40,0.0,95.5,45,0.0,69.0,75,6.0,96.5,82,0.0,96.39,3.61,86.59,Low Gap,Placed,2025-02-20 00:00:00
STU0826,Vignan University,Other,2026,DevOps Engineer,7.96,95.4,1,3,1.0,2,C#,70.8,72,1.2,69.7,70,0.3,67.7,58,0.0,65.7,50,0.0,81.0,82,1.0,,52,0.0,89.1,48,0.0,84.1,88,3.9,67.8,72,4.2,58.6,80,21.4,96.8,3.2,81.04,Low Gap,Placed,2026-07-11 00:00:00
STU0827,Andhra University,Female,2027,Cloud Engineer,7.58,83.4,0,2,1.0,1,JavaScript,64.2,70,5.8,52.9,68,15.1,58.7,62,3.3,64.9,55,0.0,52.6,88,35.4,64.9,58,0.0,71.4,45,0.0,81.3,82,0.7,72.6,70,0.0,56.4,76,19.6,92.01,7.99,67.6,Low Gap,Placed,2025-04-19 00:00:00
STU0828,SRM University,Female,2025,Cloud Engineer,7.89,85.2,3,5,2.0,0,JavaScript,67.5,70,2.5,62.8,68,5.2,98.0,62,0.0,79.8,55,0.0,98.0,88,0.0,98.0,58,0.0,83.7,45,0.0,86.0,82,0.0,64.0,70,6.0,60.0,76,16.0,97.03,2.97,95.6,Low Gap,Placed,2025-01-30 00:00:00
STU0829,Andhra University,Other,2025,Full Stack Developer,8.22,72.8,1,3,1.0,1,C++,84.4,82,0.0,73.8,76,2.2,65.6,70,4.4,86.1,88,1.9,62.4,62,0.0,74.8,50,0.0,61.8,42,0.0,78.3,58,0.0,67.7,74,6.3,83.4,80,0.0,98.53,1.47,80.49,Low Gap,Placed,2025-12-17 00:00:00
STU0830,SRM University,Male,2027,Cloud Engineer,8.39,66.7,2,3,0.0,0,JavaScript,90.7,70,0.0,77.3,68,0.0,63.2,62,0.0,96.3,55,0.0,98.0,88,0.0,70.5,58,0.0,86.3,45,0.0,77.3,82,4.7,89.4,70,0.0,80.7,76,0.0,99.53,0.47,85.68,Low Gap,Placed,2025-09-21 00:00:00
STU0831,JNTU Kakinada,Male,2025,Full Stack Developer,8.16,92.1,2,5,,0,Java,81.0,82,1.0,67.2,76,8.8,96.7,70,0.0,68.5,88,19.5,98.0,62,0.0,74.7,50,0.0,84.7,42,0.0,98.0,58,0.0,85.1,74,0.0,66.8,80,13.2,95.76,4.24,89.21,Low Gap,Placed,2025-08-19 00:00:00
STU0832,JNTU Kakinada,Male,2025,Software Developer,7.13,77.3,0,4,1.0,0,JavaScript,63.5,80,16.5,75.7,78,2.3,82.1,72,0.0,67.8,68,0.2,57.8,60,2.2,67.6,55,0.0,65.6,45,0.0,82.6,50,0.0,,72,0.0,73.2,78,4.8,97.39,2.61,75.06,Low Gap,Placed,2025-01-23 00:00:00
STU0833,KL University,Female,2027,Cloud Engineer,8.37,79.3,0,4,1.0,0,C#,57.0,70,13.0,57.2,68,10.8,73.6,62,0.0,92.5,55,0.0,62.2,88,25.8,90.0,58,0.0,71.1,45,0.0,61.6,82,20.4,80.1,70,0.0,57.3,76,18.7,91.13,8.87,71.59,Low Gap,Placed,2026-02-28 00:00:00
STU0834,SRM University,Male,2025,Software Developer,7.76,71.0,0,3,1.0,0,C++,60.5,80,19.5,56.1,78,21.9,81.2,72,0.0,69.5,68,0.0,66.9,60,0.0,70.8,55,0.0,82.1,45,0.0,55.1,50,0.0,71.5,72,0.5,57.9,78,20.1,93.79,6.21,69.85,Low Gap,Not Placed,2025-11-18 00:00:00
STU0835,GITAM University,Female,2025,Full Stack Developer,7.18,80.1,1,1,2.0,2,JavaScript,86.4,82,0.0,90.6,76,0.0,54.6,70,15.4,68.0,88,20.0,45.8,62,16.2,57.2,50,0.0,44.0,42,0.0,50.4,58,7.6,76.3,74,0.0,96.7,80,0.0,94.08,5.92,75.44,Low Gap,Placed,2026-06-18 00:00:00
STU0836,KL University,Female,2025,Cloud Engineer,7.53,82.9,0,5,1.0,0,C++,72.9,70,0.0,76.4,68,0.0,86.5,62,0.0,69.2,55,0.0,87.0,88,1.0,76.0,58,0.0,76.6,45,0.0,91.2,82,0.0,61.1,70,8.9,65.4,76,10.6,97.95,2.05,78.45,Low Gap,Placed,2025-12-18 00:00:00
STU0837,GITAM University,Female,2025,Full Stack Developer,7.49,89.4,1,2,1.0,1,C#,65.0,82,17.0,56.9,76,19.1,96.7,70,0.0,58.8,88,29.2,50.0,62,12.0,66.7,50,0.0,72.1,42,0.0,63.5,58,0.0,61.5,74,12.5,57.2,80,22.8,88.73,11.27,71.38,Moderate Gap,Placed,2026-07-15 00:00:00
STU0838,SRM University,Female,2026,Cloud Engineer,8.26,69.4,2,3,0.0,0,C#,75.3,70,0.0,89.1,68,0.0,69.1,62,0.0,67.0,55,0.0,88.2,88,0.0,84.2,58,0.0,74.7,45,0.0,73.6,82,8.4,65.5,70,4.5,95.0,76,0.0,98.71,1.29,83.87,Low Gap,Placed,2025-08-15 00:00:00
STU0839,Vignan University,Female,2027,Software Developer,7.02,82.6,2,1,2.0,1,Python,88.2,80,0.0,79.4,78,0.0,75.6,72,0.0,67.6,68,0.4,68.1,60,0.0,62.2,55,0.0,72.8,45,0.0,81.1,50,0.0,61.5,72,10.5,85.3,78,0.0,98.91,1.09,83.27,Low Gap,Placed,2025-08-09 00:00:00
STU0840,JNTU Kakinada,Male,2026,DevOps Engineer,7.01,84.4,1,4,0.0,0,C++,68.5,72,3.5,80.8,70,0.0,53.3,58,4.7,82.4,50,0.0,82.6,82,0.0,82.9,52,0.0,73.8,48,0.0,62.9,88,25.1,61.9,72,10.1,75.5,80,4.5,95.2,4.8,77.58,Low Gap,Placed,2025-06-15 00:00:00
STU0841,Andhra University,Male,2027,Full Stack Developer,6.42,79.9,2,2,1.0,0,Java,60.9,82,21.1,69.9,76,6.1,68.0,70,2.0,79.4,88,8.6,64.5,62,0.0,76.5,50,0.0,73.7,42,0.0,98.0,58,0.0,68.1,74,5.9,65.0,80,15.0,94.13,5.87,79.58,Low Gap,Placed,2025-01-23 00:00:00
STU0842,Vignan University,Male,2025,Software Developer,6.19,77.7,3,3,,0,Python,80.0,80,0.0,72.2,78,5.8,74.7,72,0.0,80.5,68,0.0,52.5,60,7.5,80.7,55,0.0,89.5,45,0.0,66.0,50,0.0,63.6,72,8.4,86.0,78,0.0,97.82,2.18,90.39,Low Gap,Placed,2025-04-05 00:00:00
STU0843,Andhra University,Male,2025,Full Stack Developer,,78.6,0,4,2.0,3,Java,80.6,82,1.4,70.6,76,5.4,46.0,70,24.0,79.5,88,8.5,98.0,62,0.0,68.6,50,0.0,76.5,42,0.0,82.8,58,0.0,68.7,74,5.3,89.9,80,0.0,95.53,4.47,81.32,Low Gap,Not Placed,2026-06-13 00:00:00
STU0844,JNTU Kakinada,Female,2026,Software Developer,7.03,78.8,2,4,1.0,0,Java,70.7,80,9.3,79.3,78,0.0,90.0,72,0.0,64.2,68,3.8,78.4,60,0.0,83.3,55,0.0,90.1,45,0.0,79.8,50,0.0,68.7,72,3.3,73.7,78,4.3,97.93,2.07,86.91,Low Gap,Placed,2025-12-11 00:00:00
STU0845,Andhra University,Male,2026,Full Stack Developer,6.55,85.3,2,2,1.0,2,Java,83.5,82,0.0,75.3,76,0.7,50.6,70,19.4,59.9,88,28.1,63.1,62,0.0,71.9,50,0.0,66.7,42,0.0,65.5,58,0.0,80.9,74,0.0,73.5,80,6.5,94.53,5.47,81.77,Low Gap,Placed,2026-04-13 00:00:00
STU0846,GITAM University,Female,2027,Software Developer,9.78,87.4,3,3,3.0,2,Python,98.0,80,0.0,95.7,78,0.0,98.0,72,0.0,98.0,68,0.0,86.4,60,0.0,88.6,55,0.0,75.6,45,0.0,98.0,50,0.0,,72,0.0,88.9,78,0.0,100.0,0.0,100.0,Low Gap,Placed,2026-02-17 00:00:00
STU0847,GITAM University,Other,2026,Full Stack Developer,8.65,85.0,1,4,1.0,0,JavaScript,68.0,82,14.0,61.0,76,15.0,73.9,70,0.0,95.6,88,0.0,98.0,62,0.0,59.2,50,0.0,98.0,42,0.0,76.2,58,0.0,68.2,74,5.8,82.8,80,0.0,96.52,3.48,81.36,Low Gap,Placed,2025-11-29 00:00:00
STU0848,KL University,Female,2025,Software Developer,7.38,96.9,1,4,1.0,0,JavaScript,81.3,80,0.0,75.1,78,2.9,60.8,72,11.2,94.3,68,0.0,62.6,60,0.0,85.7,55,0.0,98.0,45,0.0,64.9,50,0.0,77.6,72,0.0,80.5,78,0.0,98.59,1.41,82.28,Low Gap,Placed,2026-03-06 00:00:00
STU0849,GITAM University,Male,2025,Full Stack Developer,6.75,90.6,3,1,3.0,0,C++,85.2,82,0.0,86.6,76,0.0,86.8,70,0.0,75.5,88,12.5,75.6,62,0.0,90.5,50,0.0,68.9,42,0.0,67.2,58,0.0,63.8,74,10.2,89.2,80,0.0,97.73,2.27,89.16,Low Gap,Placed,2025-12-09 00:00:00
STU0850,SRM University,Female,2026,Data Scientist,8.73,66.2,0,4,,2,Python,87.7,78,0.0,76.4,75,0.0,53.7,72,18.3,71.1,55,0.0,89.5,52,0.0,81.8,88,6.2,84.8,40,0.0,72.5,45,0.0,94.1,75,0.0,80.3,82,1.7,97.38,2.62,78.57,Low Gap,Placed,2025-05-03 00:00:00
STU0851,Vignan University,Male,2027,Full Stack Developer,8.4,93.3,0,2,0.0,0,Java,59.1,82,22.9,66.4,76,9.6,71.7,70,0.0,71.0,88,17.0,78.6,62,0.0,79.0,50,0.0,72.0,42,0.0,76.9,58,0.0,,74,0.0,58.5,80,21.5,92.91,7.09,67.57,Low Gap,Placed,2025-01-17 00:00:00
STU0852,KL University,Male,2026,Software Developer,7.73,89.8,1,2,0.0,2,JavaScript,81.2,80,0.0,70.4,78,7.6,81.2,72,0.0,61.2,68,6.8,,60,0.0,74.2,55,0.0,58.2,45,0.0,66.7,50,0.0,65.2,72,6.8,75.0,78,3.0,97.57,2.43,77.85,Low Gap,Placed,2025-07-19 00:00:00
STU0853,SRM University,Male,2025,Data Analyst,7.38,94.2,0,2,,1,C++,56.9,72,15.1,31.5,65,33.5,84.0,78,0.0,43.8,62,18.2,70.3,55,0.0,65.6,78,12.4,83.7,35,0.0,81.1,40,0.0,78.3,75,0.0,48.5,72,23.5,89.72,10.28,66.68,Moderate Gap,Placed,2026-03-13 00:00:00
STU0854,JNTU Kakinada,Male,2026,Data Analyst,8.95,79.1,2,3,2.0,2,C++,91.0,72,0.0,82.3,65,0.0,88.4,78,0.0,85.5,62,0.0,88.9,55,0.0,,78,0.2,71.0,35,0.0,92.4,40,0.0,89.8,75,0.0,96.6,72,0.0,99.98,0.02,92.9,Low Gap,Placed,2025-03-28 00:00:00
STU0855,JNTU Kakinada,Male,2027,Data Analyst,6.76,84.7,2,3,3.0,3,C++,79.8,72,0.0,88.0,65,0.0,92.4,78,0.0,68.9,62,0.0,87.7,55,0.0,61.5,78,16.5,79.0,35,0.0,75.4,40,0.0,71.4,75,3.6,91.4,72,0.0,97.99,2.01,92.96,Low Gap,Placed,2026-07-12 00:00:00
STU0856,KL University,Male,2025,Software Developer,6.61,86.7,1,4,0.0,1,C++,64.1,80,15.9,49.0,78,29.0,63.9,72,8.1,92.0,68,0.0,59.9,60,0.1,55.7,55,0.0,83.2,45,0.0,64.7,50,0.0,81.2,72,0.0,56.0,78,22.0,92.49,7.51,76.22,Low Gap,Placed,2025-01-28 00:00:00
STU0857,KL University,Male,2027,DevOps Engineer,7.06,68.4,1,3,3.0,0,C++,73.4,72,0.0,68.2,70,1.8,71.5,58,0.0,66.0,50,0.0,70.2,82,11.8,78.0,52,0.0,60.9,48,0.0,86.3,88,1.7,78.1,72,0.0,79.0,80,1.0,98.37,1.63,81.71,Low Gap,Placed,2026-07-14 00:00:00
STU0858,GITAM University,Female,2027,Software Developer,7.79,72.2,1,3,1.0,2,JavaScript,74.4,80,5.6,77.9,78,0.1,86.0,72,0.0,86.5,68,0.0,39.6,60,20.4,82.3,55,0.0,74.9,45,0.0,58.8,50,0.0,93.6,72,0.0,83.8,78,0.0,97.39,2.61,82.06,Low Gap,Placed,2025-02-28 00:00:00
STU0859,Andhra University,Male,2026,Data Analyst,7.18,91.6,2,2,0.0,1,C#,74.1,72,0.0,67.1,65,0.0,72.2,78,5.8,82.5,62,0.0,71.1,55,0.0,67.5,78,10.5,58.1,35,0.0,74.3,40,0.0,48.2,75,26.8,65.3,72,6.7,95.02,4.98,78.66,Low Gap,Placed,2026-03-23 00:00:00
STU0860,Vignan University,Female,2027,Software Developer,8.54,90.8,2,2,2.0,0,Java,66.3,80,13.7,72.6,78,5.4,96.1,72,0.0,98.0,68,0.0,88.0,60,0.0,80.7,55,0.0,95.3,45,0.0,77.0,50,0.0,72.4,72,0.0,79.3,78,0.0,98.09,1.91,85.91,Low Gap,Placed,2026-04-15 00:00:00
STU0861,JNTU Kakinada,Female,2026,Data Analyst,7.14,57.7,2,4,2.0,0,C#,67.6,72,4.4,68.9,65,0.0,71.3,78,6.7,54.4,62,7.6,82.0,55,0.0,83.3,78,0.0,71.6,35,0.0,85.6,40,0.0,73.7,75,1.3,63.4,72,8.6,97.13,2.87,86.36,Low Gap,Placed,2025-10-28 00:00:00
STU0862,Andhra University,Male,2027,Full Stack Developer,6.89,86.0,1,3,2.0,1,Java,81.1,82,0.9,74.5,76,1.5,80.0,70,0.0,61.3,88,26.7,72.0,62,0.0,53.8,50,0.0,78.6,42,0.0,71.6,58,0.0,67.7,74,6.3,76.0,80,4.0,96.07,3.93,80.23,Low Gap,Placed,2026-07-03 00:00:00
STU0863,JNTU Kakinada,Male,2025,Full Stack Developer,8.28,86.0,3,2,1.0,0,Java,71.7,82,10.3,78.7,76,0.0,98.0,70,0.0,98.0,88,0.0,85.2,62,0.0,86.5,50,0.0,72.8,42,0.0,75.0,58,0.0,78.4,74,0.0,86.2,80,0.0,98.97,1.03,89.95,Low Gap,Placed,2025-06-28 00:00:00
STU0864,GITAM University,Male,2026,DevOps Engineer,7.68,77.8,0,5,0.0,0,Python,69.4,72,2.6,65.9,70,4.1,55.0,58,3.0,82.5,50,0.0,79.1,82,2.9,81.1,52,0.0,62.9,48,0.0,60.0,88,28.0,91.9,72,0.0,65.7,80,14.3,94.5,5.5,73.93,Low Gap,Placed,2025-10-20 00:00:00
STU0865,JNTU Kakinada,Male,2027,Full Stack Developer,8.4,77.3,1,2,2.0,0,C#,75.0,82,7.0,61.8,76,14.2,56.5,70,13.5,74.0,88,14.0,81.8,62,0.0,65.6,50,0.0,88.2,42,0.0,87.8,58,0.0,69.3,74,4.7,59.0,80,21.0,92.55,7.45,75.21,Low Gap,Placed,2026-07-25 00:00:00
STU0866,GITAM University,Male,2027,Software Developer,7.75,84.7,1,3,1.0,0,Java,89.0,80,0.0,88.2,78,0.0,64.9,72,7.1,88.6,68,0.0,60.9,60,0.0,67.9,55,0.0,54.4,45,0.0,70.9,50,0.0,83.8,72,0.0,93.8,78,0.0,99.29,0.71,80.06,Low Gap,Placed,2025-09-21 00:00:00
STU0867,GITAM University,Male,2026,Data Analyst,6.85,74.7,2,3,0.0,0,C++,98.0,72,0.0,88.3,65,0.0,58.7,78,19.3,63.5,62,0.0,98.0,55,0.0,70.1,78,7.9,73.3,35,0.0,61.2,40,0.0,70.9,75,4.1,86.2,72,0.0,96.87,3.13,82.64,Low Gap,Placed,2026-01-02 00:00:00
STU0868,GITAM University,Male,2026,Data Scientist,7.64,79.2,1,5,0.0,1,JavaScript,76.6,78,1.4,78.6,75,0.0,75.1,72,0.0,92.2,55,0.0,69.9,52,0.0,75.4,88,12.6,74.0,40,0.0,97.3,45,0.0,74.3,75,0.7,70.5,82,11.5,97.38,2.62,83.84,Low Gap,Placed,2026-01-14 00:00:00
STU0869,JNTU Kakinada,Female,2026,Full Stack Developer,7.4,,0,3,1.0,1,Java,81.9,82,0.1,75.1,76,0.9,81.0,70,0.0,66.5,88,21.5,71.7,62,0.0,62.1,50,0.0,71.0,42,0.0,77.7,58,0.0,58.7,74,15.3,86.7,80,0.0,96.22,3.78,74.27,Low Gap,Placed,2026-01-19 00:00:00
STU0870,KL University,Female,2027,DevOps Engineer,8.1,78.6,0,3,0.0,1,JavaScript,71.9,72,0.1,75.6,70,0.0,86.1,58,0.0,77.5,50,0.0,78.5,82,3.5,64.1,52,0.0,94.6,48,0.0,79.6,88,8.4,75.9,72,0.0,64.9,80,15.1,97.28,2.72,74.33,Low Gap,Not Placed,2025-05-04 00:00:00
STU0871,KL University,Male,2027,Cloud Engineer,7.09,73.3,1,3,2.0,3,Python,90.9,70,0.0,74.1,68,0.0,75.4,62,0.0,63.9,55,0.0,84.7,88,3.3,71.3,58,0.0,91.6,45,0.0,60.9,82,21.1,69.7,70,0.3,76.0,76,0.0,97.53,2.47,85.14,Low Gap,Placed,2025-04-30 00:00:00
STU0872,JNTU Kakinada,Male,2025,Full Stack Developer,7.03,63.1,2,4,1.0,2,JavaScript,76.2,82,5.8,79.5,76,0.0,85.7,70,0.0,90.2,88,0.0,65.0,62,0.0,78.4,50,0.0,83.7,42,0.0,77.6,58,0.0,53.8,74,20.2,72.6,80,7.4,96.66,3.34,88.87,Low Gap,Placed,2025-03-30 00:00:00
STU0873,Vignan University,Male,2025,Cloud Engineer,7.69,76.5,2,3,2.0,2,Java,71.7,70,0.0,75.2,68,0.0,72.4,62,0.0,60.2,55,0.0,90.5,88,0.0,78.8,58,0.0,76.6,45,0.0,73.7,82,8.3,74.7,70,0.0,74.6,76,1.4,99.03,0.97,89.02,Low Gap,Placed,2025-05-06 00:00:00
STU0874,JNTU Kakinada,Female,2026,Full Stack Developer,8.72,83.1,0,5,0.0,1,JavaScript,68.5,82,13.5,57.8,76,18.2,74.6,70,0.0,82.1,88,5.9,77.8,62,0.0,47.9,50,2.1,88.4,42,0.0,89.5,58,0.0,79.5,74,0.0,57.2,80,22.8,93.75,6.25,75.38,Low Gap,Placed,2025-03-19 00:00:00
STU0875,Vignan University,Female,2027,Full Stack Developer,7.2,92.5,3,3,1.0,1,C++,94.7,82,0.0,81.0,76,0.0,98.0,70,0.0,87.3,88,0.7,82.1,62,0.0,96.4,50,0.0,91.0,42,0.0,98.0,58,0.0,51.8,74,22.2,83.8,80,0.0,97.7,2.3,93.89,Low Gap,Placed,2025-02-24 00:00:00
STU0876,SRM University,Male,2026,Data Analyst,,83.3,2,4,3.0,1,Java,87.9,72,0.0,82.6,65,0.0,72.1,78,5.9,98.0,62,0.0,94.4,55,0.0,72.9,78,5.1,80.9,35,0.0,77.0,40,0.0,48.9,75,26.1,98.0,72,0.0,96.29,3.71,91.72,Low Gap,Placed,2026-06-27 00:00:00
STU0877,Vignan University,Male,2025,Cloud Engineer,7.26,88.1,1,2,2.0,0,Python,93.4,70,0.0,98.0,68,0.0,91.1,62,0.0,63.5,55,0.0,61.0,88,27.0,78.9,58,0.0,77.2,45,0.0,49.6,82,32.4,77.8,70,0.0,90.8,76,0.0,94.06,5.94,77.76,Low Gap,Placed,2025-09-04 00:00:00
STU0878,Vignan University,Female,2026,Software Developer,6.89,84.6,1,5,1.0,0,Python,82.2,80,0.0,82.2,78,0.0,74.6,72,0.0,65.6,68,2.4,58.8,60,1.2,70.1,55,0.0,83.4,45,0.0,76.0,50,0.0,54.7,72,17.3,82.3,78,0.0,97.91,2.09,82.45,Low Gap,Placed,2025-06-09 00:00:00
STU0879,JNTU Kakinada,Male,2025,Data Analyst,7.31,81.4,1,4,2.0,1,C#,98.0,72,0.0,89.7,65,0.0,79.2,78,0.0,59.4,62,2.6,77.3,55,0.0,74.0,78,4.0,92.5,35,0.0,63.4,40,0.0,,75,1.9,95.2,72,0.0,99.15,0.85,86.18,Low Gap,Placed,2025-08-19 00:00:00
STU0880,JNTU Kakinada,Female,2026,Software Developer,6.97,74.1,1,3,0.0,1,JavaScript,81.4,80,0.0,70.4,78,7.6,55.0,72,17.0,65.0,68,3.0,48.8,60,11.2,76.4,55,0.0,75.0,45,0.0,75.0,50,0.0,81.2,72,0.0,80.6,78,0.0,96.12,3.88,77.02,Low Gap,Placed,2025-11-06 00:00:00
STU0881,JNTU Kakinada,Female,2025,Software Developer,6.98,80.3,1,3,2.0,0,Java,60.1,80,19.9,62.0,78,16.0,78.8,72,0.0,71.3,68,0.0,76.8,60,0.0,,55,0.0,65.1,45,0.0,56.5,50,0.0,75.2,72,0.0,57.9,78,20.1,94.4,5.6,77.38,Low Gap,Not Placed,2025-10-10 00:00:00
STU0882,KL University,Male,2026,DevOps Engineer,,84.7,1,2,2.0,0,C++,85.4,72,0.0,76.5,70,0.0,76.4,58,0.0,63.3,50,0.0,86.1,82,0.0,69.6,52,0.0,72.4,48,0.0,78.0,88,10.0,86.1,72,0.0,78.3,80,1.7,98.83,1.17,79.64,Low Gap,Not Placed,2025-11-24 00:00:00
STU0883,Andhra University,Male,2027,Software Developer,7.32,77.4,1,2,1.0,0,C#,57.8,80,22.2,77.1,78,0.9,86.4,72,0.0,61.3,68,6.7,63.8,60,0.0,76.5,55,0.0,65.2,45,0.0,60.9,50,0.0,77.6,72,0.0,71.4,78,6.6,96.36,3.64,74.8,Low Gap,Placed,2025-07-10 00:00:00
STU0884,KL University,Female,2026,DevOps Engineer,7.53,91.0,0,2,1.0,1,C++,55.4,72,16.6,69.0,70,1.0,78.3,58,0.0,71.6,50,0.0,84.8,82,0.0,46.4,52,5.6,76.8,48,0.0,67.4,88,20.6,80.3,72,0.0,66.6,80,13.4,94.29,5.71,70.33,Low Gap,Not Placed,2025-02-12 00:00:00
STU0885,JNTU Kakinada,Female,2025,Full Stack Developer,7.86,79.1,1,4,2.0,1,C#,87.4,82,0.0,68.1,76,7.9,90.4,70,0.0,98.0,88,0.0,78.1,62,0.0,80.7,50,0.0,91.0,42,0.0,76.7,58,0.0,82.7,74,0.0,69.8,80,10.2,98.19,1.81,86.37,Low Gap,Placed,2025-11-08 00:00:00
STU0886,KL University,Male,2025,Cloud Engineer,6.78,93.1,3,4,2.0,3,C++,67.9,70,2.1,57.1,68,10.9,77.3,62,0.0,63.7,55,0.0,70.7,88,17.3,78.3,58,0.0,84.9,45,0.0,73.8,82,8.2,73.8,70,0.0,58.5,76,17.5,94.4,5.6,94.16,Low Gap,Placed,2025-07-28 00:00:00
STU0887,Andhra University,Other,2027,Data Scientist,7.47,77.7,1,3,0.0,0,Java,91.0,78,0.0,91.8,75,0.0,61.3,72,10.7,63.7,55,0.0,62.0,52,0.0,59.5,88,28.5,63.9,40,0.0,98.0,45,0.0,78.3,75,0.0,90.9,82,0.0,96.08,3.92,77.05,Low Gap,Placed,2025-10-23 00:00:00
STU0888,Andhra University,Female,2025,Cloud Engineer,7.16,72.2,0,1,1.0,2,C++,57.0,70,13.0,61.2,68,6.8,73.1,62,0.0,90.1,55,0.0,59.5,88,28.5,65.3,58,0.0,51.7,45,0.0,88.1,82,0.0,84.3,70,0.0,47.9,76,28.1,92.36,7.64,68.41,Low Gap,Placed,2025-12-27 00:00:00
STU0889,KL University,Female,2025,Cloud Engineer,7.4,80.5,0,4,0.0,2,Python,36.1,70,33.9,20.9,68,47.1,92.4,62,0.0,63.5,55,0.0,58.0,88,30.0,,58,0.0,68.6,45,0.0,82.8,82,0.0,77.2,70,0.0,34.6,76,41.4,84.76,15.24,67.24,Moderate Gap,Not Placed,2025-07-27 00:00:00
STU0890,SRM University,Female,2026,Full Stack Developer,8.45,64.8,1,4,0.0,0,JavaScript,68.2,82,13.8,64.1,76,11.9,83.9,70,0.0,92.7,88,0.0,72.2,62,0.0,58.4,50,0.0,79.6,42,0.0,72.2,58,0.0,64.5,74,9.5,68.3,80,11.7,95.31,4.69,77.62,Low Gap,Placed,2025-11-27 00:00:00
STU0891,Andhra University,Other,2027,Data Scientist,7.33,80.9,1,3,1.0,0,Python,52.3,78,25.7,68.4,75,6.6,70.6,72,1.4,85.3,55,0.0,62.2,52,0.0,60.5,88,27.5,74.5,40,0.0,48.6,45,0.0,52.5,75,22.5,54.8,82,27.2,88.91,11.09,71.4,Moderate Gap,Not Placed,2025-07-08 00:00:00
STU0892,Andhra University,Male,2025,Cloud Engineer,8.07,63.5,2,3,1.0,0,JavaScript,68.2,70,1.8,63.5,68,4.5,72.4,62,0.0,80.5,55,0.0,70.7,88,17.3,77.6,58,0.0,79.5,45,0.0,92.5,82,0.0,71.2,70,0.0,71.5,76,4.5,97.19,2.81,83.66,Low Gap,Placed,2025-08-04 00:00:00
STU0893,JNTU Kakinada,Male,2025,Full Stack Developer,7.19,89.0,0,2,1.0,1,C++,78.2,82,3.8,75.1,76,0.9,84.4,70,0.0,72.7,88,15.3,57.7,62,4.3,77.9,50,0.0,64.9,42,0.0,44.2,58,13.8,78.0,74,0.0,69.2,80,10.8,95.11,4.89,70.87,Low Gap,Placed,2025-12-30 00:00:00
STU0894,SRM University,Male,2027,Software Developer,8.02,88.1,0,3,1.0,0,Java,85.5,80,0.0,95.3,78,0.0,74.4,72,0.0,71.5,68,0.0,69.6,60,0.0,,55,0.0,64.2,45,0.0,85.2,50,0.0,70.2,72,1.8,98.0,78,0.0,99.82,0.18,76.78,Low Gap,Placed,2026-04-12 00:00:00
STU0895,Andhra University,Female,2025,Full Stack Developer,7.93,64.8,1,3,1.0,1,Java,75.7,82,6.3,65.9,76,10.1,74.4,70,0.0,53.4,88,34.6,91.3,62,0.0,72.2,50,0.0,67.8,42,0.0,83.7,58,0.0,82.1,74,0.0,76.5,80,3.5,94.55,5.45,78.84,Low Gap,Placed,2025-07-20 00:00:00
STU0896,KL University,Female,2027,Data Analyst,7.24,98.7,1,1,1.0,2,C#,59.9,72,12.1,67.1,65,0.0,70.7,78,7.3,49.2,62,12.8,71.1,55,0.0,78.0,78,0.0,59.3,35,0.0,98.0,40,0.0,77.6,75,0.0,47.2,72,24.8,94.3,5.7,74.28,Low Gap,Placed,2026-07-17 00:00:00
STU0897,KL University,Female,2027,DevOps Engineer,7.13,99.0,3,4,1.0,0,Java,90.1,72,0.0,83.9,70,0.0,93.9,58,0.0,95.4,50,0.0,94.1,82,0.0,80.6,52,0.0,79.2,48,0.0,86.2,88,1.8,87.2,72,0.0,98.0,80,0.0,99.82,0.18,96.07,Low Gap,Placed,2025-10-07 00:00:00
STU0898,JNTU Kakinada,Female,2026,Cloud Engineer,7.41,80.0,1,3,0.0,1,Java,64.7,70,5.3,42.4,68,25.6,83.6,62,0.0,76.4,55,0.0,81.4,88,6.6,58.3,58,0.0,66.4,45,0.0,77.0,82,5.0,82.2,70,0.0,50.1,76,25.9,93.16,6.84,74.89,Low Gap,Placed,2026-04-09 00:00:00
STU0899,Andhra University,Male,2025,Software Developer,9.3,67.4,2,4,2.0,0,JavaScript,89.0,80,0.0,92.9,78,0.0,66.4,72,5.6,98.0,68,0.0,98.0,60,0.0,98.0,55,0.0,98.0,45,0.0,92.2,50,0.0,77.0,72,0.0,90.9,78,0.0,99.44,0.56,92.76,Low Gap,Placed,2025-04-01 00:00:00
STU0900,GITAM University,Male,2025,DevOps Engineer,,86.8,1,3,2.0,1,Java,81.5,72,0.0,71.7,70,0.0,62.0,58,0.0,79.2,50,0.0,83.5,82,0.0,71.0,52,0.0,84.6,48,0.0,83.5,88,4.5,61.6,72,10.4,79.6,80,0.4,98.47,1.53,82.56,Low Gap,Placed,2025-09-01 00:00:00
STU0901,Vignan University,Female,2026,Full Stack Developer,8.45,75.2,3,5,3.0,0,Python,98.0,82,0.0,97.1,76,0.0,91.3,70,0.0,94.5,88,0.0,98.0,62,0.0,91.7,50,0.0,93.0,42,0.0,95.9,58,0.0,65.3,74,8.7,98.0,80,0.0,99.13,0.87,100.0,Low Gap,Placed,2025-06-23 00:00:00
STU0902,SRM University,Male,2027,Software Developer,7.0,94.7,1,5,2.0,0,C#,51.3,80,28.7,57.1,78,20.9,74.3,72,0.0,76.6,68,0.0,76.3,60,0.0,84.6,55,0.0,96.3,45,0.0,85.6,50,0.0,60.0,72,12.0,58.3,78,19.7,91.87,8.13,80.95,Low Gap,Placed,2025-01-02 00:00:00
STU0903,SRM University,Female,2026,Full Stack Developer,,81.8,2,3,1.0,0,JavaScript,66.3,82,15.7,48.5,76,27.5,72.0,70,0.0,91.1,88,0.0,67.9,62,0.0,54.0,50,0.0,64.3,42,0.0,77.1,58,0.0,77.4,74,0.0,54.1,80,25.9,93.09,6.91,79.58,Low Gap,Placed,2026-07-01 00:00:00
STU0904,KL University,Male,2027,Cloud Engineer,7.2,82.2,1,3,0.0,1,Python,68.9,70,1.1,66.8,68,1.2,72.2,62,0.0,65.7,55,0.0,82.8,88,5.2,58.7,58,0.0,65.6,45,0.0,67.6,82,14.4,62.7,70,7.3,74.0,76,2.0,96.88,3.12,76.65,Low Gap,Placed,2026-07-14 00:00:00
STU0905,KL University,Male,2027,Full Stack Developer,7.36,,3,3,0.0,0,Java,96.8,82,0.0,98.0,76,0.0,61.8,70,8.2,86.3,88,1.7,89.5,62,0.0,83.5,50,0.0,98.0,42,0.0,64.5,58,0.0,55.4,74,18.6,98.0,80,0.0,97.14,2.86,89.67,Low Gap,Placed,2026-02-25 00:00:00
STU0906,GITAM University,Female,2025,Cloud Engineer,6.18,76.8,1,3,4.0,1,C++,81.8,70,0.0,78.4,68,0.0,88.3,62,0.0,57.1,55,0.0,66.3,88,21.7,61.5,58,0.0,84.0,45,0.0,59.3,82,22.7,73.6,70,0.0,87.4,76,0.0,95.56,4.44,83.63,Low Gap,Placed,2025-12-01 00:00:00
STU0907,KL University,Female,2026,Cloud Engineer,7.15,94.4,2,3,2.0,0,Python,79.0,70,0.0,87.0,68,0.0,67.8,62,0.0,88.8,55,0.0,84.3,88,3.7,79.6,58,0.0,86.2,45,0.0,75.2,82,6.8,55.4,70,14.6,93.7,76,0.0,97.49,2.51,86.78,Low Gap,Placed,2025-06-04 00:00:00
STU0908,SRM University,Female,2026,Data Scientist,6.83,76.6,2,4,1.0,0,C#,93.7,78,0.0,98.0,75,0.0,71.6,72,0.4,81.8,55,0.0,77.0,52,0.0,59.3,88,28.7,88.3,40,0.0,89.5,45,0.0,61.0,75,14.0,82.8,82,0.0,95.69,4.31,86.65,Low Gap,Not Placed,2025-11-14 00:00:00
STU0909,JNTU Kakinada,Male,2026,Software Developer,5.86,87.7,0,4,0.0,0,C++,39.7,80,40.3,20.0,78,58.0,67.3,72,4.7,62.5,68,5.5,62.5,60,0.0,72.7,55,0.0,45.2,45,0.0,53.7,50,0.0,53.8,72,18.2,36.8,78,41.2,83.21,16.79,60.87,Moderate Gap,Not Placed,2025-06-16 00:00:00
STU0910,KL University,Male,2027,Data Analyst,7.37,81.8,2,3,3.0,0,C++,88.1,72,0.0,91.5,65,0.0,67.4,78,10.6,80.8,62,0.0,95.0,55,0.0,88.5,78,0.0,55.8,35,0.0,89.7,40,0.0,78.6,75,0.0,88.7,72,0.0,98.94,1.06,89.75,Low Gap,Placed,2025-08-30 00:00:00
STU0911,GITAM University,Female,2025,Data Analyst,7.05,73.7,1,3,1.0,0,C++,86.0,72,0.0,81.7,65,0.0,57.7,78,20.3,52.1,62,9.9,64.5,55,0.0,78.6,78,0.0,71.1,35,0.0,58.5,40,0.0,50.2,75,24.8,84.6,72,0.0,94.49,5.51,75.57,Low Gap,Placed,2025-07-26 00:00:00
STU0912,GITAM University,Female,2027,Software Developer,7.27,70.4,1,3,0.0,0,JavaScript,70.0,80,10.0,67.5,78,10.5,74.2,72,0.0,75.2,68,0.0,66.5,60,0.0,68.5,55,0.0,61.8,45,0.0,72.1,50,0.0,72.4,72,0.0,76.6,78,1.4,97.81,2.19,76.16,Low Gap,Not Placed,2025-05-27 00:00:00
STU0913,JNTU Kakinada,Male,2026,Data Scientist,7.56,89.7,2,4,4.0,2,Python,95.5,78,0.0,98.0,75,0.0,97.2,72,0.0,98.0,55,0.0,98.0,52,0.0,98.0,88,0.0,72.6,40,0.0,64.3,45,0.0,65.1,75,9.9,96.1,82,0.0,99.01,0.99,98.04,Low Gap,Placed,2026-01-06 00:00:00
STU0914,GITAM University,Male,2027,Data Analyst,7.73,83.6,1,2,1.0,0,Java,77.9,72,0.0,88.6,65,0.0,80.1,78,0.0,78.6,62,0.0,78.0,55,0.0,88.5,78,0.0,81.2,35,0.0,76.8,40,0.0,61.9,75,13.1,80.9,72,0.0,98.69,1.31,78.69,Low Gap,Placed,2025-02-26 00:00:00
STU0915,GITAM University,Male,2027,Data Scientist,7.23,88.6,1,1,2.0,0,Java,85.6,78,0.0,97.6,75,0.0,64.7,72,7.3,69.4,55,0.0,56.6,52,0.0,78.7,88,9.3,72.1,40,0.0,70.3,45,0.0,64.7,75,10.3,88.0,82,0.0,97.3,2.7,76.21,Low Gap,Placed,2025-07-19 00:00:00
STU0916,SRM University,Female,2026,DevOps Engineer,8.29,85.2,0,2,1.0,0,Python,67.7,72,4.3,62.6,70,7.4,65.4,58,0.0,64.0,50,0.0,79.2,82,2.8,70.6,52,0.0,80.2,48,0.0,41.9,88,46.1,52.8,72,19.2,71.1,80,8.9,91.13,8.87,66.17,Low Gap,Placed,2025-11-04 00:00:00
STU0917,Andhra University,Female,2027,Software Developer,8.03,97.9,1,3,0.0,1,C#,47.7,80,32.3,56.7,78,21.3,71.8,72,0.2,74.0,68,0.0,68.6,60,0.0,82.2,55,0.0,80.4,45,0.0,78.6,50,0.0,69.5,72,2.5,43.8,78,34.2,90.95,9.05,73.63,Low Gap,Placed,2025-10-20 00:00:00
STU0918,GITAM University,Male,2026,DevOps Engineer,7.85,76.5,2,3,4.0,0,C++,91.6,72,0.0,98.0,70,0.0,98.0,58,0.0,73.2,50,0.0,81.1,82,0.9,76.3,52,0.0,78.1,48,0.0,82.1,88,5.9,87.7,72,0.0,94.9,80,0.0,99.33,0.67,92.53,Low Gap,Placed,2025-08-01 00:00:00
STU0919,JNTU Kakinada,Female,2027,Software Developer,5.98,92.7,1,5,0.0,0,Python,70.9,80,9.1,61.5,78,16.5,62.5,72,9.5,49.5,68,18.5,91.6,60,0.0,72.3,55,0.0,52.7,45,0.0,59.8,50,0.0,56.1,72,15.9,58.7,78,19.3,91.11,8.89,75.07,Low Gap,Placed,2025-12-30 00:00:00
STU0920,GITAM University,Female,2027,Data Analyst,6.06,76.2,2,3,0.0,1,JavaScript,64.9,72,7.1,43.1,65,21.9,58.5,78,19.5,52.9,62,9.1,72.4,55,0.0,70.9,78,7.1,60.1,35,0.0,73.2,40,0.0,87.2,75,0.0,63.9,72,8.1,92.72,7.28,78.64,Low Gap,Placed,2025-06-04 00:00:00
STU0921,GITAM University,Female,2027,Full Stack Developer,8.46,67.6,0,4,1.0,3,Python,93.4,82,0.0,89.8,76,0.0,46.1,70,23.9,80.9,88,7.1,50.9,62,11.1,91.0,50,0.0,66.5,42,0.0,62.1,58,0.0,71.7,74,2.3,85.6,80,0.0,95.57,4.43,79.15,Low Gap,Placed,2025-11-07 00:00:00
STU0922,KL University,Female,2027,Full Stack Developer,6.37,92.9,1,3,2.0,2,Java,77.0,82,5.0,77.2,76,0.0,64.2,70,5.8,69.2,88,18.8,69.7,62,0.0,70.9,50,0.0,79.6,42,0.0,75.6,58,0.0,59.7,74,14.3,70.6,80,9.4,94.67,5.33,81.01,Low Gap,Placed,2025-04-24 00:00:00
STU0923,GITAM University,Male,2026,DevOps Engineer,6.93,75.5,0,5,1.0,0,C++,75.8,72,0.0,71.3,70,0.0,81.3,58,0.0,68.6,50,0.0,62.0,82,20.0,80.7,52,0.0,79.4,48,0.0,74.3,88,13.7,48.9,72,23.1,70.7,80,9.3,93.4,6.6,74.92,Low Gap,Not Placed,2025-12-04 00:00:00
STU0924,KL University,Male,2026,Full Stack Developer,,74.5,2,3,2.0,1,C#,48.9,82,33.1,64.0,76,12.0,71.8,70,0.0,98.0,88,0.0,85.9,62,0.0,87.2,50,0.0,70.2,42,0.0,63.5,58,0.0,74.8,74,0.0,58.5,80,21.5,93.35,6.65,84.19,Low Gap,Placed,2025-03-07 00:00:00
STU0925,SRM University,Male,2026,Data Analyst,7.78,82.6,2,2,0.0,1,JavaScript,71.8,72,0.2,60.5,65,4.5,78.7,78,0.0,64.2,62,0.0,71.8,55,0.0,63.4,78,14.6,75.6,35,0.0,68.9,40,0.0,79.6,75,0.0,66.1,72,5.9,97.48,2.52,80.38,Low Gap,Placed,2026-01-16 00:00:00
STU0926,SRM University,Male,2026,Data Analyst,7.46,55.3,3,4,2.0,0,C++,98.0,72,0.0,98.0,65,0.0,98.0,78,0.0,69.6,62,0.0,98.0,55,0.0,87.1,78,0.0,89.8,35,0.0,78.4,40,0.0,68.0,75,7.0,98.0,72,0.0,99.3,0.7,97.17,Low Gap,Placed,2026-07-22 00:00:00
STU0927,SRM University,Female,2026,Data Scientist,8.5,75.2,1,4,0.0,0,JavaScript,92.1,78,0.0,95.4,75,0.0,87.1,72,0.0,69.8,55,0.0,79.0,52,0.0,61.2,88,26.8,89.0,40,0.0,77.7,45,0.0,84.4,75,0.0,93.4,82,0.0,97.32,2.68,81.67,Low Gap,Placed,2026-01-09 00:00:00
STU0928,GITAM University,Female,2025,Cloud Engineer,8.03,74.9,1,4,0.0,1,Python,78.6,70,0.0,66.7,68,1.3,80.4,62,0.0,83.9,55,0.0,71.4,88,16.6,74.8,58,0.0,67.1,45,0.0,80.8,82,1.2,75.2,70,0.0,75.9,76,0.1,98.08,1.92,81.28,Low Gap,Not Placed,2025-03-13 00:00:00
STU0929,GITAM University,Female,2027,Software Developer,9.61,81.8,3,4,0.0,0,C++,98.0,80,0.0,98.0,78,0.0,98.0,72,0.0,83.0,68,0.0,,60,0.0,98.0,55,0.0,96.8,45,0.0,92.0,50,0.0,77.9,72,0.0,98.0,78,0.0,100.0,0.0,95.9,Low Gap,Not Placed,2025-02-02 00:00:00
STU0930,GITAM University,Female,2026,Data Analyst,7.89,81.6,0,1,0.0,3,C++,92.6,72,0.0,67.7,65,0.0,64.5,78,13.5,56.4,62,5.6,63.1,55,0.0,45.7,78,32.3,72.2,35,0.0,81.0,40,0.0,88.3,75,0.0,82.5,72,0.0,94.87,5.13,70.61,Low Gap,Placed,2025-05-29 00:00:00
STU0931,Vignan University,Male,2025,Data Analyst,8.18,95.6,2,4,0.0,0,Java,93.1,72,0.0,75.8,65,0.0,98.0,78,0.0,91.6,62,0.0,98.0,55,0.0,98.0,78,0.0,89.1,35,0.0,89.7,40,0.0,78.4,75,0.0,93.6,72,0.0,100.0,0.0,90.16,Low Gap,Placed,2026-02-07 00:00:00
STU0932,SRM University,Male,2025,Full Stack Developer,8.46,85.8,0,3,2.0,1,Java,62.9,82,19.1,48.2,76,27.8,76.3,70,0.0,74.1,88,13.9,74.8,62,0.0,68.1,50,0.0,94.0,42,0.0,79.8,58,0.0,92.4,74,0.0,62.2,80,17.8,92.14,7.86,73.95,Low Gap,Placed,2026-06-06 00:00:00
STU0933,KL University,Female,2026,DevOps Engineer,8.7,61.2,1,2,2.0,0,C#,91.5,72,0.0,98.0,70,0.0,68.8,58,0.0,92.5,50,0.0,57.4,82,24.6,98.0,52,0.0,68.2,48,0.0,73.3,88,14.7,91.1,72,0.0,98.0,80,0.0,96.07,3.93,80.33,Low Gap,Not Placed,2026-03-25 00:00:00
STU0934,GITAM University,Other,2027,Full Stack Developer,6.62,83.9,0,4,0.0,2,Java,60.4,82,21.6,48.3,76,27.7,50.2,70,19.8,64.2,88,23.8,70.4,62,0.0,62.4,50,0.0,41.2,42,0.8,91.5,58,0.0,65.6,74,8.4,44.8,80,35.2,86.25,13.75,67.77,Moderate Gap,Placed,2026-02-18 00:00:00
STU0935,Andhra University,Female,2027,DevOps Engineer,7.03,81.7,1,3,0.0,1,C++,71.1,72,0.9,57.9,70,12.1,68.9,58,0.0,67.6,50,0.0,59.1,82,22.9,82.4,52,0.0,81.0,48,0.0,70.9,88,17.1,85.9,72,0.0,62.0,80,18.0,92.89,7.11,75.5,Low Gap,Placed,2025-08-18 00:00:00
STU0936,JNTU Kakinada,Female,2025,DevOps Engineer,7.31,78.1,1,2,1.0,1,JavaScript,68.0,72,4.0,70.8,70,0.0,56.3,58,1.7,77.9,50,0.0,85.0,82,0.0,84.7,52,0.0,55.5,48,0.0,76.5,88,11.5,72.2,72,0.0,66.1,80,13.9,96.9,3.1,77.0,Low Gap,Placed,2025-11-08 00:00:00
STU0937,Vignan University,Female,2026,Software Developer,8.97,92.4,1,3,1.0,0,C++,90.7,80,0.0,85.0,78,0.0,69.4,72,2.6,92.4,68,0.0,93.3,60,0.0,98.0,55,0.0,80.3,45,0.0,63.2,50,0.0,70.1,72,1.9,88.6,78,0.0,99.55,0.45,82.23,Low Gap,Placed,2026-03-05 00:00:00
STU0938,Andhra University,Male,2025,Cloud Engineer,8.55,86.8,1,2,2.0,0,Python,62.3,70,7.7,72.6,68,0.0,64.1,62,0.0,81.7,55,0.0,90.7,88,0.0,80.3,58,0.0,94.3,45,0.0,71.6,82,10.4,78.5,70,0.0,58.5,76,17.5,96.44,3.56,78.04,Low Gap,Not Placed,2026-06-08 00:00:00
STU0939,Vignan University,Male,2027,Data Scientist,7.77,63.1,2,3,0.0,0,C++,63.5,78,14.5,66.3,75,8.7,81.9,72,0.0,93.4,55,0.0,84.7,52,0.0,65.9,88,22.1,98.0,40,0.0,69.0,45,0.0,68.6,75,6.4,71.2,82,10.8,93.74,6.26,81.06,Low Gap,Placed,2025-12-03 00:00:00
STU0940,GITAM University,Female,2027,DevOps Engineer,,88.0,0,1,1.0,0,Python,79.6,72,0.0,79.7,70,0.0,89.5,58,0.0,67.9,50,0.0,77.9,82,4.1,86.9,52,0.0,95.1,48,0.0,75.6,88,12.4,85.4,72,0.0,73.8,80,6.2,97.72,2.28,71.81,Low Gap,Placed,2025-11-06 00:00:00
STU0941,GITAM University,Male,2025,Full Stack Developer,8.0,82.1,1,4,2.0,1,JavaScript,90.9,82,0.0,98.0,76,0.0,64.1,70,5.9,87.5,88,0.5,93.4,62,0.0,63.0,50,0.0,87.3,42,0.0,82.4,58,0.0,49.3,74,24.7,95.4,80,0.0,96.89,3.11,85.44,Low Gap,Placed,2025-09-16 00:00:00
STU0942,SRM University,Female,2025,DevOps Engineer,7.97,80.8,1,5,1.0,1,Python,58.3,72,13.7,59.4,70,10.6,94.5,58,0.0,70.7,50,0.0,94.1,82,0.0,94.4,52,0.0,85.5,48,0.0,79.7,88,8.3,66.2,72,5.8,38.7,80,41.3,92.03,7.97,81.65,Low Gap,Placed,2025-04-01 00:00:00
STU0943,SRM University,Male,2026,Full Stack Developer,9.2,,2,4,0.0,0,C#,91.6,82,0.0,98.0,76,0.0,81.8,70,0.0,90.2,88,0.0,80.2,62,0.0,86.6,50,0.0,84.6,42,0.0,73.4,58,0.0,88.3,74,0.0,92.6,80,0.0,100.0,0.0,89.02,Low Gap,Placed,2025-08-07 00:00:00
STU0944,GITAM University,Male,2027,Data Analyst,,94.2,1,3,2.0,0,Python,73.1,72,0.0,71.2,65,0.0,53.0,78,25.0,69.2,62,0.0,,55,0.0,74.9,78,3.1,70.9,35,0.0,65.4,40,0.0,53.8,75,21.2,77.6,72,0.0,95.07,4.93,76.99,Low Gap,Placed,2026-01-28 00:00:00
STU0945,GITAM University,Male,2025,Cloud Engineer,7.92,87.2,0,3,1.0,0,C#,71.8,70,0.0,73.2,68,0.0,72.2,62,0.0,71.1,55,0.0,78.0,88,10.0,,58,0.0,83.1,45,0.0,97.2,82,0.0,70.8,70,0.0,83.5,76,0.0,99.0,1.0,75.19,Low Gap,Not Placed,2026-02-04 00:00:00
STU0946,Andhra University,Male,2026,Software Developer,8.14,92.4,0,3,1.0,1,C#,66.7,80,13.3,58.7,78,19.3,81.4,72,0.0,80.1,68,0.0,91.9,60,0.0,69.1,55,0.0,84.1,45,0.0,88.3,50,0.0,75.5,72,0.0,55.6,78,22.4,94.5,5.5,74.07,Low Gap,Placed,2025-11-16 00:00:00
STU0947,GITAM University,Female,2025,DevOps Engineer,6.97,82.2,1,1,0.0,0,Java,58.6,72,13.4,67.3,70,2.7,63.2,58,0.0,61.4,50,0.0,78.9,82,3.1,75.5,52,0.0,68.9,48,0.0,60.7,88,27.3,52.7,72,19.3,67.3,80,12.7,92.16,7.84,68.11,Low Gap,Not Placed,2026-01-31 00:00:00
STU0948,SRM University,Female,2027,Software Developer,7.66,81.6,0,4,4.0,1,Java,79.3,80,0.7,90.4,78,0.0,68.9,72,3.1,83.5,68,0.0,75.5,60,0.0,89.5,55,0.0,76.9,45,0.0,68.0,50,0.0,,72,0.0,81.7,78,0.0,99.62,0.38,84.0,Low Gap,Placed,2025-06-17 00:00:00
STU0949,GITAM University,Other,2025,Data Scientist,6.87,75.1,1,4,1.0,0,JavaScript,64.6,78,13.4,66.9,75,8.1,90.9,72,0.0,49.6,55,5.4,64.4,52,0.0,74.5,88,13.5,71.9,40,0.0,87.9,45,0.0,73.5,75,1.5,61.0,82,21.0,93.71,6.29,77.83,Low Gap,Placed,2026-03-12 00:00:00
STU0950,GITAM University,Female,2027,Cloud Engineer,7.92,75.2,3,3,2.0,2,Python,87.4,70,0.0,84.4,68,0.0,91.1,62,0.0,78.8,55,0.0,85.1,88,2.9,72.0,58,0.0,98.0,45,0.0,70.1,82,11.9,81.4,70,0.0,92.2,76,0.0,98.52,1.48,96.55,Low Gap,Placed,2026-01-26 00:00:00
STU0951,JNTU Kakinada,Male,2025,Full Stack Developer,7.68,77.4,1,3,0.0,1,C#,53.3,82,28.7,63.6,76,12.4,77.3,70,0.0,59.0,88,29.0,64.8,62,0.0,85.8,50,0.0,71.1,42,0.0,68.2,58,0.0,64.5,74,9.5,55.5,80,24.5,89.59,10.41,72.71,Moderate Gap,Not Placed,2025-10-29 00:00:00
STU0952,SRM University,Female,2027,Full Stack Developer,7.61,78.0,1,1,1.0,0,JavaScript,59.7,82,22.3,53.8,76,22.2,62.8,70,7.2,69.2,88,18.8,73.2,62,0.0,75.3,50,0.0,67.1,42,0.0,90.6,58,0.0,85.7,74,0.0,65.9,80,14.1,91.54,8.46,70.79,Low Gap,Placed,2025-01-14 00:00:00
STU0953,JNTU Kakinada,Male,2026,Full Stack Developer,6.42,80.7,1,2,1.0,0,JavaScript,64.2,82,17.8,74.7,76,1.3,81.1,70,0.0,86.9,88,1.1,61.6,62,0.4,68.0,50,0.0,59.1,42,0.0,51.3,58,6.7,53.7,74,20.3,72.4,80,7.6,94.49,5.51,73.21,Low Gap,Placed,2026-06-05 00:00:00
STU0954,SRM University,Male,2025,Software Developer,6.91,70.9,0,1,0.0,3,C#,78.1,80,1.9,75.2,78,2.8,80.5,72,0.0,61.3,68,6.7,66.3,60,0.0,48.0,55,7.0,71.2,45,0.0,46.5,50,3.5,63.3,72,8.7,84.2,78,0.0,96.94,3.06,70.36,Low Gap,Placed,2026-03-22 00:00:00
STU0955,SRM University,Female,2027,Data Analyst,6.76,98.5,0,5,0.0,1,C++,69.2,72,2.8,77.7,65,0.0,75.6,78,2.4,57.0,62,5.0,76.4,55,0.0,82.9,78,0.0,80.8,35,0.0,76.0,40,0.0,55.9,75,19.1,71.8,72,0.2,97.04,2.96,76.86,Low Gap,Placed,2026-06-21 00:00:00
STU0956,Vignan University,Female,2027,Data Scientist,7.89,83.0,1,4,0.0,1,JavaScript,71.9,78,6.1,76.3,75,0.0,82.1,72,0.0,54.3,55,0.7,83.1,52,0.0,98.0,88,0.0,94.0,40,0.0,80.8,45,0.0,66.0,75,9.0,72.2,82,9.8,97.44,2.56,81.7,Low Gap,Placed,2025-11-20 00:00:00
STU0957,JNTU Kakinada,Male,2025,Data Analyst,7.95,87.0,1,4,2.0,1,C#,63.2,72,8.8,97.4,65,0.0,78.1,78,0.0,88.4,62,0.0,77.6,55,0.0,73.1,78,4.9,87.3,35,0.0,94.0,40,0.0,83.9,75,0.0,88.7,72,0.0,98.63,1.37,86.84,Low Gap,Placed,2026-03-18 00:00:00
STU0958,JNTU Kakinada,Male,2027,Software Developer,7.32,84.9,2,3,2.0,3,JavaScript,70.3,80,9.7,82.6,78,0.0,63.2,72,8.8,64.0,68,4.0,75.2,60,0.0,88.4,55,0.0,86.7,45,0.0,93.1,50,0.0,73.9,72,0.0,85.8,78,0.0,97.76,2.24,90.99,Low Gap,Placed,2026-04-21 00:00:00
STU0959,JNTU Kakinada,Female,2025,Data Scientist,7.75,80.1,1,3,4.0,2,Python,76.2,78,1.8,80.1,75,0.0,79.8,72,0.0,79.1,55,0.0,68.1,52,0.0,80.3,88,7.7,95.8,40,0.0,81.9,45,0.0,70.8,75,4.2,76.5,82,5.5,98.08,1.92,87.8,Low Gap,Placed,2026-02-18 00:00:00
STU0960,SRM University,Male,2027,Full Stack Developer,7.11,,2,5,3.0,1,JavaScript,66.1,82,15.9,79.7,76,0.0,79.2,70,0.0,87.4,88,0.6,81.4,62,0.0,77.5,50,0.0,84.0,42,0.0,98.0,58,0.0,75.7,74,0.0,69.2,80,10.8,97.27,2.73,93.72,Low Gap,Placed,2026-01-06 00:00:00
STU0961,KL University,Male,2025,Full Stack Developer,6.84,89.0,2,1,2.0,0,Python,75.3,82,6.7,83.3,76,0.0,94.6,70,0.0,65.6,88,22.4,85.5,62,0.0,77.1,50,0.0,55.8,42,0.0,64.4,58,0.0,60.7,74,13.3,77.8,80,2.2,95.54,4.46,80.19,Low Gap,Placed,2025-10-31 00:00:00
STU0962,Andhra University,Male,2026,Data Scientist,7.62,78.6,2,4,0.0,2,Java,80.0,78,0.0,82.8,75,0.0,66.5,72,5.5,86.5,55,0.0,88.7,52,0.0,91.5,88,0.0,62.7,40,0.0,82.7,45,0.0,58.8,75,16.2,86.8,82,0.0,97.83,2.17,88.63,Low Gap,Placed,2025-08-18 00:00:00
STU0963,KL University,Female,2026,Cloud Engineer,8.95,86.9,2,3,2.0,0,C#,80.9,70,0.0,71.0,68,0.0,84.1,62,0.0,86.9,55,0.0,98.0,88,0.0,72.4,58,0.0,80.8,45,0.0,90.6,82,0.0,69.4,70,0.6,63.7,76,12.3,98.71,1.29,87.35,Low Gap,Placed,2025-08-04 00:00:00
STU0964,Andhra University,Female,2025,Data Analyst,7.25,66.8,3,3,1.0,0,Java,73.5,72,0.0,81.1,65,0.0,72.9,78,5.1,94.0,62,0.0,49.3,55,5.7,64.3,78,13.7,79.6,35,0.0,79.0,40,0.0,82.2,75,0.0,69.2,72,2.8,97.27,2.73,88.62,Low Gap,Placed,2025-06-28 00:00:00
STU0965,Andhra University,Female,2025,DevOps Engineer,7.46,75.0,0,3,2.0,0,JavaScript,57.6,72,14.4,48.8,70,21.2,87.4,58,0.0,87.6,50,0.0,80.9,82,1.1,54.2,52,0.0,52.3,48,0.0,57.4,88,30.6,78.1,72,0.0,58.6,80,21.4,91.13,8.87,69.9,Low Gap,Placed,2025-06-11 00:00:00
STU0966,KL University,Male,2025,DevOps Engineer,7.84,78.8,1,2,0.0,0,C#,73.2,72,0.0,71.3,70,0.0,85.2,58,0.0,77.2,50,0.0,63.8,82,18.2,61.6,52,0.0,60.1,48,0.0,68.1,88,19.9,83.4,72,0.0,76.2,80,3.8,95.82,4.18,73.72,Low Gap,Not Placed,2025-02-23 00:00:00
STU0967,SRM University,Male,2026,Data Analyst,8.6,85.2,1,4,1.0,1,C++,78.5,72,0.0,72.8,65,0.0,90.9,78,0.0,57.9,62,4.1,68.1,55,0.0,70.1,78,7.9,71.8,35,0.0,74.0,40,0.0,,75,0.0,86.5,72,0.0,98.8,1.2,82.89,Low Gap,Placed,2025-06-03 00:00:00
STU0968,SRM University,Female,2025,Data Scientist,7.43,73.4,0,4,3.0,0,C#,75.2,78,2.8,67.2,75,7.8,72.8,72,0.0,53.2,55,1.8,62.3,52,0.0,82.8,88,5.2,65.7,40,0.0,62.5,45,0.0,77.6,75,0.0,51.8,82,30.2,95.23,4.77,75.49,Low Gap,Not Placed,2025-10-08 00:00:00
STU0969,SRM University,Female,2027,DevOps Engineer,6.92,83.4,1,3,2.0,2,C#,91.6,72,0.0,93.5,70,0.0,74.4,58,0.0,65.4,50,0.0,73.1,82,8.9,93.0,52,0.0,83.8,48,0.0,75.8,88,12.2,73.8,72,0.0,98.0,80,0.0,97.89,2.11,85.73,Low Gap,Placed,2025-05-31 00:00:00
STU0970,Vignan University,Male,2025,Cloud Engineer,8.29,82.3,2,2,0.0,2,JavaScript,86.6,70,0.0,81.7,68,0.0,74.1,62,0.0,81.9,55,0.0,75.4,88,12.6,85.1,58,0.0,94.7,45,0.0,73.3,82,8.7,54.2,70,15.8,81.4,76,0.0,96.29,3.71,83.98,Low Gap,Placed,2026-01-02 00:00:00
STU0971,Andhra University,Male,2025,Software Developer,7.73,96.0,1,3,0.0,0,JavaScript,64.1,80,15.9,79.5,78,0.0,76.4,72,0.0,82.8,68,0.0,63.5,60,0.0,71.8,55,0.0,56.0,45,0.0,67.7,50,0.0,77.7,72,0.0,78.9,78,0.0,98.41,1.59,76.83,Low Gap,Placed,2025-10-12 00:00:00
STU0972,SRM University,Female,2025,Data Scientist,8.67,75.2,3,5,4.0,1,C#,89.2,78,0.0,98.0,75,0.0,95.1,72,0.0,98.0,55,0.0,83.7,52,0.0,98.0,88,0.0,93.1,40,0.0,72.9,45,0.0,79.6,75,0.0,96.8,82,0.0,100.0,0.0,100.0,Low Gap,Placed,2025-05-21 00:00:00
STU0973,JNTU Kakinada,Male,2026,Data Analyst,7.46,77.7,1,2,1.0,0,C++,81.5,72,0.0,74.4,65,0.0,90.8,78,0.0,67.6,62,0.0,66.9,55,0.0,66.3,78,11.7,67.4,35,0.0,63.3,40,0.0,93.1,75,0.0,86.7,72,0.0,98.83,1.17,77.72,Low Gap,Placed,2025-02-23 00:00:00
STU0974,SRM University,Male,2025,DevOps Engineer,8.53,94.2,2,4,2.0,0,JavaScript,94.1,72,0.0,96.1,70,0.0,92.0,58,0.0,98.0,50,0.0,98.0,82,0.0,95.6,52,0.0,73.2,48,0.0,96.4,88,0.0,77.9,72,0.0,98.0,80,0.0,100.0,0.0,93.58,Low Gap,Placed,2026-03-10 00:00:00
STU0975,KL University,Female,2027,Software Developer,7.57,81.2,1,3,0.0,1,C++,81.4,80,0.0,82.8,78,0.0,66.9,72,5.1,53.8,68,14.2,79.9,60,0.0,58.8,55,0.0,69.9,45,0.0,72.8,50,0.0,91.7,72,0.0,73.4,78,4.6,97.6,2.4,78.36,Low Gap,Not Placed,2025-04-02 00:00:00
STU0976,KL University,Male,2025,Data Analyst,6.77,79.2,2,5,1.0,1,C#,88.3,72,0.0,72.3,65,0.0,78.1,78,0.0,64.9,62,0.0,92.6,55,0.0,98.0,78,0.0,63.0,35,0.0,88.7,40,0.0,72.0,75,3.0,85.7,72,0.0,99.7,0.3,91.97,Low Gap,Placed,2025-10-05 00:00:00
STU0977,JNTU Kakinada,Female,2025,Cloud Engineer,8.13,76.9,0,5,1.0,0,C#,74.0,70,0.0,68.5,68,0.0,91.7,62,0.0,45.4,55,9.6,75.4,88,12.6,86.9,58,0.0,86.4,45,0.0,68.1,82,13.9,69.8,70,0.2,69.1,76,6.9,95.68,4.32,76.61,Low Gap,Not Placed,2025-11-14 00:00:00
STU0978,JNTU Kakinada,Male,2026,Full Stack Developer,8.69,80.6,0,3,3.0,2,Java,98.0,82,0.0,93.2,76,0.0,90.0,70,0.0,65.7,88,22.3,73.6,62,0.0,81.7,50,0.0,79.4,42,0.0,97.1,58,0.0,73.6,74,0.4,98.0,80,0.0,97.73,2.27,82.99,Low Gap,Placed,2025-02-24 00:00:00
STU0979,SRM University,Male,2027,Cloud Engineer,6.8,92.7,0,3,0.0,2,Java,97.6,70,0.0,81.7,68,0.0,56.1,62,5.9,77.7,55,0.0,86.5,88,1.5,67.1,58,0.0,58.0,45,0.0,67.7,82,14.3,53.2,70,16.8,95.8,76,0.0,96.16,3.84,74.52,Low Gap,Not Placed,2026-07-15 00:00:00
STU0980,JNTU Kakinada,Female,2026,Data Analyst,8.09,98.7,0,1,3.0,1,Java,67.6,72,4.4,72.6,65,0.0,61.2,78,16.8,97.4,62,0.0,86.5,55,0.0,86.6,78,0.0,62.7,35,0.0,91.4,40,0.0,79.4,75,0.0,75.9,72,0.0,97.89,2.11,75.49,Low Gap,Placed,2025-02-05 00:00:00
STU0981,JNTU Kakinada,Female,2025,DevOps Engineer,6.51,99.5,0,4,0.0,1,JavaScript,54.4,72,17.6,39.6,70,30.4,70.9,58,0.0,69.1,50,0.0,54.4,82,27.6,64.9,52,0.0,52.8,48,0.0,76.3,88,11.7,,72,11.4,44.9,80,35.1,86.61,13.39,66.11,Moderate Gap,Not Placed,2025-09-21 00:00:00
STU0982,GITAM University,Female,2026,DevOps Engineer,7.85,88.3,0,3,2.0,2,C#,64.4,72,7.6,54.6,70,15.4,76.9,58,0.0,98.0,50,0.0,77.6,82,4.4,81.1,52,0.0,79.2,48,0.0,62.7,88,25.3,69.8,72,2.2,56.0,80,24.0,92.12,7.88,75.07,Low Gap,Not Placed,2025-05-26 00:00:00
STU0983,Vignan University,Male,2026,Cloud Engineer,8.24,85.4,3,2,1.0,0,Java,91.3,70,0.0,90.1,68,0.0,80.6,62,0.0,93.4,55,0.0,75.5,88,12.5,68.1,58,0.0,84.1,45,0.0,92.3,82,0.0,70.2,70,0.0,97.8,76,0.0,98.75,1.25,90.24,Low Gap,Placed,2025-08-12 00:00:00
STU0984,Andhra University,Male,2026,Data Analyst,,,0,3,1.0,1,Python,70.7,72,1.3,81.9,65,0.0,63.5,78,14.5,75.6,62,0.0,65.8,55,0.0,65.3,78,12.7,68.4,35,0.0,73.9,40,0.0,81.0,75,0.0,64.6,72,7.4,96.4,3.6,73.7,Low Gap,Placed,2025-08-31 00:00:00
STU0985,Vignan University,Male,2027,Data Analyst,7.43,84.7,3,2,2.0,2,C++,68.7,72,3.3,66.7,65,0.0,78.1,78,0.0,87.9,62,0.0,70.0,55,0.0,83.9,78,0.0,98.0,35,0.0,49.7,40,0.0,64.0,75,11.0,73.5,72,0.0,98.57,1.43,91.57,Low Gap,Not Placed,2025-07-26 00:00:00
STU0986,SRM University,Male,2026,Data Scientist,8.34,72.9,1,2,,1,Java,82.1,78,0.0,89.8,75,0.0,65.2,72,6.8,57.4,55,0.0,71.6,52,0.0,73.5,88,14.5,48.4,40,0.0,66.3,45,0.0,82.8,75,0.0,75.0,82,7.0,97.16,2.84,77.08,Low Gap,Placed,2026-03-08 00:00:00
STU0987,KL University,Female,2025,DevOps Engineer,6.78,79.0,1,4,2.0,0,JavaScript,82.0,72,0.0,63.5,70,6.5,72.0,58,0.0,85.5,50,0.0,93.5,82,0.0,94.9,52,0.0,91.1,48,0.0,66.5,88,21.5,84.6,72,0.0,73.5,80,6.5,96.54,3.46,83.65,Low Gap,Not Placed,2026-05-02 00:00:00
STU0988,SRM University,Female,2027,Data Scientist,8.13,84.7,2,3,2.0,1,Python,69.9,78,8.1,76.1,75,0.0,59.6,72,12.4,86.4,55,0.0,66.3,52,0.0,91.2,88,0.0,92.4,40,0.0,73.8,45,0.0,65.9,75,9.1,72.4,82,9.6,96.09,3.91,86.36,Low Gap,Placed,2025-05-17 00:00:00
STU0989,Andhra University,Male,2025,Cloud Engineer,7.14,88.1,1,3,2.0,0,C#,75.3,70,0.0,60.6,68,7.4,63.3,62,0.0,63.2,55,0.0,91.8,88,0.0,80.2,58,0.0,62.2,45,0.0,51.4,82,30.6,76.7,70,0.0,67.7,76,8.3,95.37,4.63,77.69,Low Gap,Placed,2026-03-03 00:00:00
STU0990,KL University,Female,2026,Cloud Engineer,7.53,88.1,0,5,2.0,1,Python,77.3,70,0.0,93.0,68,0.0,69.7,62,0.0,73.1,55,0.0,98.0,88,0.0,70.7,58,0.0,76.0,45,0.0,80.7,82,1.3,68.8,70,1.2,86.8,76,0.0,99.75,0.25,83.21,Low Gap,Placed,2025-05-15 00:00:00
STU0991,SRM University,Male,2026,Cloud Engineer,7.0,84.4,1,3,1.0,2,Java,72.1,70,0.0,74.8,68,0.0,85.5,62,0.0,65.5,55,0.0,52.2,88,35.8,71.5,58,0.0,85.2,45,0.0,88.2,82,0.0,68.2,70,1.8,78.8,76,0.0,96.23,3.77,81.06,Low Gap,Placed,2026-02-11 00:00:00
STU0992,JNTU Kakinada,Male,2025,DevOps Engineer,6.18,,2,5,1.0,1,Python,83.1,72,0.0,65.7,70,4.3,72.2,58,0.0,61.1,50,0.0,81.2,82,0.8,89.6,52,0.0,75.3,48,0.0,57.3,88,30.7,66.9,72,5.1,73.2,80,6.8,95.24,4.76,87.63,Low Gap,Placed,2025-09-27 00:00:00
STU0993,GITAM University,Male,2025,Software Developer,7.89,85.9,1,4,0.0,1,Java,80.6,80,0.0,90.3,78,0.0,84.1,72,0.0,74.7,68,0.0,73.6,60,0.0,68.2,55,0.0,90.2,45,0.0,70.7,50,0.0,70.4,72,1.6,70.2,78,7.8,99.06,0.94,82.26,Low Gap,Placed,2026-03-29 00:00:00
STU0994,JNTU Kakinada,Male,2027,Cloud Engineer,7.13,75.4,2,2,0.0,0,Python,75.7,70,0.0,73.6,68,0.0,89.0,62,0.0,78.1,55,0.0,70.1,88,17.9,58.7,58,0.0,66.7,45,0.0,60.7,82,21.3,71.0,70,0.0,89.1,76,0.0,96.08,3.92,79.21,Low Gap,Placed,2026-03-06 00:00:00
STU0995,SRM University,Male,2026,DevOps Engineer,8.62,78.7,1,3,0.0,0,Java,68.0,72,4.0,61.2,70,8.8,75.4,58,0.0,67.8,50,0.0,61.8,82,20.2,,52,0.0,69.0,48,0.0,98.0,88,0.0,77.3,72,0.0,63.5,80,16.5,95.05,4.95,75.38,Low Gap,Placed,2026-03-23 00:00:00
STU0996,GITAM University,Male,2025,DevOps Engineer,8.09,79.2,1,3,1.0,2,Python,78.9,72,0.0,76.7,70,0.0,84.8,58,0.0,93.1,50,0.0,75.4,82,6.6,68.9,52,0.0,64.7,48,0.0,57.0,88,31.0,67.8,72,4.2,81.6,80,0.0,95.83,4.17,81.09,Low Gap,Placed,2025-10-05 00:00:00
STU0997,JNTU Kakinada,Male,2027,Data Analyst,8.97,93.5,0,3,2.0,2,C#,92.2,72,0.0,89.9,65,0.0,86.0,78,0.0,70.2,62,0.0,90.0,55,0.0,65.8,78,12.2,73.6,35,0.0,88.3,40,0.0,67.0,75,8.0,90.9,72,0.0,97.98,2.02,80.5,Low Gap,Placed,2025-09-26 00:00:00
STU0998,SRM University,Female,2027,Full Stack Developer,7.3,79.8,0,2,2.0,0,JavaScript,72.6,82,9.4,73.6,76,2.4,85.4,70,0.0,84.9,88,3.1,67.2,62,0.0,84.2,50,0.0,64.2,42,0.0,71.4,58,0.0,53.2,74,20.8,76.7,80,3.3,96.1,3.9,72.25,Low Gap,Placed,2025-03-26 00:00:00
STU0999,Vignan University,Male,2025,Software Developer,8.15,77.3,1,4,1.0,0,C++,60.1,80,19.9,62.8,78,15.2,73.0,72,0.0,81.5,68,0.0,62.8,60,0.0,70.9,55,0.0,73.3,45,0.0,77.8,50,0.0,74.2,72,0.0,58.3,78,19.7,94.52,5.48,77.88,Low Gap,Placed,2025-10-30 00:00:00
STU1000,Vignan University,Female,2027,Data Analyst,8.03,85.7,0,3,0.0,0,C++,71.2,72,0.8,58.6,65,6.4,84.7,78,0.0,72.2,62,0.0,76.3,55,0.0,65.7,78,12.3,72.5,35,0.0,44.6,40,0.0,78.4,75,0.0,58.3,72,13.7,96.68,3.32,69.98,Low Gap,Placed,2025-09-20 00:00:00
STU1001,SRM University,Female,2026,Cloud Engineer,8.19,62.1,0,3,4.0,3,Java,69.1,70,0.9,80.8,68,0.0,59.9,62,2.1,77.7,55,0.0,81.3,88,6.7,82.5,58,0.0,84.0,45,0.0,82.4,82,0.0,78.4,70,0.0,66.6,76,9.4,98.09,1.91,83.52,Low Gap,Not Placed,2025-06-30 00:00:00
STU1002,JNTU Kakinada,Other,2026,Cloud Engineer,7.06,82.5,2,4,0.0,2,C++,76.4,70,0.0,82.1,68,0.0,72.6,62,0.0,82.6,55,0.0,77.8,88,10.2,72.2,58,0.0,80.1,45,0.0,74.2,82,7.8,93.6,70,0.0,83.5,76,0.0,98.2,1.8,89.04,Low Gap,Placed,2025-10-23 00:00:00
STU1003,Andhra University,Male,2025,Data Scientist,7.48,76.9,1,4,1.0,1,C++,67.0,78,11.0,64.1,75,10.9,73.1,72,0.0,67.9,55,0.0,58.6,52,0.0,98.0,88,0.0,88.2,40,0.0,73.5,45,0.0,87.7,75,0.0,60.2,82,21.8,95.63,4.37,81.18,Low Gap,Placed,2025-04-10 00:00:00
STU1004,GITAM University,Female,2027,Data Analyst,8.81,87.6,1,3,1.0,0,Python,87.4,72,0.0,91.7,65,0.0,83.7,78,0.0,91.0,62,0.0,84.0,55,0.0,98.0,78,0.0,69.9,35,0.0,98.0,40,0.0,69.8,75,5.2,89.3,72,0.0,99.48,0.52,83.15,Low Gap,Placed,2026-05-08 00:00:00
STU1005,Andhra University,Male,2026,Data Scientist,7.29,69.3,1,5,0.0,0,Java,89.3,78,0.0,96.8,75,0.0,57.4,72,14.6,63.8,55,0.0,51.0,52,1.0,67.3,88,20.7,64.2,40,0.0,83.4,45,0.0,73.3,75,1.7,84.8,82,0.0,96.19,3.81,80.22,Low Gap,Placed,2025-12-26 00:00:00
STU1006,JNTU Kakinada,Male,2025,Full Stack Developer,6.45,77.2,1,3,0.0,2,JavaScript,67.4,82,14.6,48.7,76,27.3,91.1,70,0.0,64.7,88,23.3,76.1,62,0.0,75.7,50,0.0,52.9,42,0.0,44.9,58,13.1,53.0,74,21.0,65.2,80,14.8,88.59,11.41,73.06,Moderate Gap,Placed,2026-05-05 00:00:00
STU1007,Vignan University,Female,2027,Data Scientist,8.41,59.4,1,5,1.0,2,C#,59.0,78,19.0,59.2,75,15.8,55.9,72,16.1,98.0,55,0.0,68.8,52,0.0,91.6,88,0.0,92.1,40,0.0,79.3,45,0.0,61.0,75,14.0,65.7,82,16.3,91.88,8.12,82.76,Low Gap,Placed,2025-11-05 00:00:00
STU1008,KL University,Female,2027,Cloud Engineer,8.42,79.6,2,3,1.0,1,JavaScript,66.4,70,3.6,65.4,68,2.6,87.3,62,0.0,68.9,55,0.0,89.6,88,0.0,56.3,58,1.7,95.8,45,0.0,84.6,82,0.0,84.7,70,0.0,69.6,76,6.4,98.57,1.43,86.42,Low Gap,Placed,2025-09-30 00:00:00
STU1009,KL University,Female,2026,Cloud Engineer,6.21,79.4,1,1,1.0,0,Python,74.5,70,0.0,65.2,68,2.8,70.4,62,0.0,71.9,55,0.0,62.7,88,25.3,81.5,58,0.0,69.5,45,0.0,60.4,82,21.6,72.1,70,0.0,89.5,76,0.0,95.03,4.97,72.79,Low Gap,Placed,2025-03-30 00:00:00
STU1010,KL University,Male,2025,Data Scientist,5.49,96.9,1,2,3.0,1,C#,91.2,78,0.0,98.0,75,0.0,89.8,72,0.0,73.1,55,0.0,85.1,52,0.0,57.9,88,30.1,62.2,40,0.0,70.2,45,0.0,68.4,75,6.6,92.9,82,0.0,96.33,3.67,82.01,Low Gap,Placed,2026-07-04 00:00:00
STU1011,SRM University,Female,2025,DevOps Engineer,8.64,98.3,0,3,0.0,0,C#,55.9,72,16.1,65.9,70,4.1,58.8,58,0.0,81.1,50,0.0,90.1,82,0.0,75.3,52,0.0,59.3,48,0.0,62.1,88,25.9,98.0,72,0.0,61.0,80,19.0,93.48,6.52,69.29,Low Gap,Placed,2025-05-06 00:00:00
STU1012,JNTU Kakinada,Female,2025,Full Stack Developer,8.43,77.5,3,1,2.0,2,C++,84.8,82,0.0,75.3,76,0.7,70.7,70,0.0,98.0,88,0.0,90.7,62,0.0,87.3,50,0.0,89.1,42,0.0,96.3,58,0.0,67.1,74,6.9,80.0,80,0.0,99.24,0.76,92.83,Low Gap,Placed,2026-03-16 00:00:00
STU1013,KL University,Male,2026,Software Developer,7.52,84.3,1,4,1.0,0,Java,87.3,80,0.0,75.1,78,2.9,88.7,72,0.0,48.2,68,19.8,,60,0.0,68.0,55,0.0,90.6,45,0.0,54.7,50,0.0,90.1,72,0.0,75.4,78,2.6,97.47,2.53,81.64,Low Gap,Placed,2025-01-28 00:00:00
STU1014,Andhra University,Male,2026,Cloud Engineer,7.33,94.2,2,3,1.0,0,Python,65.2,70,4.8,56.4,68,11.6,56.5,62,5.5,72.1,55,0.0,98.0,88,0.0,82.2,58,0.0,84.1,45,0.0,82.4,82,0.0,76.3,70,0.0,60.0,76,16.0,96.2,3.8,82.78,Low Gap,Placed,2026-02-11 00:00:00
STU1015,Vignan University,Male,2026,Full Stack Developer,6.94,72.1,1,2,2.0,2,JavaScript,80.6,82,1.4,89.6,76,0.0,44.8,70,25.2,76.8,88,11.2,71.5,62,0.0,71.3,50,0.0,67.8,42,0.0,62.7,58,0.0,43.2,74,30.8,81.6,80,0.0,93.15,6.85,77.61,Low Gap,Placed,2025-09-12 00:00:00
STU1016,Andhra University,Male,2025,Full Stack Developer,7.69,74.7,2,2,2.0,1,Python,77.2,82,4.8,68.3,76,7.7,80.3,70,0.0,78.5,88,9.5,68.4,62,0.0,65.0,50,0.0,76.4,42,0.0,73.9,58,0.0,78.0,74,0.0,70.9,80,9.1,96.89,3.11,84.21,Low Gap,Placed,2025-05-28 00:00:00
STU1017,JNTU Kakinada,Male,2025,Full Stack Developer,6.53,74.7,2,3,1.0,0,Python,60.7,82,21.3,68.3,76,7.7,54.3,70,15.7,57.3,88,30.7,72.0,62,0.0,65.1,50,0.0,68.1,42,0.0,77.4,58,0.0,56.4,74,17.6,50.3,80,29.7,87.72,12.28,75.87,Moderate Gap,Placed,2025-01-30 00:00:00
STU1018,SRM University,Male,2027,Data Analyst,8.98,73.1,0,3,0.0,0,C#,71.8,72,0.2,46.2,65,18.8,86.5,78,0.0,74.2,62,0.0,62.6,55,0.0,89.1,78,0.0,91.8,35,0.0,79.5,40,0.0,90.7,75,0.0,54.8,72,17.2,96.38,3.62,71.79,Low Gap,Placed,2026-02-01 00:00:00
STU1019,Vignan University,Female,2025,Cloud Engineer,8.41,87.6,0,3,0.0,1,C#,86.7,70,0.0,84.3,68,0.0,81.0,62,0.0,73.5,55,0.0,67.7,88,20.3,73.2,58,0.0,87.4,45,0.0,60.1,82,21.9,53.8,70,16.2,80.7,76,0.0,94.16,5.84,72.33,Low Gap,Placed,2025-11-25 00:00:00
STU1020,JNTU Kakinada,Female,2027,Cloud Engineer,6.76,76.3,1,4,0.0,0,C#,97.7,70,0.0,98.0,68,0.0,65.6,62,0.0,91.5,55,0.0,71.2,88,16.8,80.5,58,0.0,64.3,45,0.0,67.4,82,14.6,72.9,70,0.0,93.0,76,0.0,96.86,3.14,80.65,Low Gap,Placed,2025-08-22 00:00:00
STU1021,GITAM University,Female,2027,Software Developer,8.76,81.1,1,5,2.0,1,JavaScript,97.2,80,0.0,97.4,78,0.0,93.8,72,0.0,98.0,68,0.0,84.4,60,0.0,97.5,55,0.0,54.0,45,0.0,75.6,50,0.0,63.4,72,8.6,98.0,78,0.0,99.14,0.86,89.89,Low Gap,Placed,2025-06-12 00:00:00
STU1022,Andhra University,Male,2026,Software Developer,8.62,94.4,1,1,1.0,2,JavaScript,61.8,80,18.2,62.9,78,15.1,98.0,72,0.0,73.4,68,0.0,66.0,60,0.0,67.7,55,0.0,61.0,45,0.0,50.0,50,0.0,80.6,72,0.0,69.2,78,8.8,95.79,4.21,75.32,Low Gap,Placed,2026-03-30 00:00:00
STU1023,SRM University,Other,2026,Data Analyst,7.79,85.7,1,1,1.0,0,C++,51.6,72,20.4,20.5,65,44.5,80.4,78,0.0,54.4,62,7.6,73.5,55,0.0,76.9,78,1.1,66.7,35,0.0,90.8,40,0.0,63.1,75,11.9,38.5,72,33.5,88.11,11.89,66.64,Moderate Gap,Placed,2025-02-05 00:00:00
STU1024,KL University,Female,2027,DevOps Engineer,6.02,88.4,1,4,0.0,2,JavaScript,63.3,72,8.7,61.5,70,8.5,64.4,58,0.0,75.8,50,0.0,,82,4.2,93.8,52,0.0,69.3,48,0.0,75.7,88,12.3,52.7,72,19.3,43.8,80,36.2,91.07,8.93,77.32,Low Gap,Placed,2025-07-19 00:00:00
STU1025,JNTU Kakinada,Female,2026,Data Scientist,7.29,82.2,0,3,2.0,1,C#,74.6,78,3.4,59.7,75,15.3,75.0,72,0.0,90.8,55,0.0,58.4,52,0.0,98.0,88,0.0,83.0,40,0.0,85.1,45,0.0,77.8,75,0.0,59.2,82,22.8,95.85,4.15,76.48,Low Gap,Placed,2026-06-19 00:00:00
STU1026,KL University,Female,2027,Data Analyst,8.06,82.0,0,2,1.0,1,Java,71.2,72,0.8,62.8,65,2.2,75.8,78,2.2,58.8,62,3.2,81.5,55,0.0,84.2,78,0.0,66.7,35,0.0,58.0,40,0.0,62.4,75,12.6,70.7,72,1.3,97.78,2.22,71.77,Low Gap,Placed,2025-02-24 00:00:00
STU1027,SRM University,Female,2026,Cloud Engineer,8.49,72.0,2,2,2.0,0,C#,98.0,70,0.0,94.5,68,0.0,64.9,62,0.0,88.6,55,0.0,80.7,88,7.3,78.0,58,0.0,77.6,45,0.0,66.2,82,15.8,78.2,70,0.0,98.0,76,0.0,97.69,2.31,85.7,Low Gap,Placed,2026-06-03 00:00:00
STU1028,SRM University,Female,2025,Data Scientist,7.06,72.3,2,2,1.0,0,JavaScript,89.4,78,0.0,95.0,75,0.0,68.6,72,3.4,77.0,55,0.0,60.3,52,0.0,61.8,88,26.2,77.7,40,0.0,88.5,45,0.0,56.9,75,18.1,98.0,82,0.0,95.23,4.77,81.55,Low Gap,Placed,2026-04-13 00:00:00
STU1029,Vignan University,Female,2026,Full Stack Developer,7.84,91.3,1,4,2.0,1,Python,69.4,82,12.6,66.4,76,9.6,61.8,70,8.2,74.1,88,13.9,84.1,62,0.0,56.3,50,0.0,86.9,42,0.0,76.0,58,0.0,67.4,74,6.6,79.7,80,0.3,94.87,5.13,81.85,Low Gap,Placed,2026-03-20 00:00:00
STU1030,Andhra University,Male,2025,Full Stack Developer,5.83,82.7,1,4,1.0,1,C#,88.5,82,0.0,96.9,76,0.0,73.7,70,0.0,58.6,88,29.4,77.0,62,0.0,73.5,50,0.0,68.5,42,0.0,77.2,58,0.0,49.9,74,24.1,83.4,80,0.0,94.64,5.36,81.0,Low Gap,Placed,2025-11-22 00:00:00
STU1031,Vignan University,Male,2027,Data Analyst,8.18,84.7,1,4,1.0,2,Java,94.7,72,0.0,88.7,65,0.0,83.5,78,0.0,91.4,62,0.0,98.0,55,0.0,81.3,78,0.0,83.4,35,0.0,49.9,40,0.0,64.4,75,10.6,87.0,72,0.0,98.94,1.06,86.69,Low Gap,Placed,2025-10-11 00:00:00
STU1032,Vignan University,Female,2025,Data Scientist,6.77,78.5,2,1,3.0,0,Java,64.5,78,13.5,63.3,75,11.7,72.5,72,0.0,80.4,55,0.0,72.4,52,0.0,65.3,88,22.7,83.3,40,0.0,57.4,45,0.0,62.9,75,12.1,65.5,82,16.5,92.36,7.64,78.69,Low Gap,Placed,2026-05-23 00:00:00
STU1033,JNTU Kakinada,Female,2026,Full Stack Developer,6.72,85.3,1,1,1.0,1,C#,69.3,82,12.7,63.0,76,13.0,46.1,70,23.9,65.6,88,22.4,78.1,62,0.0,56.7,50,0.0,63.9,42,0.0,85.6,58,0.0,67.5,74,6.5,72.5,80,7.5,91.4,8.6,71.18,Low Gap,Placed,2026-02-23 00:00:00
STU1034,JNTU Kakinada,Female,2027,Software Developer,8.22,87.5,1,4,0.0,1,Java,54.4,80,25.6,65.8,78,12.2,94.8,72,0.0,96.0,68,0.0,75.8,60,0.0,87.9,55,0.0,75.3,45,0.0,83.4,50,0.0,74.4,72,0.0,63.7,78,14.3,94.79,5.21,80.3,Low Gap,Placed,2025-06-16 00:00:00
STU1035,JNTU Kakinada,Male,2027,Full Stack Developer,8.82,76.8,0,4,4.0,1,JavaScript,98.0,82,0.0,98.0,76,0.0,81.1,70,0.0,80.8,88,7.2,82.1,62,0.0,98.0,50,0.0,88.6,42,0.0,73.4,58,0.0,78.2,74,0.0,98.0,80,0.0,99.28,0.72,86.46,Low Gap,Placed,2025-12-24 00:00:00
STU1036,GITAM University,Male,2026,Full Stack Developer,8.24,82.3,2,3,0.0,0,Java,63.7,82,18.3,68.6,76,7.4,98.0,70,0.0,71.6,88,16.4,82.5,62,0.0,84.7,50,0.0,83.2,42,0.0,98.0,58,0.0,85.4,74,0.0,74.5,80,5.5,95.24,4.76,83.17,Low Gap,Placed,2025-05-19 00:00:00
STU1037,JNTU Kakinada,Female,2026,Software Developer,7.47,80.0,1,3,4.0,1,Python,86.8,80,0.0,77.7,78,0.3,65.1,72,6.9,67.4,68,0.6,89.1,60,0.0,78.5,55,0.0,90.7,45,0.0,92.8,50,0.0,64.7,72,7.3,86.4,78,0.0,98.5,1.5,86.8,Low Gap,Placed,2025-06-18 00:00:00
STU1038,Andhra University,Female,2027,Data Analyst,6.72,76.4,2,2,1.0,1,Java,80.1,72,0.0,80.3,65,0.0,90.2,78,0.0,68.6,62,0.0,98.0,55,0.0,71.7,78,6.3,79.3,35,0.0,78.9,40,0.0,57.6,75,17.4,76.3,72,0.0,97.63,2.37,84.37,Low Gap,Not Placed,2025-08-13 00:00:00
STU1039,JNTU Kakinada,Male,2027,Cloud Engineer,8.73,86.1,1,5,0.0,0,Java,98.0,70,0.0,98.0,68,0.0,93.8,62,0.0,89.3,55,0.0,93.4,88,0.0,98.0,58,0.0,96.8,45,0.0,94.8,82,0.0,75.4,70,0.0,97.7,76,0.0,100.0,0.0,88.06,Low Gap,Placed,2026-02-02 00:00:00
STU1040,SRM University,Female,2027,DevOps Engineer,7.83,77.0,2,3,0.0,0,JavaScript,77.3,72,0.0,75.5,70,0.0,68.0,58,0.0,58.4,50,0.0,84.1,82,0.0,77.1,52,0.0,79.8,48,0.0,94.5,88,0.0,46.6,72,25.4,82.1,80,0.0,97.46,2.54,82.15,Low Gap,Placed,2025-06-17 00:00:00
STU1041,GITAM University,Female,2027,Data Scientist,7.22,74.9,0,2,3.0,0,JavaScript,74.5,78,3.5,63.8,75,11.2,62.3,72,9.7,79.6,55,0.0,57.3,52,0.0,58.9,88,29.1,59.3,40,0.0,66.2,45,0.0,60.7,75,14.3,81.9,82,0.1,93.21,6.79,70.38,Low Gap,Placed,2026-06-04 00:00:00
STU1042,KL University,Female,2027,DevOps Engineer,6.3,88.9,2,4,1.0,1,Python,71.1,72,0.9,60.6,70,9.4,74.1,58,0.0,75.4,50,0.0,51.1,82,30.9,66.9,52,0.0,59.7,48,0.0,65.0,88,23.0,58.6,72,13.4,64.5,80,15.5,90.69,9.31,81.22,Low Gap,Placed,2025-02-03 00:00:00
STU1043,Vignan University,Male,2027,DevOps Engineer,7.02,75.3,3,4,0.0,1,JavaScript,74.6,72,0.0,74.7,70,0.0,71.5,58,0.0,85.0,50,0.0,98.0,82,0.0,69.7,52,0.0,84.9,48,0.0,80.7,88,7.3,62.9,72,9.1,74.4,80,5.6,97.8,2.2,91.8,Low Gap,Placed,2026-04-26 00:00:00
STU1044,Andhra University,Female,2027,Software Developer,6.99,93.1,2,4,1.0,0,C++,59.4,80,20.6,78.5,78,0.0,79.6,72,0.0,67.6,68,0.4,86.4,60,0.0,85.1,55,0.0,79.0,45,0.0,82.5,50,0.0,69.5,72,2.5,76.1,78,1.9,97.46,2.54,86.27,Low Gap,Placed,2025-06-02 00:00:00
STU1045,KL University,Female,2027,Software Developer,6.28,86.7,1,2,2.0,2,Java,59.3,80,20.7,53.3,78,24.7,72.8,72,0.0,65.6,68,2.4,76.2,60,0.0,67.0,55,0.0,74.5,45,0.0,66.6,50,0.0,67.7,72,4.3,47.7,78,30.3,91.77,8.23,75.82,Low Gap,Not Placed,2025-09-30 00:00:00
STU1046,GITAM University,Female,2025,Software Developer,8.55,75.4,1,3,2.0,1,Python,79.8,80,0.2,63.7,78,14.3,80.9,72,0.0,73.4,68,0.0,82.4,60,0.0,98.0,55,0.0,92.4,45,0.0,79.4,50,0.0,83.8,72,0.0,68.4,78,9.6,97.59,2.41,83.48,Low Gap,Not Placed,2025-03-04 00:00:00
STU1047,Andhra University,Male,2025,Full Stack Developer,8.13,70.0,0,3,2.0,1,C#,77.5,82,4.5,69.2,76,6.8,64.5,70,5.5,76.2,88,11.8,53.2,62,8.8,70.5,50,0.0,91.6,42,0.0,71.3,58,0.0,93.7,74,0.0,88.3,80,0.0,96.26,3.74,76.5,Low Gap,Not Placed,2025-08-15 00:00:00
STU1048,GITAM University,Other,2025,Software Developer,8.18,92.3,0,2,2.0,0,Java,69.1,80,10.9,61.9,78,16.1,81.7,72,0.0,96.4,68,0.0,65.8,60,0.0,72.8,55,0.0,93.3,45,0.0,82.5,50,0.0,76.8,72,0.0,60.3,78,17.7,95.53,4.47,72.81,Low Gap,Not Placed,2026-01-30 00:00:00
STU1049,GITAM University,Male,2026,Data Scientist,7.86,89.2,3,4,2.0,1,C#,85.4,78,0.0,78.2,75,0.0,95.8,72,0.0,97.5,55,0.0,75.5,52,0.0,98.0,88,0.0,90.8,40,0.0,98.0,45,0.0,89.2,75,0.0,81.8,82,0.2,99.98,0.02,99.2,Low Gap,Placed,2025-03-11 00:00:00
STU1050,Andhra University,Male,2026,Cloud Engineer,8.23,,2,3,0.0,1,C++,65.7,70,4.3,67.2,68,0.8,66.6,62,0.0,77.0,55,0.0,74.3,88,13.7,63.3,58,0.0,92.3,45,0.0,74.7,82,7.3,71.3,70,0.0,67.0,76,9.0,96.47,3.53,82.49,Low Gap,Placed,2025-04-08 00:00:00
STU1051,SRM University,Male,2027,Data Analyst,9.02,85.5,3,3,2.0,2,C#,78.0,72,0.0,70.9,65,0.0,66.4,78,11.6,61.5,62,0.5,88.0,55,0.0,98.0,78,0.0,98.0,35,0.0,98.0,40,0.0,71.2,75,3.8,66.2,72,5.8,97.83,2.17,94.91,Low Gap,Placed,2026-05-25 00:00:00
STU1052,KL University,Female,2027,Full Stack Developer,6.31,87.1,1,4,0.0,0,C++,78.4,82,3.6,70.3,76,5.7,67.5,70,2.5,75.9,88,12.1,,62,0.0,83.8,50,0.0,70.2,42,0.0,68.8,58,0.0,54.8,74,19.2,81.7,80,0.0,95.69,4.31,77.62,Low Gap,Placed,2026-01-12 00:00:00
STU1053,KL University,Female,2025,Data Analyst,7.25,80.7,2,2,1.0,0,Python,81.4,72,0.0,64.3,65,0.7,57.8,78,20.2,47.3,62,14.7,71.2,55,0.0,60.9,78,17.1,85.1,35,0.0,56.0,40,0.0,82.2,75,0.0,64.5,72,7.5,93.98,6.02,77.91,Low Gap,Placed,2026-03-22 00:00:00
STU1054,SRM University,Male,2027,Software Developer,6.64,72.6,0,3,2.0,1,Python,60.2,80,19.8,52.5,78,25.5,36.9,72,35.1,57.6,68,10.4,81.4,60,0.0,64.8,55,0.0,78.6,45,0.0,86.1,50,0.0,63.6,72,8.4,64.5,78,13.5,88.74,11.26,69.82,Moderate Gap,Placed,2025-01-24 00:00:00
STU1055,JNTU Kakinada,Male,2025,Full Stack Developer,7.36,84.9,1,4,1.0,0,C++,85.7,82,0.0,92.5,76,0.0,73.5,70,0.0,71.2,88,16.8,,62,0.0,66.5,50,0.0,94.7,42,0.0,81.7,58,0.0,,74,0.0,86.0,80,0.0,98.32,1.68,83.25,Low Gap,Placed,2026-01-13 00:00:00
STU1056,KL University,Female,2026,DevOps Engineer,7.92,89.9,3,5,2.0,2,Java,87.9,72,0.0,98.0,70,0.0,86.7,58,0.0,90.0,50,0.0,98.0,82,0.0,95.8,52,0.0,84.4,48,0.0,98.0,88,0.0,44.1,72,27.9,82.5,80,0.0,97.21,2.79,100.0,Low Gap,Placed,2025-10-04 00:00:00
STU1057,GITAM University,Female,2026,Full Stack Developer,,88.5,3,2,0.0,0,C#,70.9,82,11.1,70.9,76,5.1,70.4,70,0.0,76.3,88,11.7,49.5,62,12.5,98.0,50,0.0,66.1,42,0.0,61.4,58,0.0,62.7,74,11.3,62.7,80,17.3,93.1,6.9,81.56,Low Gap,Placed,2026-01-04 00:00:00
STU1058,GITAM University,Male,2026,Cloud Engineer,7.37,93.0,1,3,2.0,0,C++,72.6,70,0.0,64.1,68,3.9,64.4,62,0.0,70.4,55,0.0,91.9,88,0.0,60.3,58,0.0,69.3,45,0.0,91.6,82,0.0,63.4,70,6.6,68.5,76,7.5,98.2,1.8,79.68,Low Gap,Placed,2026-05-09 00:00:00
STU1059,GITAM University,Female,2025,Software Developer,7.2,68.1,2,3,2.0,0,JavaScript,80.0,80,0.0,62.9,78,15.1,75.4,72,0.0,82.4,68,0.0,89.4,60,0.0,82.7,55,0.0,79.6,45,0.0,77.3,50,0.0,56.8,72,15.2,72.7,78,5.3,96.45,3.55,85.18,Low Gap,Placed,2025-10-09 00:00:00
STU1060,KL University,Female,2025,Full Stack Developer,6.41,72.8,1,3,0.0,0,Java,65.7,82,16.3,80.1,76,0.0,58.1,70,11.9,75.1,88,12.9,62.5,62,0.0,84.8,50,0.0,70.4,42,0.0,68.8,58,0.0,40.8,74,33.2,65.0,80,15.0,91.06,8.94,72.11,Low Gap,Not Placed,2026-07-11 00:00:00
STU1061,Vignan University,Male,2025,Software Developer,7.39,82.0,0,2,0.0,2,C++,77.4,80,2.6,68.5,78,9.5,89.2,72,0.0,53.9,68,14.1,81.6,60,0.0,68.3,55,0.0,70.5,45,0.0,80.5,50,0.0,62.3,72,9.7,64.8,78,13.2,95.09,4.91,71.3,Low Gap,Placed,2025-06-30 00:00:00
STU1062,KL University,Female,2027,Cloud Engineer,7.74,83.6,3,3,2.0,2,C#,73.6,70,0.0,68.1,68,0.0,91.5,62,0.0,61.4,55,0.0,83.5,88,4.5,84.4,58,0.0,98.0,45,0.0,94.6,82,0.0,97.8,70,0.0,65.2,76,10.8,98.47,1.53,95.86,Low Gap,Placed,2025-03-14 00:00:00
STU1063,GITAM University,Female,2027,DevOps Engineer,8.95,92.6,2,2,4.0,0,C++,77.6,72,0.0,67.6,70,2.4,98.0,58,0.0,89.8,50,0.0,95.7,82,0.0,98.0,52,0.0,86.5,48,0.0,86.7,88,1.3,74.9,72,0.0,77.8,80,2.2,99.4,0.6,90.31,Low Gap,Placed,2025-02-20 00:00:00
STU1064,KL University,Male,2026,Full Stack Developer,6.94,84.9,2,1,0.0,0,JavaScript,61.9,82,20.1,54.9,76,21.1,45.0,70,25.0,70.7,88,17.3,72.7,62,0.0,67.4,50,0.0,54.7,42,0.0,64.8,58,0.0,65.1,74,8.9,67.0,80,13.0,89.47,10.53,70.99,Moderate Gap,Not Placed,2026-01-16 00:00:00
STU1065,SRM University,Female,2025,Cloud Engineer,7.17,85.8,0,2,1.0,1,C#,62.0,70,8.0,37.8,68,30.2,41.1,62,20.9,69.9,55,0.0,74.9,88,13.1,67.7,58,0.0,66.1,45,0.0,57.3,82,24.7,57.2,70,12.8,49.4,76,26.6,86.38,13.62,63.37,Moderate Gap,Not Placed,2025-03-31 00:00:00
STU1066,Andhra University,Female,2026,DevOps Engineer,6.41,87.0,0,2,1.0,1,Java,63.4,72,8.6,63.5,70,6.5,67.3,58,0.0,75.0,50,0.0,57.3,82,24.7,46.7,52,5.3,55.2,48,0.0,62.6,88,25.4,64.7,72,7.3,75.5,80,4.5,91.77,8.23,67.23,Low Gap,Not Placed,2025-01-17 00:00:00
STU1067,SRM University,Female,2025,DevOps Engineer,7.11,90.4,1,5,0.0,1,JavaScript,87.6,72,0.0,98.0,70,0.0,89.3,58,0.0,88.7,50,0.0,78.0,82,4.0,69.0,52,0.0,75.4,48,0.0,78.8,88,9.2,80.9,72,0.0,91.9,80,0.0,98.68,1.32,86.03,Low Gap,Placed,2026-04-05 00:00:00
STU1068,Vignan University,Female,2026,Data Analyst,8.05,92.1,0,3,2.0,0,C#,76.2,72,0.0,89.9,65,0.0,76.0,78,2.0,75.8,62,0.0,69.3,55,0.0,88.5,78,0.0,82.2,35,0.0,87.1,40,0.0,71.4,75,3.6,74.5,72,0.0,99.44,0.56,77.48,Low Gap,Not Placed,2025-07-07 00:00:00
STU1069,GITAM University,Female,2027,Data Analyst,7.15,93.1,2,5,1.0,0,Java,61.1,72,10.9,55.7,65,9.3,92.0,78,0.0,98.0,62,0.0,71.9,55,0.0,73.7,78,4.3,93.1,35,0.0,91.3,40,0.0,75.0,75,0.0,57.6,72,14.4,96.11,3.89,87.83,Low Gap,Placed,2025-01-06 00:00:00
STU1070,Andhra University,Male,2026,Full Stack Developer,6.38,83.3,1,2,1.0,0,C++,56.6,82,25.4,46.5,76,29.5,61.9,70,8.1,58.1,88,29.9,71.1,62,0.0,73.8,50,0.0,69.8,42,0.0,63.8,58,0.0,,74,30.2,56.5,80,23.5,85.34,14.66,66.96,Moderate Gap,Placed,2026-05-11 00:00:00
STU1071,Vignan University,Female,2027,Data Analyst,7.65,82.2,2,2,2.0,0,C#,78.4,72,0.0,73.5,65,0.0,90.2,78,0.0,87.7,62,0.0,84.0,55,0.0,83.5,78,0.0,75.0,35,0.0,91.8,40,0.0,84.9,75,0.0,69.8,72,2.2,99.78,0.22,86.46,Low Gap,Placed,2025-07-29 00:00:00
STU1072,GITAM University,Female,2026,DevOps Engineer,7.7,81.1,2,2,2.0,1,C++,97.0,72,0.0,98.0,70,0.0,72.3,58,0.0,79.8,50,0.0,84.0,82,0.0,80.5,52,0.0,96.2,48,0.0,76.4,88,11.6,77.5,72,0.0,90.7,80,0.0,98.84,1.16,88.55,Low Gap,Placed,2025-10-03 00:00:00
STU1073,Andhra University,Male,2026,Data Analyst,7.76,78.8,1,4,2.0,1,Python,66.3,72,5.7,67.2,65,0.0,64.0,78,14.0,84.5,62,0.0,80.5,55,0.0,95.5,78,0.0,86.5,35,0.0,63.8,40,0.0,73.3,75,1.7,86.3,72,0.0,97.86,2.14,84.57,Low Gap,Not Placed,2025-01-26 00:00:00
STU1074,Vignan University,Female,2026,DevOps Engineer,7.76,98.8,2,4,0.0,1,JavaScript,84.4,72,0.0,86.5,70,0.0,98.0,58,0.0,77.0,50,0.0,95.6,82,0.0,98.0,52,0.0,95.8,48,0.0,98.0,88,0.0,79.3,72,0.0,86.0,80,0.0,100.0,0.0,91.46,Low Gap,Placed,2025-03-03 00:00:00
STU1075,SRM University,Other,2026,Data Analyst,8.87,78.9,2,1,0.0,0,Java,76.1,72,0.0,63.3,65,1.7,87.6,78,0.0,97.2,62,0.0,84.7,55,0.0,81.7,78,0.0,73.1,35,0.0,70.5,40,0.0,85.1,75,0.0,74.8,72,0.0,99.83,0.17,80.74,Low Gap,Placed,2026-07-24 00:00:00
STU1076,KL University,Male,2025,DevOps Engineer,6.71,79.6,0,5,0.0,1,C#,61.0,72,11.0,74.7,70,0.0,62.6,58,0.0,58.2,50,0.0,62.8,82,19.2,56.8,52,0.0,80.1,48,0.0,56.5,88,31.5,59.0,72,13.0,70.8,80,9.2,91.6,8.4,71.99,Low Gap,Placed,2026-01-20 00:00:00
STU1077,KL University,Female,2027,Data Scientist,7.64,59.1,0,3,2.0,0,Java,53.6,78,24.4,42.8,75,32.2,68.1,72,3.9,59.5,55,0.0,66.2,52,0.0,70.6,88,17.4,51.5,40,0.0,72.0,45,0.0,60.0,75,15.0,43.2,82,38.8,86.84,13.16,65.71,Moderate Gap,Not Placed,2026-07-13 00:00:00
STU1078,JNTU Kakinada,Female,2026,Cloud Engineer,7.27,82.5,0,2,4.0,2,Python,92.0,70,0.0,90.6,68,0.0,46.6,62,15.4,65.7,55,0.0,70.4,88,17.6,80.2,58,0.0,82.6,45,0.0,84.9,82,0.0,49.2,70,20.8,89.4,76,0.0,94.62,5.38,78.13,Low Gap,Placed,2025-05-09 00:00:00
STU1079,SRM University,Female,2025,Data Analyst,8.47,96.4,2,3,0.0,1,JavaScript,65.5,72,6.5,58.4,65,6.6,84.1,78,0.0,84.4,62,0.0,86.8,55,0.0,98.0,78,0.0,93.1,35,0.0,93.7,40,0.0,81.2,75,0.0,70.6,72,1.4,98.55,1.45,86.32,Low Gap,Placed,2025-04-30 00:00:00
STU1080,Vignan University,Female,2026,DevOps Engineer,7.56,78.1,1,3,4.0,0,Java,66.8,72,5.2,71.0,70,0.0,60.6,58,0.0,94.1,50,0.0,74.8,82,7.2,85.5,52,0.0,81.1,48,0.0,93.1,88,0.0,,72,0.0,66.9,80,13.1,97.45,2.55,83.97,Low Gap,Placed,2025-03-20 00:00:00
STU1081,KL University,Male,2026,Data Analyst,7.33,78.5,2,2,1.0,0,C#,88.7,72,0.0,81.7,65,0.0,89.3,78,0.0,67.6,62,0.0,84.1,55,0.0,61.9,78,16.1,71.4,35,0.0,72.5,40,0.0,79.9,75,0.0,78.3,72,0.0,98.39,1.61,83.04,Low Gap,Placed,2026-07-06 00:00:00
STU1082,Vignan University,Female,2025,Data Scientist,,89.0,1,3,3.0,0,C#,86.5,78,0.0,87.7,75,0.0,81.9,72,0.0,80.7,55,0.0,70.2,52,0.0,82.9,88,5.1,75.5,40,0.0,69.6,45,0.0,66.7,75,8.3,77.4,82,4.6,98.2,1.8,83.07,Low Gap,Placed,2025-08-01 00:00:00
STU1083,Andhra University,Female,2025,Data Scientist,7.13,85.0,1,2,1.0,0,Python,87.3,78,0.0,72.1,75,2.9,71.8,72,0.2,66.9,55,0.0,69.5,52,0.0,58.4,88,29.6,82.0,40,0.0,83.2,45,0.0,68.4,75,6.6,77.9,82,4.1,95.66,4.34,75.67,Low Gap,Not Placed,2026-01-14 00:00:00
STU1084,JNTU Kakinada,Male,2026,DevOps Engineer,7.65,100.0,0,3,3.0,0,JavaScript,93.0,72,0.0,74.0,70,0.0,63.0,58,0.0,80.4,50,0.0,58.7,82,23.3,82.3,52,0.0,75.7,48,0.0,98.0,88,0.0,51.1,72,20.9,74.2,80,5.8,95.0,5.0,75.76,Low Gap,Placed,2026-01-08 00:00:00
STU1085,Andhra University,Male,2026,Full Stack Developer,7.47,98.5,2,3,0.0,1,Java,86.0,82,0.0,80.1,76,0.0,78.3,70,0.0,83.0,88,5.0,56.1,62,5.9,60.1,50,0.0,90.3,42,0.0,71.4,58,0.0,69.7,74,4.3,86.0,80,0.0,98.48,1.52,84.65,Low Gap,Placed,2025-10-16 00:00:00
STU1086,KL University,Male,2027,Cloud Engineer,7.76,89.5,1,2,1.0,0,C++,68.7,70,1.3,69.8,68,0.0,86.8,62,0.0,68.2,55,0.0,91.1,88,0.0,74.2,58,0.0,89.7,45,0.0,72.6,82,9.4,85.7,70,0.0,65.4,76,10.6,97.86,2.14,77.7,Low Gap,Placed,2025-11-20 00:00:00
STU1087,GITAM University,Male,2026,DevOps Engineer,9.0,87.9,1,4,1.0,0,C#,97.6,72,0.0,92.6,70,0.0,98.0,58,0.0,80.5,50,0.0,89.6,82,0.0,89.6,52,0.0,87.6,48,0.0,70.8,88,17.2,58.0,72,14.0,98.0,80,0.0,96.88,3.12,83.96,Low Gap,Placed,2026-04-18 00:00:00
STU1088,JNTU Kakinada,Male,2026,Cloud Engineer,6.39,74.1,1,3,0.0,0,Python,68.7,70,1.3,76.9,68,0.0,70.3,62,0.0,63.6,55,0.0,69.3,88,18.7,69.5,58,0.0,72.9,45,0.0,54.5,82,27.5,78.7,70,0.0,60.7,76,15.3,93.71,6.29,73.72,Low Gap,Not Placed,2025-09-07 00:00:00
STU1089,Vignan University,Female,2025,Software Developer,7.17,94.7,2,5,1.0,0,C++,98.0,80,0.0,98.0,78,0.0,98.0,72,0.0,90.6,68,0.0,89.0,60,0.0,88.2,55,0.0,91.2,45,0.0,79.2,50,0.0,62.3,72,9.7,98.0,78,0.0,99.03,0.97,92.83,Low Gap,Placed,2026-04-14 00:00:00
STU1090,KL University,Male,2025,Full Stack Developer,6.35,79.1,1,3,2.0,1,JavaScript,83.1,82,0.0,75.2,76,0.8,54.1,70,15.9,72.4,88,15.6,88.8,62,0.0,56.8,50,0.0,51.0,42,0.0,64.4,58,0.0,87.0,74,0.0,81.6,80,0.0,96.78,3.22,80.49,Low Gap,Placed,2025-05-08 00:00:00
STU1091,KL University,Male,2027,DevOps Engineer,7.99,72.9,2,2,0.0,0,C++,67.5,72,4.5,69.5,70,0.5,65.9,58,0.0,97.1,50,0.0,68.2,82,13.8,76.3,52,0.0,73.2,48,0.0,78.3,88,9.7,86.0,72,0.0,62.5,80,17.5,95.4,4.6,79.26,Low Gap,Placed,2026-02-26 00:00:00
STU1092,Vignan University,Female,2027,Software Developer,8.55,64.9,1,2,2.0,3,Java,82.2,80,0.0,76.2,78,1.8,70.6,72,1.4,90.8,68,0.0,67.3,60,0.0,83.4,55,0.0,60.6,45,0.0,88.6,50,0.0,71.1,72,0.9,69.4,78,8.6,98.72,1.28,83.73,Low Gap,Placed,2025-09-23 00:00:00
STU1093,KL University,Male,2027,Full Stack Developer,8.17,100.0,1,4,1.0,0,Java,91.4,82,0.0,81.6,76,0.0,75.9,70,0.0,98.0,88,0.0,98.0,62,0.0,81.8,50,0.0,86.5,42,0.0,75.4,58,0.0,69.1,74,4.9,91.0,80,0.0,99.51,0.49,84.74,Low Gap,Placed,2025-06-21 00:00:00
STU1094,GITAM University,Male,2027,DevOps Engineer,8.44,81.2,1,4,1.0,2,Java,87.9,72,0.0,91.7,70,0.0,75.8,58,0.0,90.8,50,0.0,65.0,82,17.0,84.4,52,0.0,88.7,48,0.0,93.9,88,0.0,83.0,72,0.0,95.0,80,0.0,98.3,1.7,87.43,Low Gap,Placed,2026-03-01 00:00:00
STU1095,Vignan University,Other,2026,DevOps Engineer,6.94,70.4,0,3,1.0,1,Java,71.6,72,0.4,78.2,70,0.0,70.8,58,0.0,46.2,50,3.8,67.6,82,14.4,57.8,52,0.0,56.1,48,0.0,63.3,88,24.7,71.5,72,0.5,76.1,80,3.9,95.24,4.76,71.64,Low Gap,Placed,2026-05-17 00:00:00
STU1096,Andhra University,Male,2027,Software Developer,7.55,77.0,2,2,0.0,2,C#,84.8,80,0.0,94.9,78,0.0,74.3,72,0.0,79.7,68,0.0,72.6,60,0.0,77.1,55,0.0,98.0,45,0.0,84.8,50,0.0,91.2,72,0.0,87.1,78,0.0,100.0,0.0,87.34,Low Gap,Placed,2025-12-10 00:00:00
STU1097,Vignan University,Female,2027,Full Stack Developer,7.61,90.6,1,4,0.0,0,Java,90.1,82,0.0,63.9,76,12.1,59.0,70,11.0,77.3,88,10.7,69.9,62,0.0,88.4,50,0.0,77.1,42,0.0,62.0,58,0.0,73.8,74,0.2,73.4,80,6.6,95.94,4.06,78.22,Low Gap,Placed,2025-09-14 00:00:00
STU1098,KL University,Female,2025,Full Stack Developer,6.75,89.0,0,5,1.0,0,Python,83.1,82,0.0,76.2,76,0.0,65.9,70,4.1,91.6,88,0.0,68.7,62,0.0,50.0,50,0.0,73.9,42,0.0,68.6,58,0.0,78.4,74,0.0,92.8,80,0.0,99.58,0.42,78.78,Low Gap,Placed,2025-09-11 00:00:00
STU1099,Vignan University,Male,2027,Data Analyst,7.3,67.9,3,3,3.0,1,Python,90.2,72,0.0,87.0,65,0.0,83.2,78,0.0,68.6,62,0.0,71.9,55,0.0,73.3,78,4.7,84.9,35,0.0,98.0,40,0.0,59.7,75,15.3,80.5,72,0.0,98.0,2.0,95.02,Low Gap,Placed,2025-06-29 00:00:00
STU1100,SRM University,Male,2025,Data Scientist,7.02,87.9,1,4,1.0,0,C++,98.0,78,0.0,98.0,75,0.0,66.0,72,6.0,66.6,55,0.0,74.1,52,0.0,,88,9.2,65.2,40,0.0,88.1,45,0.0,55.7,75,19.3,93.2,82,0.0,96.55,3.45,81.46,Low Gap,Placed,2025-03-01 00:00:00
STU1101,KL University,Male,2026,DevOps Engineer,7.98,82.3,2,4,1.0,0,Java,51.8,72,20.2,50.9,70,19.1,84.0,58,0.0,89.2,50,0.0,67.6,82,14.4,96.6,52,0.0,98.0,48,0.0,93.2,88,0.0,60.6,72,11.4,52.8,80,27.2,90.76,9.24,82.68,Low Gap,Not Placed,2025-10-19 00:00:00
STU1102,SRM University,Male,2027,Full Stack Developer,7.3,79.5,0,3,2.0,1,Java,68.5,82,13.5,59.3,76,16.7,87.6,70,0.0,79.8,88,8.2,71.9,62,0.0,53.6,50,0.0,62.9,42,0.0,48.0,58,10.0,81.4,74,0.0,63.9,80,16.1,93.56,6.44,72.91,Low Gap,Not Placed,2025-10-08 00:00:00
STU1103,JNTU Kakinada,Male,2027,Cloud Engineer,8.18,86.5,1,2,0.0,0,Java,81.3,70,0.0,80.6,68,0.0,65.7,62,0.0,80.1,55,0.0,73.7,88,14.3,81.9,58,0.0,75.9,45,0.0,67.7,82,14.3,54.7,70,15.3,85.3,76,0.0,95.61,4.39,74.43,Low Gap,Placed,2026-03-18 00:00:00
STU1104,Andhra University,Male,2025,DevOps Engineer,8.47,78.8,2,2,3.0,0,JavaScript,87.1,72,0.0,98.0,70,0.0,80.5,58,0.0,98.0,50,0.0,75.5,82,6.5,98.0,52,0.0,97.5,48,0.0,98.0,88,0.0,65.6,72,6.4,90.2,80,0.0,98.71,1.29,89.57,Low Gap,Placed,2025-11-09 00:00:00
STU1105,GITAM University,Male,2027,Data Scientist,7.09,75.2,0,1,0.0,0,JavaScript,41.1,78,36.9,20.9,75,54.1,32.8,72,39.2,64.4,55,0.0,62.2,52,0.0,69.9,88,18.1,49.8,40,0.0,67.0,45,0.0,63.7,75,11.3,29.4,82,52.6,78.77,21.23,52.48,High Gap,Not Placed,2025-02-15 00:00:00
STU1106,Vignan University,Male,2027,DevOps Engineer,8.24,80.8,1,5,0.0,0,JavaScript,80.3,72,0.0,72.8,70,0.0,68.1,58,0.0,90.2,50,0.0,77.9,82,4.1,73.6,52,0.0,64.7,48,0.0,60.9,88,27.1,67.0,72,5.0,79.4,80,0.6,96.31,3.69,80.39,Low Gap,Placed,2026-06-17 00:00:00
STU1107,JNTU Kakinada,Male,2025,Software Developer,7.81,70.7,1,3,3.0,2,JavaScript,66.5,80,13.5,71.8,78,6.2,70.2,72,1.8,93.5,68,0.0,76.5,60,0.0,60.8,55,0.0,74.2,45,0.0,90.9,50,0.0,51.7,72,20.3,62.3,78,15.7,94.23,5.77,82.45,Low Gap,Placed,2025-11-20 00:00:00
STU1108,KL University,Male,2027,Software Developer,6.84,75.8,1,1,2.0,1,JavaScript,72.5,80,7.5,80.2,78,0.0,72.7,72,0.0,53.3,68,14.7,72.2,60,0.0,68.6,55,0.0,71.4,45,0.0,63.3,50,0.0,73.3,72,0.0,69.2,78,8.8,96.9,3.1,76.01,Low Gap,Placed,2026-01-28 00:00:00
STU1109,JNTU Kakinada,Male,2025,DevOps Engineer,7.99,75.1,1,2,0.0,0,Python,60.5,72,11.5,55.5,70,14.5,71.5,58,0.0,84.3,50,0.0,47.4,82,34.6,55.7,52,0.0,77.1,48,0.0,45.2,88,42.8,52.4,72,19.6,62.7,80,17.3,85.97,14.03,66.06,Moderate Gap,Not Placed,2026-05-06 00:00:00
STU1110,GITAM University,Female,2027,Full Stack Developer,8.14,84.9,0,2,1.0,0,Python,78.5,82,3.5,76.0,76,0.0,79.3,70,0.0,66.6,88,21.4,69.3,62,0.0,69.3,50,0.0,65.6,42,0.0,48.5,58,9.5,77.2,74,0.0,73.6,80,6.4,95.92,4.08,69.78,Low Gap,Placed,2025-07-04 00:00:00
STU1111,KL University,Male,2025,Data Analyst,7.65,70.1,0,2,2.0,0,Java,77.0,72,0.0,63.0,65,2.0,70.8,78,7.2,69.9,62,0.0,66.4,55,0.0,58.5,78,19.5,69.1,35,0.0,77.5,40,0.0,57.5,75,17.5,63.3,72,8.7,94.52,5.48,69.72,Low Gap,Placed,2025-07-12 00:00:00
STU1112,Vignan University,Male,2027,Full Stack Developer,9.91,75.3,2,1,1.0,0,JavaScript,72.0,82,10.0,62.6,76,13.4,90.8,70,0.0,98.0,88,0.0,98.0,62,0.0,83.6,50,0.0,75.1,42,0.0,61.2,58,0.0,91.0,74,0.0,55.9,80,24.1,95.24,4.76,80.0,Low Gap,Placed,2026-07-14 00:00:00
STU1113,GITAM University,Female,2025,Cloud Engineer,8.16,83.0,1,2,3.0,0,Java,59.5,70,10.5,62.5,68,5.5,73.7,62,0.0,77.5,55,0.0,62.9,88,25.1,75.9,58,0.0,74.8,45,0.0,66.1,82,15.9,74.9,70,0.0,54.8,76,21.2,92.17,7.83,75.46,Low Gap,Placed,2026-05-03 00:00:00
STU1114,Andhra University,Female,2026,Software Developer,6.95,74.2,1,5,2.0,2,C#,85.6,80,0.0,65.4,78,12.6,89.1,72,0.0,68.1,68,0.0,92.9,60,0.0,57.9,55,0.0,85.1,45,0.0,79.2,50,0.0,94.8,72,0.0,86.9,78,0.0,98.74,1.26,89.58,Low Gap,Placed,2026-01-07 00:00:00
STU1115,Vignan University,Female,2026,Cloud Engineer,7.76,77.0,1,3,0.0,1,C#,65.0,70,5.0,41.0,68,27.0,79.9,62,0.0,64.5,55,0.0,68.2,88,19.8,55.2,58,2.8,74.4,45,0.0,74.2,82,7.8,87.4,70,0.0,51.5,76,24.5,91.31,8.69,73.43,Low Gap,Placed,2025-10-15 00:00:00
STU1116,Andhra University,Other,2025,Cloud Engineer,8.09,68.8,1,3,2.0,1,C++,91.5,70,0.0,84.3,68,0.0,71.1,62,0.0,85.0,55,0.0,69.6,88,18.4,74.4,58,0.0,86.8,45,0.0,98.0,82,0.0,86.8,70,0.0,80.8,76,0.0,98.16,1.84,84.52,Low Gap,Placed,2025-11-27 00:00:00
STU1117,GITAM University,Male,2025,Data Scientist,8.47,78.9,1,3,2.0,0,Python,89.9,78,0.0,88.9,75,0.0,91.3,72,0.0,80.6,55,0.0,77.3,52,0.0,73.5,88,14.5,68.5,40,0.0,58.1,45,0.0,92.5,75,0.0,98.0,82,0.0,98.55,1.45,82.9,Low Gap,Placed,2025-04-28 00:00:00
STU1118,Vignan University,Female,2025,Data Analyst,8.08,74.6,1,2,1.0,0,C#,94.5,72,0.0,80.3,65,0.0,68.0,78,10.0,71.6,62,0.0,57.2,55,0.0,62.0,78,16.0,79.8,35,0.0,74.2,40,0.0,67.3,75,7.7,84.9,72,0.0,96.63,3.37,76.18,Low Gap,Placed,2026-06-05 00:00:00
STU1119,Vignan University,Male,2027,Data Scientist,8.53,84.0,3,4,1.0,0,Python,98.0,78,0.0,95.6,75,0.0,98.0,72,0.0,97.3,55,0.0,98.0,52,0.0,82.9,88,5.1,98.0,40,0.0,98.0,45,0.0,78.8,75,0.0,89.4,82,0.0,99.49,0.51,97.29,Low Gap,Placed,2025-01-21 00:00:00
STU1120,JNTU Kakinada,Female,2025,Data Scientist,6.66,79.6,1,4,0.0,0,JavaScript,83.5,78,0.0,85.8,75,0.0,40.3,72,31.7,65.6,55,0.0,70.0,52,0.0,61.6,88,26.4,63.3,40,0.0,67.4,45,0.0,73.2,75,1.8,90.8,82,0.0,94.01,5.99,76.35,Low Gap,Placed,2026-08-02 00:00:00
STU1121,KL University,Male,2026,Cloud Engineer,6.47,100.0,2,3,0.0,1,Python,82.7,70,0.0,68.0,68,0.0,80.9,62,0.0,73.2,55,0.0,77.9,88,10.1,88.0,58,0.0,74.4,45,0.0,73.2,82,8.8,63.8,70,6.2,72.6,76,3.4,97.14,2.86,83.85,Low Gap,Placed,2026-04-10 00:00:00
STU1122,Vignan University,Female,2026,Data Scientist,6.75,87.6,1,2,2.0,0,JavaScript,71.1,78,6.9,83.4,75,0.0,67.3,72,4.7,73.6,55,0.0,62.9,52,0.0,82.2,88,5.8,67.1,40,0.0,48.1,45,0.0,80.6,75,0.0,81.1,82,0.9,98.17,1.83,77.7,Low Gap,Placed,2025-04-04 00:00:00
STU1123,KL University,Male,2025,DevOps Engineer,6.34,93.6,0,3,1.0,0,Java,80.7,72,0.0,98.0,70,0.0,77.6,58,0.0,64.0,50,0.0,59.2,82,22.8,58.6,52,0.0,63.7,48,0.0,61.7,88,26.3,70.2,72,1.8,80.9,80,0.0,94.91,5.09,71.65,Low Gap,Placed,2026-02-22 00:00:00
STU1124,KL University,Female,2027,Data Analyst,7.77,75.3,1,3,0.0,0,JavaScript,69.4,72,2.6,63.7,65,1.3,71.9,78,6.1,90.1,62,0.0,91.4,55,0.0,51.8,78,26.2,55.2,35,0.0,71.4,40,0.0,85.7,75,0.0,73.8,72,0.0,96.38,3.62,76.11,Low Gap,Placed,2026-05-06 00:00:00
STU1125,Andhra University,Female,2027,DevOps Engineer,6.56,93.9,1,4,1.0,0,Python,89.2,72,0.0,86.7,70,0.0,66.5,58,0.0,71.6,50,0.0,55.8,82,26.2,87.9,52,0.0,72.9,48,0.0,95.0,88,0.0,66.7,72,5.3,98.0,80,0.0,96.85,3.15,81.79,Low Gap,Placed,2026-02-18 00:00:00
STU1126,JNTU Kakinada,Male,2026,Software Developer,6.99,94.6,2,2,1.0,1,Python,76.4,80,3.6,76.3,78,1.7,73.0,72,0.0,66.6,68,1.4,64.3,60,0.0,89.0,55,0.0,88.8,45,0.0,96.7,50,0.0,84.4,72,0.0,70.0,78,8.0,98.53,1.47,84.9,Low Gap,Placed,2026-04-08 00:00:00
STU1127,JNTU Kakinada,Male,2027,Cloud Engineer,7.36,55.0,1,4,0.0,2,C++,65.3,70,4.7,53.7,68,14.3,87.4,62,0.0,90.1,55,0.0,82.8,88,5.2,74.0,58,0.0,72.4,45,0.0,83.8,82,0.0,85.2,70,0.0,66.4,76,9.6,96.61,3.39,82.31,Low Gap,Placed,2025-09-09 00:00:00
STU1128,Vignan University,Male,2026,Data Scientist,6.72,56.3,3,3,1.0,1,C#,86.1,78,0.0,98.0,75,0.0,86.5,72,0.0,82.6,55,0.0,88.1,52,0.0,,88,0.0,60.7,40,0.0,86.0,45,0.0,57.7,75,17.3,92.3,82,0.0,98.27,1.73,93.2,Low Gap,Placed,2025-03-08 00:00:00
STU1129,Vignan University,Other,2025,Cloud Engineer,8.23,84.8,2,2,2.0,0,JavaScript,87.7,70,0.0,73.9,68,0.0,85.5,62,0.0,83.2,55,0.0,85.9,88,2.1,78.2,58,0.0,88.9,45,0.0,98.0,82,0.0,80.3,70,0.0,86.5,76,0.0,99.79,0.21,87.35,Low Gap,Placed,2025-02-09 00:00:00
STU1130,KL University,Male,2026,Full Stack Developer,8.46,71.1,2,2,3.0,1,Java,67.9,82,14.1,69.9,76,6.1,63.7,70,6.3,71.9,88,16.1,90.5,62,0.0,91.2,50,0.0,79.5,42,0.0,86.1,58,0.0,96.8,74,0.0,73.5,80,6.5,95.09,4.91,86.52,Low Gap,Placed,2025-01-27 00:00:00
STU1131,SRM University,Female,2027,Full Stack Developer,6.83,73.0,1,5,,0,JavaScript,91.6,82,0.0,74.1,76,1.9,76.2,70,0.0,80.4,88,7.6,67.5,62,0.0,69.2,50,0.0,91.2,42,0.0,71.3,58,0.0,73.4,74,0.6,86.6,80,0.0,98.99,1.01,87.49,Low Gap,Placed,2025-09-12 00:00:00
STU1132,GITAM University,Female,2026,Data Analyst,7.94,94.1,2,2,0.0,0,C++,77.3,72,0.0,93.9,65,0.0,70.6,78,7.4,67.6,62,0.0,88.2,55,0.0,77.2,78,0.8,93.6,35,0.0,68.3,40,0.0,98.0,75,0.0,89.3,72,0.0,99.18,0.82,83.35,Low Gap,Placed,2025-05-25 00:00:00
STU1133,GITAM University,Female,2026,DevOps Engineer,7.18,80.4,2,2,0.0,1,Java,69.0,72,3.0,81.0,70,0.0,76.7,58,0.0,64.9,50,0.0,65.8,82,16.2,69.6,52,0.0,74.5,48,0.0,92.0,88,0.0,86.5,72,0.0,68.9,80,11.1,96.98,3.02,81.61,Low Gap,Placed,2025-12-29 00:00:00
STU1134,GITAM University,Male,2025,Software Developer,8.59,74.9,0,3,2.0,0,JavaScript,63.7,80,16.3,60.5,78,17.5,72.0,72,0.0,79.9,68,0.0,78.7,60,0.0,85.5,55,0.0,86.5,45,0.0,81.9,50,0.0,77.0,72,0.0,62.9,78,15.1,95.1,4.9,74.25,Low Gap,Placed,2025-07-20 00:00:00
STU1135,Andhra University,Female,2026,Data Analyst,6.51,71.0,0,5,1.0,0,C++,72.4,72,0.0,64.5,65,0.5,57.4,78,20.6,58.7,62,3.3,61.7,55,0.0,84.8,78,0.0,68.6,35,0.0,51.6,40,0.0,70.5,75,4.5,77.6,72,0.0,97.12,2.88,75.24,Low Gap,Placed,2026-02-22 00:00:00
STU1136,Vignan University,Female,2026,DevOps Engineer,7.22,82.1,0,5,0.0,0,C#,59.1,72,12.9,59.5,70,10.5,77.1,58,0.0,88.9,50,0.0,72.0,82,10.0,60.0,52,0.0,75.2,48,0.0,75.2,88,12.8,42.2,72,29.8,63.3,80,16.7,90.73,9.27,71.0,Low Gap,Not Placed,2026-05-18 00:00:00
STU1137,KL University,Male,2027,Data Analyst,7.31,74.2,2,2,1.0,1,Java,53.8,72,18.2,56.7,65,8.3,90.3,78,0.0,44.0,62,18.0,91.4,55,0.0,87.8,78,0.0,69.7,35,0.0,79.4,40,0.0,64.6,75,10.4,50.8,72,21.2,92.39,7.61,79.23,Low Gap,Not Placed,2026-06-02 00:00:00
STU1138,KL University,Male,2027,DevOps Engineer,8.16,76.2,2,3,1.0,2,JavaScript,65.9,72,6.1,65.4,70,4.6,72.7,58,0.0,94.2,50,0.0,60.0,82,22.0,81.2,52,0.0,74.1,48,0.0,88.8,88,0.0,81.0,72,0.0,63.2,80,16.8,95.05,4.95,85.67,Low Gap,Placed,2026-03-08 00:00:00
STU1139,JNTU Kakinada,Male,2027,Software Developer,8.01,83.6,1,2,1.0,1,Java,82.1,80,0.0,65.1,78,12.9,61.0,72,11.0,77.2,68,0.0,54.6,60,5.4,90.6,55,0.0,81.6,45,0.0,74.1,50,0.0,78.0,72,0.0,71.4,78,6.6,96.41,3.59,77.46,Low Gap,Placed,2025-04-02 00:00:00
STU1140,KL University,Male,2027,DevOps Engineer,7.03,86.1,3,3,1.0,0,C#,87.3,72,0.0,95.1,70,0.0,72.5,58,0.0,98.0,50,0.0,79.9,82,2.1,83.5,52,0.0,80.3,48,0.0,61.0,88,27.0,70.6,72,1.4,88.0,80,0.0,96.95,3.05,90.62,Low Gap,Placed,2026-04-25 00:00:00
STU1141,KL University,Female,2025,Software Developer,8.52,73.1,2,5,0.0,1,Python,81.2,80,0.0,79.0,78,0.0,70.7,72,1.3,86.1,68,0.0,89.8,60,0.0,93.2,55,0.0,85.9,45,0.0,91.0,50,0.0,75.7,72,0.0,73.9,78,4.1,99.47,0.53,91.05,Low Gap,Placed,2026-04-09 00:00:00
STU1142,JNTU Kakinada,Female,2026,DevOps Engineer,7.08,84.4,1,2,3.0,2,Java,66.5,72,5.5,64.0,70,6.0,76.3,58,0.0,86.0,50,0.0,89.0,82,0.0,77.3,52,0.0,79.5,48,0.0,74.5,88,13.5,61.8,72,10.2,80.3,80,0.0,96.49,3.51,82.58,Low Gap,Placed,2025-04-27 00:00:00
STU1143,KL University,Male,2026,DevOps Engineer,8.17,84.3,0,2,0.0,2,Java,74.8,72,0.0,83.7,70,0.0,57.1,58,0.9,98.0,50,0.0,64.2,82,17.8,75.5,52,0.0,62.5,48,0.0,42.9,88,45.1,67.7,72,4.3,75.0,80,5.0,92.7,7.3,69.76,Low Gap,Placed,2026-03-18 00:00:00
STU1144,SRM University,Male,2027,DevOps Engineer,6.75,92.1,0,5,0.0,0,C#,68.7,72,3.3,73.7,70,0.0,66.0,58,0.0,58.4,50,0.0,77.8,82,4.2,76.3,52,0.0,78.3,48,0.0,81.6,88,6.4,59.5,72,12.5,72.7,80,7.3,96.63,3.37,74.87,Low Gap,Placed,2026-01-19 00:00:00
STU1145,KL University,Male,2026,Software Developer,8.16,82.7,2,1,1.0,0,C#,92.2,80,0.0,91.4,78,0.0,67.1,72,4.9,92.0,68,0.0,95.6,60,0.0,62.8,55,0.0,70.9,45,0.0,72.8,50,0.0,98.0,72,0.0,90.8,78,0.0,99.51,0.49,83.29,Low Gap,Placed,2026-04-14 00:00:00
STU1146,KL University,Male,2026,Software Developer,8.06,74.2,1,2,1.0,2,C#,45.9,80,34.1,55.0,78,23.0,69.3,72,2.7,61.1,68,6.9,58.3,60,1.7,62.6,55,0.0,75.4,45,0.0,73.1,50,0.0,64.4,72,7.6,63.6,78,14.4,90.96,9.04,73.29,Low Gap,Placed,2026-02-23 00:00:00
STU1147,JNTU Kakinada,Male,2025,Cloud Engineer,8.57,70.2,1,4,2.0,1,C++,77.9,70,0.0,86.0,68,0.0,81.3,62,0.0,81.1,55,0.0,71.5,88,16.5,98.0,58,0.0,76.2,45,0.0,98.0,82,0.0,79.3,70,0.0,81.2,76,0.0,98.35,1.65,86.67,Low Gap,Not Placed,2025-09-01 00:00:00
STU1148,Vignan University,Male,2027,Software Developer,6.55,94.4,2,3,1.0,1,Python,71.2,80,8.8,65.0,78,13.0,75.6,72,0.0,83.4,68,0.0,79.4,60,0.0,68.3,55,0.0,98.0,45,0.0,62.8,50,0.0,62.8,72,9.2,80.0,78,0.0,96.89,3.11,85.0,Low Gap,Placed,2025-04-11 00:00:00
STU1149,KL University,Female,2025,Full Stack Developer,6.78,75.8,2,3,1.0,0,C++,79.2,82,2.8,76.8,76,0.0,63.9,70,6.1,91.2,88,0.0,83.0,62,0.0,68.9,50,0.0,58.1,42,0.0,70.0,58,0.0,72.7,74,1.3,81.4,80,0.0,98.98,1.02,84.39,Low Gap,Placed,2025-09-23 00:00:00
STU1150,GITAM University,Male,2027,Data Analyst,7.09,64.5,3,2,1.0,3,C++,76.5,72,0.0,92.3,65,0.0,58.9,78,19.1,67.0,62,0.0,71.4,55,0.0,83.9,78,0.0,78.0,35,0.0,98.0,40,0.0,76.6,75,0.0,74.4,72,0.0,98.09,1.91,92.45,Low Gap,Placed,2025-03-21 00:00:00
STU1151,Vignan University,Female,2025,Cloud Engineer,7.05,74.8,1,4,1.0,0,Java,85.2,70,0.0,90.5,68,0.0,78.7,62,0.0,75.9,55,0.0,62.5,88,25.5,86.6,58,0.0,59.4,45,0.0,54.4,82,27.6,88.7,70,0.0,91.2,76,0.0,94.69,5.31,80.3,Low Gap,Placed,2025-05-23 00:00:00
STU1152,SRM University,Female,2025,Full Stack Developer,7.92,95.9,2,2,0.0,0,Java,78.7,82,3.3,84.3,76,0.0,64.2,70,5.8,98.0,88,0.0,69.0,62,0.0,86.3,50,0.0,77.5,42,0.0,87.6,58,0.0,58.6,74,15.4,69.0,80,11.0,96.45,3.55,80.6,Low Gap,Placed,2025-08-23 00:00:00
STU1153,SRM University,Male,2027,Data Scientist,7.76,82.3,2,4,1.0,0,Java,93.9,78,0.0,93.8,75,0.0,79.8,72,0.0,98.0,55,0.0,92.1,52,0.0,95.3,88,0.0,79.7,40,0.0,87.0,45,0.0,70.9,75,4.1,93.5,82,0.0,99.59,0.41,90.84,Low Gap,Placed,2025-02-19 00:00:00
STU1154,SRM University,Male,2025,DevOps Engineer,8.39,85.8,0,2,1.0,2,Java,97.0,72,0.0,78.0,70,0.0,84.5,58,0.0,76.2,50,0.0,71.3,82,10.7,69.0,52,0.0,63.0,48,0.0,54.5,88,33.5,76.0,72,0.0,98.0,80,0.0,95.58,4.42,74.53,Low Gap,Placed,2026-07-11 00:00:00
STU1155,GITAM University,Male,2027,Data Scientist,8.98,72.5,2,4,2.0,0,Java,94.5,78,0.0,90.1,75,0.0,90.8,72,0.0,87.2,55,0.0,82.3,52,0.0,67.6,88,20.4,84.7,40,0.0,85.2,45,0.0,86.0,75,0.0,96.3,82,0.0,97.96,2.04,91.02,Low Gap,Placed,2025-01-25 00:00:00
STU1156,Vignan University,Male,2026,Software Developer,6.11,77.6,3,4,0.0,2,Java,71.9,80,8.1,70.3,78,7.7,98.0,72,0.0,83.6,68,0.0,65.8,60,0.0,67.3,55,0.0,70.1,45,0.0,54.1,50,0.0,67.7,72,4.3,61.0,78,17.0,96.29,3.71,90.62,Low Gap,Placed,2026-01-29 00:00:00
STU1157,Andhra University,Female,2026,Software Developer,6.38,90.6,1,3,2.0,0,C#,70.2,80,9.8,77.3,78,0.7,82.1,72,0.0,68.4,68,0.0,67.1,60,0.0,82.2,55,0.0,76.6,45,0.0,70.3,50,0.0,,72,9.4,63.8,78,14.2,96.58,3.42,79.08,Low Gap,Placed,2026-07-08 00:00:00
STU1158,Vignan University,Male,2027,Cloud Engineer,7.27,70.8,0,4,1.0,2,Java,67.4,70,2.6,62.5,68,5.5,76.8,62,0.0,59.6,55,0.0,65.9,88,22.1,88.8,58,0.0,91.5,45,0.0,63.3,82,18.7,48.7,70,21.3,60.7,76,15.3,91.45,8.55,74.21,Low Gap,Not Placed,2026-01-19 00:00:00
STU1159,Andhra University,Female,2025,Software Developer,6.25,72.9,2,3,1.0,1,Java,74.1,80,5.9,65.8,78,12.2,78.6,72,0.0,66.7,68,1.3,80.6,60,0.0,69.0,55,0.0,74.3,45,0.0,62.2,50,0.0,54.2,72,17.8,67.6,78,10.4,95.23,4.77,82.65,Low Gap,Placed,2026-02-01 00:00:00
STU1160,KL University,Male,2025,Data Analyst,8.05,85.5,0,1,,2,C#,76.1,72,0.0,84.0,65,0.0,70.2,78,7.8,75.9,62,0.0,66.3,55,0.0,50.2,78,27.8,65.2,35,0.0,56.0,40,0.0,75.8,75,0.0,84.7,72,0.0,96.44,3.56,69.53,Low Gap,Placed,2026-06-10 00:00:00
STU1161,Andhra University,Female,2026,DevOps Engineer,7.25,71.0,1,2,1.0,3,C#,89.1,72,0.0,95.5,70,0.0,73.3,58,0.0,69.2,50,0.0,64.9,82,17.1,79.0,52,0.0,95.4,48,0.0,90.6,88,0.0,60.4,72,11.6,92.0,80,0.0,97.13,2.87,82.99,Low Gap,Placed,2025-10-18 00:00:00
STU1162,SRM University,Female,2026,Full Stack Developer,,100.0,1,3,1.0,3,C++,75.7,82,6.3,85.7,76,0.0,72.3,70,0.0,64.2,88,23.8,88.2,62,0.0,98.0,50,0.0,80.2,42,0.0,80.7,58,0.0,88.2,74,0.0,97.3,80,0.0,96.99,3.01,85.56,Low Gap,Not Placed,2025-06-28 00:00:00
STU1163,JNTU Kakinada,Male,2025,Data Scientist,8.91,73.0,0,5,2.0,0,C++,72.5,78,5.5,72.8,75,2.2,64.9,72,7.1,75.5,55,0.0,82.3,52,0.0,79.1,88,8.9,76.6,40,0.0,83.7,45,0.0,89.8,75,0.0,73.4,82,8.6,96.78,3.22,79.67,Low Gap,Placed,2026-06-10 00:00:00
STU1164,Vignan University,Male,2025,Data Analyst,9.22,71.6,0,2,1.0,1,C++,83.0,72,0.0,75.6,65,0.0,76.8,78,1.2,98.0,62,0.0,78.0,55,0.0,53.8,78,24.2,77.8,35,0.0,77.2,40,0.0,84.7,75,0.0,74.8,72,0.0,97.46,2.54,74.25,Low Gap,Not Placed,2025-10-09 00:00:00
STU1165,Andhra University,Female,2026,Full Stack Developer,7.04,69.4,2,4,3.0,0,Java,74.2,82,7.8,67.6,76,8.4,98.0,70,0.0,92.2,88,0.0,72.8,62,0.0,78.9,50,0.0,71.4,42,0.0,82.6,58,0.0,55.7,74,18.3,56.4,80,23.6,94.2,5.8,87.38,Low Gap,Placed,2026-05-07 00:00:00
STU1166,Vignan University,Female,2026,Data Analyst,7.93,90.8,3,5,1.0,1,Python,98.0,72,0.0,69.4,65,0.0,87.7,78,0.0,87.6,62,0.0,84.5,55,0.0,88.4,78,0.0,84.9,35,0.0,77.5,40,0.0,84.3,75,0.0,86.2,72,0.0,100.0,0.0,98.45,Low Gap,Placed,2026-03-21 00:00:00
STU1167,Vignan University,Female,2025,Full Stack Developer,7.05,78.5,1,5,0.0,0,Java,91.8,82,0.0,88.4,76,0.0,86.0,70,0.0,74.5,88,13.5,,62,0.0,44.4,50,5.6,77.7,42,0.0,98.0,58,0.0,57.2,74,16.8,84.1,80,0.0,96.41,3.59,81.85,Low Gap,Placed,2025-07-04 00:00:00
STU1168,Vignan University,Male,2025,Data Analyst,7.81,76.2,1,4,1.0,1,Python,81.5,72,0.0,75.2,65,0.0,81.4,78,0.0,91.8,62,0.0,65.6,55,0.0,69.7,78,8.3,86.9,35,0.0,81.3,40,0.0,78.0,75,0.0,70.1,72,1.9,98.98,1.02,83.99,Low Gap,Placed,2026-07-23 00:00:00
STU1169,SRM University,Female,2027,Data Analyst,6.32,84.7,2,2,0.0,1,Python,68.4,72,3.6,80.4,65,0.0,70.1,78,7.9,44.4,62,17.6,84.8,55,0.0,51.5,78,26.5,72.6,35,0.0,79.0,40,0.0,78.0,75,0.0,74.3,72,0.0,94.44,5.56,79.1,Low Gap,Placed,2026-05-24 00:00:00
STU1170,KL University,Female,2025,Data Scientist,7.82,80.3,1,2,0.0,1,C#,78.1,78,0.0,64.8,75,10.2,73.1,72,0.0,57.5,55,0.0,83.7,52,0.0,53.2,88,34.8,75.2,40,0.0,66.4,45,0.0,77.8,75,0.0,69.4,82,12.6,94.23,5.77,73.88,Low Gap,Placed,2026-01-14 00:00:00
STU1171,Andhra University,Male,2026,Data Analyst,7.29,86.6,1,3,1.0,1,JavaScript,85.4,72,0.0,79.0,65,0.0,90.7,78,0.0,98.0,62,0.0,79.5,55,0.0,57.8,78,20.2,80.8,35,0.0,78.7,40,0.0,58.5,75,16.5,84.7,72,0.0,96.33,3.67,81.14,Low Gap,Placed,2025-01-26 00:00:00
STU1172,KL University,Male,2027,Software Developer,6.77,78.6,0,4,2.0,1,C++,56.6,80,23.4,64.8,78,13.2,87.1,72,0.0,61.8,68,6.2,79.5,60,0.0,56.7,55,0.0,67.6,45,0.0,91.3,50,0.0,51.6,72,20.4,68.2,78,9.8,92.69,7.31,74.76,Low Gap,Placed,2026-06-26 00:00:00
STU1173,SRM University,Female,2026,Data Analyst,6.01,74.0,1,2,1.0,2,Python,65.4,72,6.6,70.0,65,0.0,76.8,78,1.2,63.2,62,0.0,63.8,55,0.0,74.7,78,3.3,51.5,35,0.0,66.1,40,0.0,61.8,75,13.2,71.0,72,1.0,97.48,2.52,77.3,Low Gap,Not Placed,2025-12-18 00:00:00
STU1174,GITAM University,Male,2026,DevOps Engineer,7.49,64.4,1,3,1.0,1,Python,74.4,72,0.0,53.1,70,16.9,69.7,58,0.0,71.9,50,0.0,65.7,82,16.3,57.1,52,0.0,72.7,48,0.0,62.5,88,25.5,75.7,72,0.0,73.5,80,6.5,93.48,6.52,76.35,Low Gap,Placed,2026-02-01 00:00:00
STU1175,JNTU Kakinada,Female,2026,DevOps Engineer,7.53,82.4,3,1,1.0,1,Java,79.5,72,0.0,64.1,70,5.9,79.3,58,0.0,89.0,50,0.0,57.9,82,24.1,91.1,52,0.0,82.1,48,0.0,79.4,88,8.6,77.0,72,0.0,64.6,80,15.4,94.61,5.39,85.5,Low Gap,Placed,2026-03-05 00:00:00
STU1176,SRM University,Male,2026,Full Stack Developer,7.2,78.3,1,2,1.0,1,JavaScript,60.5,82,21.5,56.4,76,19.6,79.2,70,0.0,93.8,88,0.0,81.3,62,0.0,67.5,50,0.0,63.3,42,0.0,83.6,58,0.0,91.4,74,0.0,72.6,80,7.4,95.15,4.85,77.3,Low Gap,Placed,2026-02-24 00:00:00
STU1177,GITAM University,Male,2025,Software Developer,9.0,81.4,0,4,3.0,0,Java,78.3,80,1.7,82.0,78,0.0,83.2,72,0.0,69.4,68,0.0,83.9,60,0.0,74.1,55,0.0,47.3,45,0.0,72.9,50,0.0,83.7,72,0.0,74.7,78,3.3,99.5,0.5,79.76,Low Gap,Placed,2025-03-04 00:00:00
STU1178,SRM University,Male,2025,Data Analyst,6.61,85.4,0,3,0.0,2,JavaScript,33.4,72,38.6,45.6,65,19.4,64.9,78,13.1,77.6,62,0.0,63.2,55,0.0,85.2,78,0.0,69.9,35,0.0,58.8,40,0.0,51.7,75,23.3,20.8,72,51.2,85.44,14.56,64.59,Moderate Gap,Not Placed,2026-05-26 00:00:00
STU1179,SRM University,Female,2025,Software Developer,8.45,84.0,1,1,2.0,2,C++,72.3,80,7.7,81.7,78,0.0,79.3,72,0.0,77.1,68,0.0,87.1,60,0.0,74.3,55,0.0,72.5,45,0.0,73.4,50,0.0,84.9,72,0.0,68.5,78,9.5,98.28,1.72,80.36,Low Gap,Placed,2026-08-01 00:00:00
STU1180,Vignan University,Female,2027,Cloud Engineer,6.12,83.4,1,2,0.0,1,Java,67.3,70,2.7,70.7,68,0.0,60.6,62,1.4,61.6,55,0.0,72.6,88,15.4,77.5,58,0.0,65.5,45,0.0,69.1,82,12.9,56.9,70,13.1,59.0,76,17.0,93.76,6.24,72.52,Low Gap,Not Placed,2026-03-20 00:00:00
STU1181,Andhra University,Male,2027,Software Developer,6.62,88.9,2,3,,3,C#,57.1,80,22.9,59.8,78,18.2,74.7,72,0.0,77.3,68,0.0,91.0,60,0.0,85.6,55,0.0,88.6,45,0.0,46.3,50,3.7,78.8,72,0.0,45.3,78,32.7,92.25,7.75,84.64,Low Gap,Placed,2025-05-03 00:00:00
STU1182,GITAM University,Female,2026,Software Developer,8.86,86.8,1,3,2.0,0,Python,64.0,80,16.0,49.6,78,28.4,91.4,72,0.0,86.1,68,0.0,82.3,60,0.0,98.0,55,0.0,85.2,45,0.0,89.2,50,0.0,67.4,72,4.6,52.7,78,25.3,92.57,7.43,78.63,Low Gap,Not Placed,2025-09-03 00:00:00
STU1183,SRM University,Male,2026,Data Analyst,7.47,79.8,2,2,2.0,0,C++,69.2,72,2.8,63.1,65,1.9,77.3,78,0.7,82.7,62,0.0,74.8,55,0.0,74.2,78,3.8,90.0,35,0.0,49.8,40,0.0,62.1,75,12.9,75.9,72,0.0,97.8,2.2,82.59,Low Gap,Placed,2025-03-08 00:00:00
STU1184,SRM University,Male,2025,DevOps Engineer,7.52,74.0,1,3,2.0,1,C#,62.1,72,9.9,52.3,70,17.7,87.9,58,0.0,92.6,50,0.0,64.6,82,17.4,77.1,52,0.0,79.2,48,0.0,83.7,88,4.3,88.4,72,0.0,58.4,80,21.6,92.92,7.08,79.71,Low Gap,Placed,2025-01-28 00:00:00
STU1185,SRM University,Female,2027,Full Stack Developer,6.81,84.1,0,3,2.0,1,JavaScript,71.9,82,10.1,65.3,76,10.7,62.9,70,7.1,63.4,88,24.6,63.7,62,0.0,77.8,50,0.0,75.8,42,0.0,45.3,58,12.7,60.6,74,13.4,71.6,80,8.4,91.3,8.7,71.34,Low Gap,Placed,2025-01-02 00:00:00
STU1186,SRM University,Female,2025,Software Developer,7.94,83.3,1,1,2.0,1,Java,63.1,80,16.9,67.4,78,10.6,88.6,72,0.0,49.3,68,18.7,95.9,60,0.0,81.7,55,0.0,74.6,45,0.0,62.7,50,0.0,63.9,72,8.1,69.9,78,8.1,93.76,6.24,75.21,Low Gap,Placed,2025-10-15 00:00:00
STU1187,Andhra University,Male,2027,Cloud Engineer,5.9,81.9,1,5,0.0,0,Java,69.9,70,0.1,58.4,68,9.6,78.1,62,0.0,70.8,55,0.0,88.0,88,0.0,46.6,58,11.4,66.0,45,0.0,78.9,82,3.1,35.7,70,34.3,60.8,76,15.2,92.62,7.38,76.27,Low Gap,Placed,2026-03-15 00:00:00
STU1188,GITAM University,Male,2026,Data Analyst,7.64,69.2,2,1,2.0,1,Java,73.3,72,0.0,71.9,65,0.0,64.0,78,14.0,63.1,62,0.0,91.2,55,0.0,73.4,78,4.6,71.5,35,0.0,65.5,40,0.0,80.1,75,0.0,64.9,72,7.1,97.43,2.57,81.91,Low Gap,Placed,2026-03-23 00:00:00
STU1189,KL University,Female,2027,Cloud Engineer,8.18,75.1,1,2,1.0,2,C#,70.8,70,0.0,63.1,68,4.9,50.3,62,11.7,83.1,55,0.0,83.8,88,4.2,65.2,58,0.0,46.7,45,0.0,83.5,82,0.0,53.8,70,16.2,68.1,76,7.9,95.51,4.49,76.53,Low Gap,Placed,2025-11-15 00:00:00
STU1190,Andhra University,Female,2027,Software Developer,8.18,81.4,1,4,0.0,0,Python,79.2,80,0.8,70.1,78,7.9,66.0,72,6.0,79.0,68,0.0,58.6,60,1.4,77.5,55,0.0,65.6,45,0.0,71.1,50,0.0,59.7,72,12.3,82.5,78,0.0,97.16,2.84,78.0,Low Gap,Placed,2025-09-21 00:00:00
STU1191,Vignan University,Female,2026,Data Scientist,8.23,81.8,1,5,0.0,1,JavaScript,92.0,78,0.0,86.4,75,0.0,78.5,72,0.0,75.8,55,0.0,91.7,52,0.0,79.8,88,8.2,73.3,40,0.0,77.0,45,0.0,72.1,75,2.9,96.7,82,0.0,98.9,1.1,85.71,Low Gap,Placed,2026-04-05 00:00:00
STU1192,KL University,Female,2025,Software Developer,7.82,73.7,0,4,1.0,1,C#,83.1,80,0.0,73.9,78,4.1,90.0,72,0.0,77.7,68,0.0,68.2,60,0.0,88.7,55,0.0,71.2,45,0.0,56.1,50,0.0,89.7,72,0.0,65.4,78,12.6,98.32,1.68,78.17,Low Gap,Placed,2026-02-02 00:00:00
STU1193,JNTU Kakinada,Male,2026,Data Scientist,6.42,81.5,0,1,1.0,0,JavaScript,46.8,78,31.2,43.9,75,31.1,36.7,72,35.3,37.3,55,17.7,57.5,52,0.0,98.0,88,0.0,53.3,40,0.0,68.3,45,0.0,62.1,75,12.9,36.6,82,45.4,82.64,17.36,56.91,Moderate Gap,Placed,2025-02-04 00:00:00
STU1194,GITAM University,Male,2027,Data Analyst,,84.7,1,3,0.0,1,C++,66.4,72,5.6,57.9,65,7.1,52.9,78,25.1,47.9,62,14.1,73.5,55,0.0,80.6,78,0.0,70.3,35,0.0,76.5,40,0.0,69.8,75,5.2,69.3,72,2.7,94.03,5.97,74.77,Low Gap,Placed,2025-02-28 00:00:00
STU1195,JNTU Kakinada,Male,2025,Full Stack Developer,7.83,100.0,1,1,0.0,1,C++,63.0,82,19.0,86.0,76,0.0,91.9,70,0.0,71.8,88,16.2,87.1,62,0.0,98.0,50,0.0,62.6,42,0.0,78.9,58,0.0,75.8,74,0.0,79.1,80,0.9,96.39,3.61,75.7,Low Gap,Placed,2025-04-15 00:00:00
STU1196,GITAM University,Female,2026,Data Analyst,6.65,87.3,1,4,1.0,1,C#,55.8,72,16.2,62.1,65,2.9,95.5,78,0.0,67.2,62,0.0,63.9,55,0.0,67.5,78,10.5,70.2,35,0.0,98.0,40,0.0,59.1,75,15.9,60.1,72,11.9,94.25,5.75,79.39,Low Gap,Not Placed,2026-05-25 00:00:00
STU1197,KL University,Female,2026,DevOps Engineer,7.48,90.7,1,2,1.0,0,C#,79.8,72,0.0,89.0,70,0.0,54.6,58,3.4,66.8,50,0.0,68.9,82,13.1,80.3,52,0.0,56.5,48,0.0,81.7,88,6.3,73.3,72,0.0,75.8,80,4.2,97.31,2.69,76.09,Low Gap,Placed,2026-07-08 00:00:00
STU1198,KL University,Male,2026,DevOps Engineer,7.45,91.4,2,4,0.0,0,C#,76.2,72,0.0,83.1,70,0.0,87.2,58,0.0,74.5,50,0.0,96.6,82,0.0,75.3,52,0.0,84.5,48,0.0,80.2,88,7.8,92.2,72,0.0,79.4,80,0.6,99.16,0.84,87.5,Low Gap,Placed,2025-04-01 00:00:00
STU1199,Andhra University,Male,2026,Cloud Engineer,7.25,90.0,1,3,1.0,1,JavaScript,57.2,70,12.8,25.6,68,42.4,71.1,62,0.0,81.7,55,0.0,62.4,88,25.6,90.3,58,0.0,56.3,45,0.0,70.1,82,11.9,65.4,70,4.6,60.4,76,15.6,88.7,11.3,73.13,Moderate Gap,Placed,2026-02-02 00:00:00
STU1200,JNTU Kakinada,Male,2027,Data Analyst,7.82,78.8,0,3,1.0,2,C#,58.5,72,13.5,59.3,65,5.7,61.7,78,16.3,74.7,62,0.0,56.5,55,0.0,,78,7.4,70.3,35,0.0,65.4,40,0.0,63.2,75,11.8,55.1,72,16.9,92.83,7.17,71.33,Low Gap,Not Placed,2025-05-02 00:00:00
STU1201,JNTU Kakinada,Female,2025,DevOps Engineer,6.81,72.9,2,3,0.0,1,C#,59.7,72,12.3,42.9,70,27.1,68.1,58,0.0,73.7,50,0.0,85.0,82,0.0,57.8,52,0.0,67.3,48,0.0,66.0,88,22.0,77.5,72,0.0,51.2,80,28.8,90.97,9.03,77.91,Low Gap,Placed,2025-04-20 00:00:00
STU1202,KL University,Male,2026,DevOps Engineer,6.12,81.5,2,3,0.0,0,C++,74.2,72,0.0,65.7,70,4.3,50.2,58,7.8,79.1,50,0.0,71.8,82,10.2,75.4,52,0.0,74.4,48,0.0,71.7,88,16.3,71.7,72,0.3,82.4,80,0.0,96.1,3.9,80.74,Low Gap,Placed,2025-07-21 00:00:00
STU1203,KL University,Male,2027,Cloud Engineer,7.14,96.2,2,3,1.0,1,JavaScript,71.9,70,0.0,71.7,68,0.0,77.9,62,0.0,63.3,55,0.0,81.8,88,6.2,69.0,58,0.0,91.9,45,0.0,72.1,82,9.9,81.8,70,0.0,72.0,76,4.0,97.98,2.02,85.7,Low Gap,Placed,2026-06-28 00:00:00
STU1204,Andhra University,Female,2026,Cloud Engineer,8.3,74.4,0,4,1.0,0,C++,67.9,70,2.1,61.5,68,6.5,65.8,62,0.0,90.2,55,0.0,68.7,88,19.3,60.7,58,0.0,64.9,45,0.0,70.7,82,11.3,98.0,70,0.0,71.5,76,4.5,95.63,4.37,74.13,Low Gap,Placed,2025-02-13 00:00:00
STU1205,JNTU Kakinada,Female,2025,Software Developer,7.83,72.1,1,4,2.0,2,C++,98.0,80,0.0,98.0,78,0.0,76.3,72,0.0,80.4,68,0.0,68.3,60,0.0,72.4,55,0.0,93.7,45,0.0,79.2,50,0.0,74.9,72,0.0,96.6,78,0.0,100.0,0.0,89.13,Low Gap,Placed,2025-12-16 00:00:00
STU1206,GITAM University,Male,2027,DevOps Engineer,7.65,73.4,1,3,1.0,2,JavaScript,98.0,72,0.0,87.4,70,0.0,47.0,58,11.0,96.2,50,0.0,85.3,82,0.0,,52,0.0,53.2,48,0.0,58.0,88,30.0,74.0,72,0.0,78.3,80,1.7,95.73,4.27,81.05,Low Gap,Placed,2025-08-21 00:00:00
STU1207,JNTU Kakinada,Male,2026,Full Stack Developer,7.91,85.9,1,3,0.0,0,Python,67.5,82,14.5,52.1,76,23.9,56.5,70,13.5,61.1,88,26.9,83.6,62,0.0,94.1,50,0.0,76.4,42,0.0,67.3,58,0.0,69.0,74,5.0,49.5,80,30.5,88.58,11.42,71.17,Moderate Gap,Placed,2026-03-19 00:00:00
STU1208,KL University,Male,2025,Data Analyst,7.57,75.9,0,2,1.0,0,Python,52.4,72,19.6,60.4,65,4.6,72.3,78,5.7,64.2,62,0.0,64.8,55,0.0,81.5,78,0.0,73.6,35,0.0,86.2,40,0.0,61.2,75,13.8,56.3,72,15.7,94.05,5.95,68.01,Low Gap,Placed,2025-07-17 00:00:00
STU1209,KL University,Male,2026,Data Analyst,7.76,97.1,1,2,1.0,2,C#,65.6,72,6.4,54.1,65,10.9,54.2,78,23.8,80.0,62,0.0,72.6,55,0.0,83.2,78,0.0,67.3,35,0.0,81.0,40,0.0,83.3,75,0.0,68.4,72,3.6,95.53,4.47,77.78,Low Gap,Placed,2025-12-08 00:00:00
STU1210,KL University,Female,2027,DevOps Engineer,6.22,65.0,1,2,0.0,1,C#,71.2,72,0.8,74.8,70,0.0,44.9,58,13.1,50.5,50,0.0,52.0,82,30.0,56.0,52,0.0,63.1,48,0.0,64.4,88,23.6,84.2,72,0.0,68.5,80,11.5,92.1,7.9,70.84,Low Gap,Placed,2025-03-25 00:00:00
STU1211,KL University,Female,2027,DevOps Engineer,6.83,79.2,3,2,2.0,0,JavaScript,74.4,72,0.0,72.3,70,0.0,74.4,58,0.0,86.4,50,0.0,77.9,82,4.1,74.7,52,0.0,65.3,48,0.0,78.6,88,9.4,,72,0.0,69.5,80,10.5,97.6,2.4,88.84,Low Gap,Placed,2025-06-27 00:00:00
STU1212,GITAM University,Male,2026,Full Stack Developer,7.85,81.2,1,2,2.0,0,C#,98.0,82,0.0,98.0,76,0.0,73.1,70,0.0,59.5,88,28.5,83.4,62,0.0,86.9,50,0.0,69.5,42,0.0,74.6,58,0.0,91.5,74,0.0,98.0,80,0.0,97.15,2.85,80.7,Low Gap,Placed,2026-03-11 00:00:00
STU1213,JNTU Kakinada,Male,2027,Cloud Engineer,6.99,77.9,3,4,1.0,2,C++,84.1,70,0.0,85.6,68,0.0,94.3,62,0.0,82.5,55,0.0,69.5,88,18.5,84.1,58,0.0,71.8,45,0.0,57.0,82,25.0,81.3,70,0.0,88.4,76,0.0,95.65,4.35,94.5,Low Gap,Placed,2025-01-06 00:00:00
STU1214,SRM University,Male,2025,Data Scientist,6.82,83.9,1,3,0.0,0,Java,53.1,78,24.9,43.5,75,31.5,93.1,72,0.0,77.8,55,0.0,98.0,52,0.0,53.4,88,34.6,54.3,40,0.0,59.2,45,0.0,52.3,75,22.7,52.7,82,29.3,85.69,14.31,68.69,Moderate Gap,Placed,2026-03-23 00:00:00
STU1215,GITAM University,Male,2027,DevOps Engineer,7.13,80.7,0,2,0.0,2,C++,71.8,72,0.2,69.8,70,0.2,51.3,58,6.7,68.4,50,0.0,68.0,82,14.0,50.4,52,1.6,72.3,48,0.0,61.4,88,26.6,89.4,72,0.0,69.3,80,10.7,93.99,6.01,69.45,Low Gap,Placed,2026-08-02 00:00:00
STU1216,GITAM University,Female,2026,DevOps Engineer,7.14,91.3,1,5,2.0,2,C#,93.4,72,0.0,75.0,70,0.0,57.7,58,0.3,62.6,50,0.0,56.2,82,25.8,77.0,52,0.0,86.2,48,0.0,81.4,88,6.6,67.4,72,4.6,83.3,80,0.0,96.27,3.73,86.53,Low Gap,Placed,2025-07-04 00:00:00
STU1217,GITAM University,Female,2027,Data Scientist,7.57,67.6,1,4,2.0,2,C#,95.4,78,0.0,81.8,75,0.0,65.8,72,6.2,89.5,55,0.0,88.7,52,0.0,62.4,88,25.6,70.3,40,0.0,97.0,45,0.0,53.8,75,21.2,93.2,82,0.0,94.7,5.3,85.55,Low Gap,Placed,2026-02-26 00:00:00
STU1218,GITAM University,Male,2027,Data Analyst,6.02,78.4,1,4,1.0,2,C++,62.1,72,9.9,74.5,65,0.0,64.1,78,13.9,42.1,62,19.9,56.5,55,0.0,70.7,78,7.3,66.1,35,0.0,57.7,40,0.0,59.9,75,15.1,69.3,72,2.7,93.12,6.88,78.1,Low Gap,Not Placed,2026-07-10 00:00:00
STU1219,Vignan University,Male,2026,DevOps Engineer,,73.6,0,3,1.0,0,Java,50.4,72,21.6,53.5,70,16.5,56.0,58,2.0,70.6,50,0.0,63.8,82,18.2,85.6,52,0.0,57.9,48,0.0,63.3,88,24.7,76.5,72,0.0,52.2,80,27.8,88.91,11.09,66.4,Moderate Gap,Placed,2025-12-13 00:00:00
STU1220,SRM University,Male,2027,Data Analyst,8.25,80.9,1,3,0.0,2,C#,84.3,72,0.0,85.5,65,0.0,73.7,78,4.3,67.7,62,0.0,85.0,55,0.0,79.0,78,0.0,63.2,35,0.0,85.6,40,0.0,69.8,75,5.2,69.5,72,2.5,98.8,1.2,81.36,Low Gap,Not Placed,2026-05-07 00:00:00
STU1221,SRM University,Female,2026,DevOps Engineer,7.69,75.0,1,4,0.0,0,Python,60.7,72,11.3,58.0,70,12.0,86.5,58,0.0,82.1,50,0.0,69.2,82,12.8,96.7,52,0.0,74.6,48,0.0,54.9,88,33.1,68.3,72,3.7,65.5,80,14.5,91.27,8.73,75.57,Low Gap,Placed,2025-02-08 00:00:00
STU1222,SRM University,Female,2026,Data Analyst,7.37,85.6,2,2,0.0,0,Python,67.6,72,4.4,61.0,65,4.0,90.1,78,0.0,55.0,62,7.0,70.6,55,0.0,63.8,78,14.2,76.2,35,0.0,69.1,40,0.0,57.7,75,17.3,54.9,72,17.1,93.6,6.4,76.1,Low Gap,Placed,2025-12-03 00:00:00
STU1223,Vignan University,Male,2026,Cloud Engineer,5.78,80.5,0,2,2.0,0,Java,64.1,70,5.9,76.1,68,0.0,58.0,62,4.0,42.5,55,12.5,40.2,88,47.8,65.5,58,0.0,47.1,45,0.0,53.4,82,28.6,76.5,70,0.0,61.3,76,14.7,88.65,11.35,64.44,Moderate Gap,Not Placed,2026-04-08 00:00:00
STU1224,GITAM University,Male,2026,Software Developer,8.06,79.3,1,4,1.0,1,JavaScript,73.0,80,7.0,78.7,78,0.0,77.4,72,0.0,77.8,68,0.0,70.4,60,0.0,90.1,55,0.0,69.0,45,0.0,78.3,50,0.0,69.1,72,2.9,80.6,78,0.0,99.01,0.99,83.49,Low Gap,Placed,2025-02-15 00:00:00
STU1225,Vignan University,Male,2027,Software Developer,6.62,77.4,2,4,1.0,0,JavaScript,84.6,80,0.0,88.0,78,0.0,86.6,72,0.0,92.4,68,0.0,82.4,60,0.0,71.0,55,0.0,77.3,45,0.0,95.9,50,0.0,66.4,72,5.6,91.4,78,0.0,99.44,0.56,89.32,Low Gap,Placed,2025-06-24 00:00:00
STU1226,Vignan University,Male,2026,Data Scientist,8.53,62.3,1,3,2.0,3,C#,61.3,78,16.7,58.2,75,16.8,86.2,72,0.0,61.5,55,0.0,90.3,52,0.0,62.4,88,25.6,52.6,40,0.0,65.9,45,0.0,92.2,75,0.0,60.9,82,21.1,91.97,8.03,80.63,Low Gap,Placed,2025-01-19 00:00:00
STU1227,GITAM University,Female,2026,Full Stack Developer,7.45,100.0,2,3,0.0,2,C++,80.2,82,1.8,91.7,76,0.0,87.2,70,0.0,94.7,88,0.0,78.9,62,0.0,94.3,50,0.0,59.5,42,0.0,62.9,58,0.0,55.9,74,18.1,90.4,80,0.0,98.01,1.99,86.97,Low Gap,Placed,2025-12-28 00:00:00
STU1228,Vignan University,Female,2025,Data Scientist,7.77,83.3,2,2,1.0,1,JavaScript,84.3,78,0.0,72.9,75,2.1,70.1,72,1.9,72.1,55,0.0,67.0,52,0.0,79.1,88,8.9,87.2,40,0.0,62.0,45,0.0,81.0,75,0.0,88.5,82,0.0,98.7,1.3,84.34,Low Gap,Placed,2026-04-06 00:00:00
STU1229,Vignan University,Male,2025,Data Scientist,8.63,76.2,1,2,1.0,1,Java,78.4,78,0.0,56.2,75,18.8,98.0,72,0.0,65.6,55,0.0,88.0,52,0.0,59.7,88,28.3,79.5,40,0.0,85.7,45,0.0,69.3,75,5.7,65.9,82,16.1,93.12,6.88,76.29,Low Gap,Placed,2025-04-22 00:00:00
STU1230,Andhra University,Female,2026,Cloud Engineer,6.46,90.0,1,3,1.0,1,Java,52.9,70,17.1,49.9,68,18.1,78.4,62,0.0,60.9,55,0.0,71.0,88,17.0,58.0,58,0.0,98.0,45,0.0,57.1,82,24.9,64.3,70,5.7,55.6,76,20.4,89.68,10.32,73.74,Moderate Gap,Placed,2025-02-19 00:00:00
STU1231,Andhra University,Female,2026,DevOps Engineer,8.06,91.4,2,4,0.0,2,JavaScript,79.9,72,0.0,84.0,70,0.0,76.2,58,0.0,98.0,50,0.0,87.2,82,0.0,78.9,52,0.0,98.0,48,0.0,78.4,88,9.6,79.0,72,0.0,89.4,80,0.0,99.04,0.96,91.04,Low Gap,Placed,2025-08-20 00:00:00
STU1232,GITAM University,Male,2027,Data Scientist,6.08,74.8,1,3,3.0,1,C#,63.6,78,14.4,61.0,75,14.0,75.1,72,0.0,81.1,55,0.0,85.7,52,0.0,68.9,88,19.1,49.4,40,0.0,59.2,45,0.0,75.9,75,0.0,79.8,82,2.2,95.04,4.96,80.76,Low Gap,Placed,2025-11-28 00:00:00
STU1233,SRM University,Female,2025,Full Stack Developer,7.71,69.6,0,1,1.0,0,JavaScript,76.1,82,5.9,80.1,76,0.0,55.8,70,14.2,76.8,88,11.2,68.7,62,0.0,84.4,50,0.0,59.4,42,0.0,81.4,58,0.0,77.0,74,0.0,78.6,80,1.4,96.74,3.26,69.19,Low Gap,Placed,2025-04-17 00:00:00
STU1234,GITAM University,Male,2025,Full Stack Developer,6.81,78.5,1,3,1.0,1,C#,69.0,82,13.0,92.3,76,0.0,92.9,70,0.0,43.3,88,44.7,72.8,62,0.0,58.8,50,0.0,69.0,42,0.0,76.1,58,0.0,50.9,74,23.1,76.5,80,3.5,91.57,8.43,76.25,Low Gap,Not Placed,2025-06-20 00:00:00
STU1235,Andhra University,Female,2025,Cloud Engineer,8.02,81.2,0,3,3.0,2,JavaScript,77.5,70,0.0,93.2,68,0.0,61.8,62,0.2,83.7,55,0.0,55.6,88,32.4,78.2,58,0.0,97.2,45,0.0,84.2,82,0.0,63.0,70,7.0,95.0,76,0.0,96.04,3.96,80.4,Low Gap,Placed,2026-01-17 00:00:00
STU1236,SRM University,Female,2025,Data Analyst,7.22,91.2,0,4,1.0,0,JavaScript,87.2,72,0.0,88.8,65,0.0,77.7,78,0.3,71.4,62,0.0,81.5,55,0.0,83.7,78,0.0,74.4,35,0.0,85.3,40,0.0,65.1,75,9.9,85.8,72,0.0,98.99,1.01,78.07,Low Gap,Placed,2026-05-18 00:00:00
STU1237,Vignan University,Female,2025,Data Scientist,7.45,79.8,3,2,2.0,1,C#,80.6,78,0.0,79.9,75,0.0,90.1,72,0.0,81.4,55,0.0,63.7,52,0.0,55.3,88,32.7,84.5,40,0.0,71.0,45,0.0,91.3,75,0.0,77.6,82,4.4,96.3,3.7,90.1,Low Gap,Placed,2025-02-11 00:00:00
STU1238,GITAM University,Male,2026,Data Scientist,8.36,97.0,2,3,1.0,0,Python,90.8,78,0.0,81.9,75,0.0,94.0,72,0.0,76.8,55,0.0,70.7,52,0.0,70.6,88,17.4,98.0,40,0.0,76.2,45,0.0,55.8,75,19.2,74.4,82,7.6,95.58,4.42,84.19,Low Gap,Not Placed,2025-11-04 00:00:00
STU1239,Andhra University,Female,2027,DevOps Engineer,8.81,73.7,0,5,1.0,0,C#,98.0,72,0.0,92.7,70,0.0,96.1,58,0.0,80.4,50,0.0,91.0,82,0.0,69.2,52,0.0,73.2,48,0.0,79.3,88,8.7,76.3,72,0.0,85.5,80,0.0,99.13,0.87,81.36,Low Gap,Placed,2026-03-25 00:00:00
STU1240,SRM University,Male,2027,DevOps Engineer,7.87,76.4,2,4,2.0,1,Java,74.1,72,0.0,84.2,70,0.0,79.9,58,0.0,73.6,50,0.0,80.7,82,1.3,70.3,52,0.0,79.4,48,0.0,64.9,88,23.1,94.9,72,0.0,79.9,80,0.1,97.56,2.44,89.86,Low Gap,Placed,2026-01-08 00:00:00
STU1241,GITAM University,Male,2025,DevOps Engineer,,73.3,0,2,1.0,2,Java,52.1,72,19.9,49.6,70,20.4,55.4,58,2.6,58.0,50,0.0,48.5,82,33.5,,52,0.3,70.6,48,0.0,63.6,88,24.4,71.4,72,0.6,49.4,80,30.6,86.76,13.24,64.65,Moderate Gap,Placed,2026-06-17 00:00:00
STU1242,SRM University,Female,2026,Full Stack Developer,7.95,80.9,2,4,2.0,1,Java,59.3,82,22.7,56.2,76,19.8,95.3,70,0.0,98.0,88,0.0,,62,0.0,82.6,50,0.0,80.3,42,0.0,94.9,58,0.0,72.0,74,2.0,64.2,80,15.8,93.98,6.02,87.88,Low Gap,Placed,2026-04-30 00:00:00
STU1243,JNTU Kakinada,Female,2025,Full Stack Developer,7.83,67.3,0,3,1.0,0,C#,77.4,82,4.6,77.4,76,0.0,95.4,70,0.0,52.3,88,35.7,79.2,62,0.0,80.0,50,0.0,63.0,42,0.0,59.0,58,0.0,85.4,74,0.0,87.0,80,0.0,95.97,4.03,73.37,Low Gap,Placed,2026-06-27 00:00:00
STU1244,SRM University,Female,2027,Full Stack Developer,6.31,80.6,2,4,1.0,1,Python,75.3,82,6.7,71.8,76,4.2,70.4,70,0.0,75.7,88,12.3,59.7,62,2.3,72.0,50,0.0,72.2,42,0.0,96.2,58,0.0,,74,0.0,79.6,80,0.4,97.42,2.58,87.46,Low Gap,Placed,2025-04-01 00:00:00
STU1245,Vignan University,Female,2026,DevOps Engineer,6.92,90.4,3,3,0.0,2,C#,65.4,72,6.6,58.1,70,11.9,92.9,58,0.0,70.7,50,0.0,74.5,82,7.5,65.8,52,0.0,64.8,48,0.0,70.2,88,17.8,65.8,72,6.2,69.4,80,10.6,93.93,6.07,87.2,Low Gap,Placed,2025-01-03 00:00:00
STU1246,Vignan University,Female,2027,Full Stack Developer,8.68,82.1,0,2,2.0,0,Java,53.5,82,28.5,31.8,76,44.2,80.8,70,0.0,85.2,88,2.8,52.8,62,9.2,84.2,50,0.0,86.8,42,0.0,48.6,58,9.4,64.3,74,9.7,51.9,80,28.1,86.81,13.19,65.26,Moderate Gap,Placed,2026-01-08 00:00:00
STU1247,SRM University,Other,2025,Cloud Engineer,8.41,90.2,3,2,0.0,2,C#,94.9,70,0.0,76.5,68,0.0,88.9,62,0.0,75.5,55,0.0,91.5,88,0.0,84.8,58,0.0,94.9,45,0.0,98.0,82,0.0,87.8,70,0.0,79.4,76,0.0,100.0,0.0,93.17,Low Gap,Placed,2026-06-04 00:00:00
STU1248,Andhra University,Male,2026,DevOps Engineer,7.99,90.9,0,2,1.0,0,C++,76.5,72,0.0,83.2,70,0.0,77.9,58,0.0,73.3,50,0.0,59.7,82,22.3,76.8,52,0.0,81.5,48,0.0,64.9,88,23.1,87.0,72,0.0,79.2,80,0.8,95.38,4.62,71.23,Low Gap,Placed,2025-07-12 00:00:00
STU1249,GITAM University,Male,2026,DevOps Engineer,6.89,70.9,0,1,2.0,1,JavaScript,59.8,72,12.2,49.3,70,20.7,68.4,58,0.0,81.0,50,0.0,54.5,82,27.5,59.7,52,0.0,58.3,48,0.0,63.3,88,24.7,82.5,72,0.0,46.5,80,33.5,88.14,11.86,64.86,Moderate Gap,Not Placed,2025-01-27 00:00:00
STU1250,SRM University,Male,2025,DevOps Engineer,,88.0,1,2,2.0,0,Java,63.4,72,8.6,46.6,70,23.4,78.1,58,0.0,68.3,50,0.0,79.7,82,2.3,60.4,52,0.0,42.1,48,5.9,80.0,88,8.0,68.2,72,3.8,40.7,80,39.3,90.87,9.13,71.72,Low Gap,Not Placed,2026-03-02 00:00:00
STU1251,Andhra University,Female,2026,Data Analyst,7.31,80.6,1,3,1.0,0,JavaScript,48.9,72,23.1,57.5,65,7.5,57.8,78,20.2,66.9,62,0.0,70.4,55,0.0,68.3,78,9.7,66.8,35,0.0,76.0,40,0.0,46.1,75,28.9,55.0,72,17.0,89.36,10.64,71.12,Moderate Gap,Placed,2025-12-03 00:00:00
STU1252,Vignan University,Male,2025,Software Developer,8.32,81.1,0,3,0.0,1,Java,71.4,80,8.6,76.8,78,1.2,78.0,72,0.0,63.7,68,4.3,68.3,60,0.0,74.5,55,0.0,68.2,45,0.0,54.8,50,0.0,64.7,72,7.3,80.7,78,0.0,97.86,2.14,72.57,Low Gap,Placed,2025-01-12 00:00:00
STU1253,JNTU Kakinada,Female,2026,DevOps Engineer,8.03,74.9,0,2,0.0,0,JavaScript,74.0,72,0.0,71.5,70,0.0,72.8,58,0.0,68.7,50,0.0,54.2,82,27.8,86.0,52,0.0,66.6,48,0.0,66.6,88,21.4,70.4,72,1.6,73.9,80,6.1,94.3,5.7,67.57,Low Gap,Placed,2026-02-13 00:00:00
STU1254,SRM University,Female,2026,Data Scientist,7.82,96.9,1,4,1.0,1,Python,82.9,78,0.0,82.8,75,0.0,87.3,72,0.0,91.1,55,0.0,78.8,52,0.0,,88,31.2,88.7,40,0.0,70.0,45,0.0,66.2,75,8.8,89.2,82,0.0,96.0,4.0,83.01,Low Gap,Placed,2025-04-10 00:00:00
STU1255,GITAM University,Male,2026,Data Analyst,6.6,94.9,2,4,1.0,3,C++,89.4,72,0.0,76.8,65,0.0,75.2,78,2.8,73.2,62,0.0,64.4,55,0.0,65.7,78,12.3,80.6,35,0.0,76.6,40,0.0,68.2,75,6.8,84.8,72,0.0,97.81,2.19,90.67,Low Gap,Placed,2026-07-20 00:00:00
STU1256,Andhra University,Female,2027,DevOps Engineer,7.61,91.5,1,4,0.0,0,C++,81.2,72,0.0,93.7,70,0.0,74.4,58,0.0,98.0,50,0.0,68.8,82,13.2,79.3,52,0.0,91.8,48,0.0,83.8,88,4.2,88.1,72,0.0,95.2,80,0.0,98.26,1.74,82.84,Low Gap,Placed,2025-12-28 00:00:00
STU1257,KL University,Male,2025,DevOps Engineer,7.84,68.7,0,3,1.0,0,Java,53.7,72,18.3,51.9,70,18.1,70.0,58,0.0,45.3,50,4.7,79.7,82,2.3,,52,0.0,58.0,48,0.0,81.3,88,6.7,71.5,72,0.5,53.2,80,26.8,92.25,7.75,67.8,Low Gap,Placed,2025-01-22 00:00:00
STU1258,SRM University,Female,2026,Cloud Engineer,7.7,93.9,3,4,2.0,0,Java,72.9,70,0.0,56.4,68,11.6,82.2,62,0.0,98.0,55,0.0,79.3,88,8.7,98.0,58,0.0,82.5,45,0.0,74.8,82,7.2,86.3,70,0.0,59.7,76,16.3,95.62,4.38,92.73,Low Gap,Placed,2026-04-08 00:00:00
STU1259,Andhra University,Female,2027,DevOps Engineer,6.94,90.9,2,2,2.0,0,Python,51.1,72,20.9,63.8,70,6.2,55.5,58,2.5,53.4,50,0.0,81.0,82,1.0,61.5,52,0.0,84.4,48,0.0,87.6,88,0.4,78.0,72,0.0,50.7,80,29.3,93.97,6.03,79.3,Low Gap,Placed,2026-07-18 00:00:00
STU1260,KL University,Female,2025,Cloud Engineer,6.98,77.2,3,4,1.0,1,C#,66.6,70,3.4,75.2,68,0.0,64.8,62,0.0,83.3,55,0.0,92.9,88,0.0,77.7,58,0.0,98.0,45,0.0,98.0,82,0.0,73.1,70,0.0,74.7,76,1.3,99.52,0.48,94.91,Low Gap,Placed,2025-04-15 00:00:00
STU1261,SRM University,Female,2027,Data Scientist,6.82,,1,2,1.0,0,JavaScript,83.2,78,0.0,95.4,75,0.0,80.5,72,0.0,62.5,55,0.0,86.8,52,0.0,73.7,88,14.3,64.0,40,0.0,67.6,45,0.0,42.0,75,33.0,91.8,82,0.0,95.28,4.72,75.8,Low Gap,Placed,2026-03-05 00:00:00
STU1262,GITAM University,Female,2026,Data Scientist,7.46,88.2,2,1,3.0,2,Python,82.0,78,0.0,89.9,75,0.0,80.2,72,0.0,65.5,55,0.0,73.5,52,0.0,51.9,88,36.1,78.9,40,0.0,93.0,45,0.0,85.7,75,0.0,93.6,82,0.0,96.39,3.61,86.7,Low Gap,Placed,2025-06-06 00:00:00
STU1263,SRM University,Male,2027,DevOps Engineer,8.26,83.4,2,5,0.0,1,C++,98.0,72,0.0,98.0,70,0.0,96.7,58,0.0,73.1,50,0.0,98.0,82,0.0,82.3,52,0.0,78.7,48,0.0,93.6,88,0.0,81.5,72,0.0,98.0,80,0.0,100.0,0.0,93.44,Low Gap,Placed,2025-02-25 00:00:00
STU1264,KL University,Male,2025,Full Stack Developer,,,0,3,2.0,0,JavaScript,79.1,82,2.9,88.4,76,0.0,64.1,70,5.9,63.1,88,24.9,84.3,62,0.0,66.4,50,0.0,74.9,42,0.0,67.3,58,0.0,63.4,74,10.6,98.0,80,0.0,95.57,4.43,74.48,Low Gap,Placed,2026-03-09 00:00:00
STU1265,Vignan University,Male,2026,Cloud Engineer,8.53,88.9,2,3,1.0,1,Java,80.9,70,0.0,74.7,68,0.0,73.7,62,0.0,98.0,55,0.0,,88,0.0,97.5,58,0.0,98.0,45,0.0,86.0,82,0.0,77.4,70,0.0,70.3,76,5.7,99.43,0.57,89.38,Low Gap,Placed,2025-01-27 00:00:00
STU1266,KL University,Female,2025,Data Analyst,7.23,82.1,1,2,1.0,0,C++,65.4,72,6.6,67.2,65,0.0,69.9,78,8.1,59.0,62,3.0,73.5,55,0.0,79.0,78,0.0,59.7,35,0.0,60.0,40,0.0,51.9,75,23.1,71.6,72,0.4,95.89,4.11,73.37,Low Gap,Placed,2026-05-10 00:00:00
STU1267,SRM University,Female,2027,Full Stack Developer,6.84,97.6,2,2,1.0,2,C++,96.8,82,0.0,91.3,76,0.0,74.1,70,0.0,69.2,88,18.8,86.6,62,0.0,79.3,50,0.0,54.4,42,0.0,90.0,58,0.0,65.1,74,8.9,85.0,80,0.0,97.24,2.76,86.01,Low Gap,Placed,2025-08-22 00:00:00
STU1268,Vignan University,Female,2025,Data Scientist,7.72,97.3,2,3,0.0,1,C++,79.8,78,0.0,69.8,75,5.2,98.0,72,0.0,69.7,55,0.0,75.2,52,0.0,98.0,88,0.0,71.2,40,0.0,79.3,45,0.0,58.4,75,16.6,61.9,82,20.1,95.81,4.19,83.46,Low Gap,Placed,2025-03-19 00:00:00
STU1269,GITAM University,Male,2026,Cloud Engineer,6.83,78.5,3,1,2.0,2,C#,87.2,70,0.0,81.1,68,0.0,94.4,62,0.0,79.4,55,0.0,69.3,88,18.7,76.3,58,0.0,60.2,45,0.0,71.5,82,10.5,65.1,70,4.9,98.0,76,0.0,96.59,3.41,89.94,Low Gap,Placed,2026-02-28 00:00:00
STU1270,Andhra University,Other,2025,Data Scientist,6.26,83.8,1,3,1.0,0,C++,51.0,78,27.0,59.5,75,15.5,58.0,72,14.0,59.4,55,0.0,60.5,52,0.0,77.9,88,10.1,75.5,40,0.0,54.1,45,0.0,52.3,75,22.7,62.5,82,19.5,89.12,10.88,70.92,Moderate Gap,Placed,2026-06-29 00:00:00
STU1271,JNTU Kakinada,Male,2027,Cloud Engineer,8.22,82.4,0,2,1.0,2,C#,91.9,70,0.0,89.9,68,0.0,66.1,62,0.0,49.9,55,5.1,63.7,88,24.3,68.5,58,0.0,68.4,45,0.0,91.9,82,0.0,98.0,70,0.0,86.0,76,0.0,97.06,2.94,75.4,Low Gap,Placed,2025-05-31 00:00:00
STU1272,Vignan University,Female,2027,Data Analyst,7.52,69.2,0,5,1.0,2,C++,60.1,72,11.9,35.0,65,30.0,68.1,78,9.9,55.6,62,6.4,67.8,55,0.0,62.1,78,15.9,77.5,35,0.0,81.4,40,0.0,89.7,75,0.0,47.6,72,24.4,90.14,9.86,74.41,Low Gap,Not Placed,2025-06-16 00:00:00
STU1273,Andhra University,Male,2025,Full Stack Developer,7.94,87.4,0,3,2.0,0,Java,51.6,82,30.4,51.1,76,24.9,73.7,70,0.0,85.3,88,2.7,80.1,62,0.0,67.1,50,0.0,66.6,42,0.0,68.8,58,0.0,75.0,74,0.0,45.2,80,34.8,90.71,9.29,69.75,Low Gap,Placed,2026-04-15 00:00:00
STU1274,KL University,Male,2026,DevOps Engineer,7.88,82.2,1,3,2.0,0,C++,69.7,72,2.3,65.5,70,4.5,91.9,58,0.0,85.8,50,0.0,68.0,82,14.0,35.4,52,16.6,69.8,48,0.0,85.8,88,2.2,91.6,72,0.0,65.7,80,14.3,94.61,5.39,78.45,Low Gap,Placed,2025-08-31 00:00:00
STU1275,JNTU Kakinada,Male,2027,Data Analyst,8.61,74.6,1,4,0.0,1,C++,83.3,72,0.0,83.4,65,0.0,93.3,78,0.0,64.6,62,0.0,83.7,55,0.0,80.4,78,0.0,83.9,35,0.0,88.6,40,0.0,,75,1.9,90.1,72,0.0,99.81,0.19,84.14,Low Gap,Placed,2025-06-04 00:00:00
STU1276,KL University,Female,2026,Full Stack Developer,8.75,97.5,1,4,1.0,0,JavaScript,79.3,82,2.7,64.8,76,11.2,89.6,70,0.0,97.1,88,0.0,78.6,62,0.0,97.8,50,0.0,79.4,42,0.0,98.0,58,0.0,75.7,74,0.0,69.1,80,10.9,97.51,2.49,83.27,Low Gap,Placed,2025-01-24 00:00:00
STU1277,Andhra University,Female,2026,Full Stack Developer,8.39,88.7,1,2,1.0,0,Python,60.0,82,22.0,60.4,76,15.6,73.4,70,0.0,93.7,88,0.0,61.2,62,0.8,88.4,50,0.0,82.6,42,0.0,67.2,58,0.0,63.6,74,10.4,52.7,80,27.3,92.38,7.62,73.17,Low Gap,Not Placed,2025-07-03 00:00:00
STU1278,KL University,Male,2026,Full Stack Developer,8.39,65.4,1,4,2.0,0,Python,98.0,82,0.0,86.6,76,0.0,85.8,70,0.0,71.0,88,17.0,80.8,62,0.0,86.4,50,0.0,62.6,42,0.0,75.5,58,0.0,68.5,74,5.5,94.0,80,0.0,97.76,2.24,84.27,Low Gap,Placed,2025-09-29 00:00:00
STU1279,SRM University,Male,2026,Data Scientist,8.67,72.7,1,3,0.0,0,Python,75.8,78,2.2,71.6,75,3.4,92.8,72,0.0,83.8,55,0.0,77.3,52,0.0,67.0,88,21.0,94.3,40,0.0,78.7,45,0.0,89.9,75,0.0,79.6,82,2.4,97.1,2.9,79.02,Low Gap,Placed,2025-05-02 00:00:00
STU1280,SRM University,Female,2025,Data Scientist,6.86,78.8,1,4,,0,C#,60.9,78,17.1,50.1,75,24.9,65.8,72,6.2,47.7,55,7.3,57.4,52,0.0,69.1,88,18.9,69.4,40,0.0,68.9,45,0.0,79.7,75,0.0,63.8,82,18.2,90.73,9.27,72.81,Low Gap,Not Placed,2025-05-23 00:00:00
STU1281,KL University,Male,2027,Cloud Engineer,6.72,85.3,0,2,1.0,2,C++,84.4,70,0.0,68.5,68,0.0,55.3,62,6.7,51.6,55,3.4,76.9,88,11.1,66.2,58,0.0,72.7,45,0.0,32.7,82,49.3,79.7,70,0.0,76.0,76,0.0,92.95,7.05,70.25,Low Gap,Placed,2025-11-11 00:00:00
STU1282,Vignan University,Male,2026,Full Stack Developer,9.41,80.7,1,3,0.0,0,C#,72.4,82,9.6,58.2,76,17.8,67.0,70,3.0,74.5,88,13.5,77.1,62,0.0,70.6,50,0.0,79.7,42,0.0,50.9,58,7.1,80.0,74,0.0,59.7,80,20.3,92.86,7.14,73.49,Low Gap,Placed,2026-03-23 00:00:00
STU1283,SRM University,Male,2026,Cloud Engineer,7.3,79.0,1,3,2.0,3,C++,74.0,70,0.0,61.0,68,7.0,61.9,62,0.1,73.3,55,0.0,69.3,88,18.7,81.6,58,0.0,64.2,45,0.0,72.0,82,10.0,63.1,70,6.9,69.7,76,6.3,95.1,4.9,82.0,Low Gap,Placed,2025-09-24 00:00:00
STU1284,GITAM University,Female,2026,Software Developer,8.01,91.5,0,2,1.0,1,Java,50.5,80,29.5,45.3,78,32.7,94.4,72,0.0,77.2,68,0.0,,60,0.0,81.0,55,0.0,44.7,45,0.3,71.0,50,0.0,79.9,72,0.0,50.4,78,27.6,90.98,9.02,68.03,Low Gap,Placed,2025-07-16 00:00:00
STU1285,Andhra University,Male,2026,Data Analyst,7.67,68.3,1,4,0.0,0,Python,57.6,72,14.4,60.1,65,4.9,83.6,78,0.0,70.3,62,0.0,72.3,55,0.0,61.1,78,16.9,68.3,35,0.0,71.6,40,0.0,89.7,75,0.0,63.5,72,8.5,95.53,4.47,76.93,Low Gap,Placed,2025-08-28 00:00:00
STU1286,KL University,Female,2026,Data Scientist,7.78,81.7,3,3,2.0,0,Python,85.3,78,0.0,84.2,75,0.0,98.0,72,0.0,90.6,55,0.0,84.6,52,0.0,98.0,88,0.0,84.4,40,0.0,88.9,45,0.0,65.0,75,10.0,98.0,82,0.0,99.0,1.0,94.85,Low Gap,Placed,2026-01-20 00:00:00
STU1287,Vignan University,Male,2025,Full Stack Developer,6.86,67.3,0,3,1.0,1,Python,65.9,82,16.1,76.8,76,0.0,72.9,70,0.0,79.5,88,8.5,,62,2.8,57.0,50,0.0,70.1,42,0.0,84.0,58,0.0,71.3,74,2.7,75.7,80,4.3,96.56,3.44,73.82,Low Gap,Placed,2025-07-29 00:00:00
STU1288,JNTU Kakinada,Female,2027,Full Stack Developer,8.03,76.7,2,3,1.0,1,C++,98.0,82,0.0,90.8,76,0.0,98.0,70,0.0,85.2,88,2.8,96.4,62,0.0,83.7,50,0.0,91.1,42,0.0,82.3,58,0.0,60.5,74,13.5,98.0,80,0.0,98.37,1.63,89.78,Low Gap,Placed,2025-09-08 00:00:00
STU1289,Andhra University,Male,2025,Full Stack Developer,8.38,97.9,3,3,2.0,1,Python,87.9,82,0.0,69.5,76,6.5,64.7,70,5.3,98.0,88,0.0,92.3,62,0.0,82.4,50,0.0,94.0,42,0.0,98.0,58,0.0,63.3,74,10.7,72.4,80,7.6,97.0,3.0,93.82,Low Gap,Placed,2025-11-10 00:00:00
STU1290,KL University,Other,2027,Software Developer,7.44,92.6,2,3,1.0,1,C#,98.0,80,0.0,98.0,78,0.0,88.3,72,0.0,83.9,68,0.0,98.0,60,0.0,86.9,55,0.0,62.7,45,0.0,89.3,50,0.0,70.6,72,1.4,98.0,78,0.0,99.86,0.14,90.15,Low Gap,Placed,2025-10-28 00:00:00
STU1291,GITAM University,Female,2027,Cloud Engineer,7.68,82.9,0,2,0.0,0,C#,78.4,70,0.0,65.4,68,2.6,87.0,62,0.0,65.8,55,0.0,98.0,88,0.0,59.3,58,0.0,70.6,45,0.0,63.4,82,18.6,78.5,70,0.0,67.2,76,8.8,96.99,3.01,69.65,Low Gap,Placed,2026-06-11 00:00:00
STU1292,SRM University,Female,2025,Cloud Engineer,8.2,80.2,1,5,2.0,1,C#,75.8,70,0.0,37.6,68,30.4,72.0,62,0.0,88.5,55,0.0,80.7,88,7.3,81.8,58,0.0,70.3,45,0.0,86.1,82,0.0,62.6,70,7.4,57.0,76,19.0,93.58,6.42,82.98,Low Gap,Placed,2025-01-22 00:00:00
STU1293,KL University,Male,2026,Data Analyst,8.48,69.1,2,4,1.0,0,Java,96.0,72,0.0,88.0,65,0.0,89.8,78,0.0,87.2,62,0.0,98.0,55,0.0,90.0,78,0.0,85.3,35,0.0,97.1,40,0.0,67.9,75,7.1,95.0,72,0.0,99.29,0.71,91.01,Low Gap,Placed,2025-07-06 00:00:00
STU1294,SRM University,Male,2027,DevOps Engineer,9.46,84.0,1,3,2.0,1,Python,98.0,72,0.0,88.0,70,0.0,71.4,58,0.0,81.3,50,0.0,68.4,82,13.6,,52,0.0,98.0,48,0.0,86.0,88,2.0,80.4,72,0.0,98.0,80,0.0,98.44,1.56,85.27,Low Gap,Placed,2025-11-05 00:00:00
STU1295,JNTU Kakinada,Male,2026,Full Stack Developer,7.11,71.7,1,3,1.0,1,C++,86.2,82,0.0,98.0,76,0.0,63.6,70,6.4,71.8,88,16.2,78.8,62,0.0,70.2,50,0.0,52.6,42,0.0,70.4,58,0.0,80.7,74,0.0,93.3,80,0.0,97.75,2.25,80.95,Low Gap,Placed,2025-07-20 00:00:00
STU1296,JNTU Kakinada,Male,2027,Software Developer,8.02,84.3,2,4,2.0,2,JavaScript,98.0,80,0.0,93.1,78,0.0,94.9,72,0.0,76.7,68,0.0,98.0,60,0.0,98.0,55,0.0,84.9,45,0.0,77.6,50,0.0,89.6,72,0.0,81.5,78,0.0,100.0,0.0,95.77,Low Gap,Placed,2025-10-14 00:00:00
STU1297,SRM University,Female,2025,Cloud Engineer,7.88,86.2,0,3,2.0,0,C++,73.6,70,0.0,61.8,68,6.2,66.2,62,0.0,73.2,55,0.0,81.4,88,6.6,71.7,58,0.0,79.8,45,0.0,55.8,82,26.2,74.6,70,0.0,70.8,76,5.2,95.59,4.41,73.29,Low Gap,Placed,2026-02-23 00:00:00
STU1298,SRM University,Male,2027,DevOps Engineer,6.7,77.6,1,2,0.0,1,JavaScript,76.8,72,0.0,70.9,70,0.0,63.9,58,0.0,58.7,50,0.0,66.3,82,15.7,60.8,52,0.0,77.5,48,0.0,72.2,88,15.8,71.9,72,0.1,83.2,80,0.0,96.85,3.15,75.15,Low Gap,Not Placed,2025-03-26 00:00:00
STU1299,Andhra University,Male,2026,Full Stack Developer,7.76,92.9,1,2,1.0,0,Java,58.7,82,23.3,60.1,76,15.9,76.1,70,0.0,61.2,88,26.8,61.9,62,0.1,75.9,50,0.0,82.1,42,0.0,86.2,58,0.0,67.7,74,6.3,58.7,80,21.3,90.63,9.37,71.95,Low Gap,Placed,2025-07-09 00:00:00
STU1300,JNTU Kakinada,Female,2027,DevOps Engineer,7.62,83.4,0,2,2.0,0,Python,86.6,72,0.0,91.1,70,0.0,61.1,58,0.0,53.8,50,0.0,82.5,82,0.0,75.9,52,0.0,80.2,48,0.0,72.2,88,15.8,76.9,72,0.0,73.2,80,6.8,97.74,2.26,73.59,Low Gap,Not Placed,2025-11-14 00:00:00
STU1301,SRM University,Female,2027,Data Scientist,8.09,71.7,3,3,2.0,3,Python,87.6,78,0.0,76.4,75,0.0,82.0,72,0.0,58.4,55,0.0,87.7,52,0.0,87.6,88,0.4,89.2,40,0.0,98.0,45,0.0,72.6,75,2.4,73.5,82,8.5,98.87,1.13,97.38,Low Gap,Placed,2026-03-26 00:00:00
STU1302,GITAM University,Female,2026,Software Developer,8.16,87.3,0,1,0.0,1,C++,56.4,80,23.6,55.2,78,22.8,75.5,72,0.0,75.2,68,0.0,91.1,60,0.0,54.7,55,0.3,48.0,45,0.0,60.8,50,0.0,69.0,72,3.0,52.6,78,25.4,92.48,7.52,64.27,Low Gap,Not Placed,2026-07-07 00:00:00
STU1303,KL University,Male,2027,DevOps Engineer,7.66,78.5,3,4,1.0,0,Java,57.5,72,14.5,39.9,70,30.1,72.1,58,0.0,82.0,50,0.0,58.0,82,24.0,87.6,52,0.0,96.2,48,0.0,83.9,88,4.1,79.5,72,0.0,48.7,80,31.3,89.6,10.4,85.98,Moderate Gap,Placed,2026-07-29 00:00:00
STU1304,SRM University,Male,2027,Data Scientist,6.54,,1,2,2.0,1,Java,76.6,78,1.4,86.8,75,0.0,66.4,72,5.6,51.8,55,3.2,73.5,52,0.0,67.2,88,20.8,83.1,40,0.0,71.0,45,0.0,70.7,75,4.3,82.8,82,0.0,96.48,3.52,78.82,Low Gap,Placed,2025-02-05 00:00:00
STU1305,JNTU Kakinada,Male,2026,DevOps Engineer,7.54,89.8,1,3,0.0,1,C#,70.5,72,1.5,66.4,70,3.6,62.9,58,0.0,69.5,50,0.0,62.5,82,19.5,80.6,52,0.0,65.8,48,0.0,84.0,88,4.0,69.1,72,2.9,60.3,80,19.7,94.88,5.12,75.94,Low Gap,Placed,2025-04-15 00:00:00
STU1306,GITAM University,Male,2026,Full Stack Developer,6.97,86.6,3,3,0.0,1,JavaScript,90.7,82,0.0,80.0,76,0.0,62.2,70,7.8,97.3,88,0.0,76.4,62,0.0,37.9,50,12.1,83.8,42,0.0,83.6,58,0.0,82.4,74,0.0,80.2,80,0.0,98.02,1.98,89.85,Low Gap,Placed,2025-01-13 00:00:00
STU1307,JNTU Kakinada,Male,2026,DevOps Engineer,6.21,76.5,0,3,1.0,1,Python,54.2,72,17.8,62.5,70,7.5,74.4,58,0.0,55.5,50,0.0,67.8,82,14.2,49.4,52,2.6,64.1,48,0.0,55.6,88,32.4,62.3,72,9.7,54.9,80,25.1,89.08,10.92,67.11,Moderate Gap,Not Placed,2025-08-13 00:00:00
STU1308,GITAM University,Female,2026,Data Scientist,7.52,85.2,0,1,4.0,0,Python,45.0,78,33.0,47.2,75,27.8,89.7,72,0.0,83.5,55,0.0,82.9,52,0.0,50.8,88,37.2,62.2,40,0.0,68.9,45,0.0,53.9,75,21.1,53.1,82,28.9,85.19,14.81,65.45,Moderate Gap,Not Placed,2025-11-27 00:00:00
STU1309,SRM University,Male,2027,Cloud Engineer,8.52,81.5,2,4,1.0,2,Java,71.6,70,0.0,65.0,68,3.0,81.9,62,0.0,66.5,55,0.0,86.5,88,1.5,89.1,58,0.0,79.8,45,0.0,95.0,82,0.0,55.2,70,14.8,77.8,76,0.0,98.08,1.92,89.69,Low Gap,Placed,2025-12-04 00:00:00
STU1310,SRM University,Female,2027,Cloud Engineer,7.41,83.0,0,4,2.0,0,JavaScript,74.5,70,0.0,77.8,68,0.0,70.3,62,0.0,44.3,55,10.7,79.8,88,8.2,98.0,58,0.0,69.7,45,0.0,56.6,82,25.4,79.6,70,0.0,88.2,76,0.0,95.57,4.43,76.17,Low Gap,Placed,2025-05-31 00:00:00
STU1311,Andhra University,Female,2027,DevOps Engineer,6.35,85.1,2,4,0.0,0,JavaScript,70.3,72,1.7,51.2,70,18.8,56.8,58,1.2,70.1,50,0.0,56.6,82,25.4,69.3,52,0.0,74.1,48,0.0,98.0,88,0.0,65.2,72,6.8,61.0,80,19.0,92.71,7.29,79.9,Low Gap,Placed,2025-04-15 00:00:00
STU1312,JNTU Kakinada,Female,2027,Data Analyst,8.2,96.0,1,4,1.0,0,C#,91.2,72,0.0,86.9,65,0.0,92.6,78,0.0,76.0,62,0.0,87.3,55,0.0,98.0,78,0.0,76.8,35,0.0,82.6,40,0.0,84.6,75,0.0,96.1,72,0.0,100.0,0.0,85.66,Low Gap,Placed,2026-06-27 00:00:00
STU1313,GITAM University,Male,2026,Full Stack Developer,7.94,89.6,1,4,2.0,0,Python,74.8,82,7.2,79.0,76,0.0,93.5,70,0.0,74.5,88,13.5,81.2,62,0.0,78.3,50,0.0,96.9,42,0.0,68.0,58,0.0,50.7,74,23.3,73.3,80,6.7,94.93,5.07,81.82,Low Gap,Placed,2026-01-04 00:00:00
STU1314,SRM University,Male,2026,Data Analyst,8.12,90.9,2,2,1.0,1,Java,79.9,72,0.0,83.7,65,0.0,98.0,78,0.0,98.0,62,0.0,77.5,55,0.0,81.6,78,0.0,83.0,35,0.0,77.4,40,0.0,85.7,75,0.0,81.3,72,0.0,100.0,0.0,87.38,Low Gap,Placed,2025-10-19 00:00:00
STU1315,JNTU Kakinada,Male,2026,Software Developer,7.23,73.3,1,1,1.0,0,Python,75.0,80,5.0,76.1,78,1.9,38.8,72,33.2,65.8,68,2.2,70.3,60,0.0,64.0,55,0.0,67.4,45,0.0,77.9,50,0.0,82.5,72,0.0,69.0,78,9.0,94.86,5.14,71.79,Low Gap,Placed,2025-05-31 00:00:00
STU1316,JNTU Kakinada,Male,2025,DevOps Engineer,6.52,77.6,3,2,0.0,1,Python,64.6,72,7.4,61.7,70,8.3,73.9,58,0.0,81.4,50,0.0,83.7,82,0.0,77.4,52,0.0,86.8,48,0.0,69.0,88,19.0,72.6,72,0.0,66.1,80,13.9,95.13,4.87,85.42,Low Gap,Placed,2025-08-13 00:00:00
STU1317,Andhra University,Female,2025,Data Analyst,8.21,90.4,0,4,1.0,0,C++,64.1,72,7.9,62.3,65,2.7,61.4,78,16.6,76.0,62,0.0,63.6,55,0.0,77.7,78,0.3,76.3,35,0.0,56.8,40,0.0,65.4,75,9.6,60.3,72,11.7,95.13,4.87,72.22,Low Gap,Placed,2025-09-10 00:00:00
STU1318,Vignan University,Female,2025,DevOps Engineer,8.21,93.1,0,2,1.0,0,C++,77.4,72,0.0,78.7,70,0.0,52.7,58,5.3,53.0,50,0.0,72.8,82,9.2,70.0,52,0.0,79.4,48,0.0,71.1,88,16.9,74.7,72,0.0,81.9,80,0.0,96.86,3.14,70.44,Low Gap,Not Placed,2026-06-19 00:00:00
STU1319,KL University,Male,2027,Data Scientist,7.55,69.7,1,3,2.0,0,C#,57.8,78,20.2,56.8,75,18.2,70.3,72,1.7,82.2,55,0.0,62.7,52,0.0,66.1,88,21.9,75.8,40,0.0,82.0,45,0.0,59.4,75,15.6,52.5,82,29.5,89.29,10.71,74.15,Moderate Gap,Placed,2026-04-15 00:00:00
STU1320,SRM University,Male,2025,DevOps Engineer,7.93,72.9,2,3,2.0,3,C#,54.5,72,17.5,55.2,70,14.8,98.0,58,0.0,65.4,50,0.0,76.0,82,6.0,85.2,52,0.0,53.1,48,0.0,80.5,88,7.5,59.6,72,12.4,52.5,80,27.5,91.42,8.58,85.04,Low Gap,Placed,2026-04-19 00:00:00
STU1321,Andhra University,Male,2026,Full Stack Developer,6.8,83.0,1,4,0.0,2,Python,69.7,82,12.3,61.0,76,15.0,89.3,70,0.0,70.5,88,17.5,96.5,62,0.0,51.3,50,0.0,61.4,42,0.0,66.5,58,0.0,49.1,74,24.9,57.5,80,22.5,90.78,9.22,77.03,Low Gap,Not Placed,2025-05-21 00:00:00
STU1322,JNTU Kakinada,Male,2025,Data Scientist,8.01,96.8,2,4,0.0,3,JavaScript,79.5,78,0.0,78.8,75,0.0,89.9,72,0.0,84.3,55,0.0,98.0,52,0.0,98.0,88,0.0,54.1,40,0.0,65.9,45,0.0,98.0,75,0.0,82.0,82,0.0,100.0,0.0,92.35,Low Gap,Placed,2025-03-11 00:00:00
STU1323,KL University,Female,2027,DevOps Engineer,7.98,92.0,1,4,0.0,0,C++,64.0,72,8.0,57.2,70,12.8,93.6,58,0.0,67.9,50,0.0,66.5,82,15.5,98.0,52,0.0,76.4,48,0.0,58.8,88,29.2,70.2,72,1.8,63.9,80,16.1,91.66,8.34,75.74,Low Gap,Placed,2026-04-17 00:00:00
STU1324,GITAM University,Male,2027,Software Developer,7.77,81.9,1,4,1.0,2,C++,71.8,80,8.2,67.5,78,10.5,69.7,72,2.3,90.4,68,0.0,76.0,60,0.0,91.1,55,0.0,95.3,45,0.0,89.5,50,0.0,82.6,72,0.0,69.6,78,8.4,97.06,2.94,85.28,Low Gap,Placed,2025-11-15 00:00:00
STU1325,Vignan University,Male,2027,DevOps Engineer,8.44,60.5,0,3,2.0,2,Java,73.2,72,0.0,77.4,70,0.0,94.4,58,0.0,62.2,50,0.0,67.2,82,14.8,72.4,52,0.0,61.8,48,0.0,85.2,88,2.8,65.4,72,6.6,74.8,80,5.2,97.06,2.94,77.7,Low Gap,Placed,2026-04-21 00:00:00
STU1326,Andhra University,Male,2027,Data Analyst,7.55,68.2,1,1,1.0,1,C#,68.3,72,3.7,72.5,65,0.0,53.7,78,24.3,67.5,62,0.0,59.8,55,0.0,61.1,78,16.9,88.1,35,0.0,71.6,40,0.0,73.8,75,1.2,73.3,72,0.0,95.39,4.61,73.62,Low Gap,Placed,2025-12-22 00:00:00
STU1327,Andhra University,Male,2026,DevOps Engineer,8.96,76.1,2,2,3.0,1,JavaScript,93.6,72,0.0,70.5,70,0.0,96.0,58,0.0,65.0,50,0.0,98.0,82,0.0,83.3,52,0.0,95.9,48,0.0,91.4,88,0.0,80.4,72,0.0,85.5,80,0.0,100.0,0.0,90.78,Low Gap,Placed,2025-02-26 00:00:00
STU1328,GITAM University,Male,2027,Full Stack Developer,6.58,80.5,2,4,1.0,0,C#,74.1,82,7.9,74.7,76,1.3,83.7,70,0.0,89.0,88,0.0,74.5,62,0.0,91.2,50,0.0,65.5,42,0.0,64.9,58,0.0,70.6,74,3.4,88.4,80,0.0,98.75,1.25,87.24,Low Gap,Placed,2026-07-17 00:00:00
STU1329,GITAM University,Male,2025,Data Scientist,8.47,79.6,0,3,2.0,2,Python,78.3,78,0.0,83.7,75,0.0,76.0,72,0.0,67.5,55,0.0,73.1,52,0.0,59.4,88,28.6,87.5,40,0.0,91.2,45,0.0,91.5,75,0.0,81.1,82,0.9,97.06,2.94,79.36,Low Gap,Placed,2026-07-23 00:00:00
STU1330,Andhra University,Male,2027,Data Scientist,8.17,67.9,0,4,3.0,0,Java,88.2,78,0.0,89.1,75,0.0,63.7,72,8.3,64.2,55,0.0,58.2,52,0.0,86.5,88,1.5,91.8,40,0.0,51.4,45,0.0,89.7,75,0.0,78.4,82,3.6,98.66,1.34,79.73,Low Gap,Placed,2025-10-16 00:00:00
STU1331,Vignan University,Female,2025,Cloud Engineer,7.8,94.2,1,3,2.0,1,JavaScript,85.1,70,0.0,67.0,68,1.0,71.7,62,0.0,77.7,55,0.0,63.5,88,24.5,72.5,58,0.0,96.1,45,0.0,67.5,82,14.5,64.6,70,5.4,85.5,76,0.0,95.46,4.54,81.0,Low Gap,Placed,2026-04-30 00:00:00
STU1332,KL University,Male,2027,DevOps Engineer,6.76,86.8,2,3,1.0,0,C#,88.5,72,0.0,89.4,70,0.0,72.1,58,0.0,60.5,50,0.0,82.2,82,0.0,60.9,52,0.0,59.6,48,0.0,44.4,88,43.6,58.8,72,13.2,87.4,80,0.0,94.32,5.68,81.06,Low Gap,Placed,2025-02-20 00:00:00
STU1333,Vignan University,Male,2027,DevOps Engineer,5.47,81.7,3,5,0.0,2,Java,73.0,72,0.0,78.2,70,0.0,84.9,58,0.0,84.5,50,0.0,81.1,82,0.9,88.3,52,0.0,63.6,48,0.0,70.4,88,17.6,76.0,72,0.0,72.0,80,8.0,97.35,2.65,94.97,Low Gap,Placed,2026-04-21 00:00:00
STU1334,JNTU Kakinada,Female,2027,Full Stack Developer,6.86,81.0,1,4,1.0,2,JavaScript,36.4,82,45.6,39.4,76,36.6,74.6,70,0.0,72.2,88,15.8,65.4,62,0.0,69.0,50,0.0,74.0,42,0.0,44.2,58,13.8,90.8,74,0.0,35.9,80,44.1,84.41,15.59,73.55,Moderate Gap,Placed,2025-10-12 00:00:00
STU1335,SRM University,Female,2025,DevOps Engineer,6.76,91.3,3,4,0.0,1,Java,62.9,72,9.1,53.3,70,16.7,66.0,58,0.0,98.0,50,0.0,70.0,82,12.0,81.3,52,0.0,83.2,48,0.0,72.5,88,15.5,65.3,72,6.7,58.9,80,21.1,91.9,8.1,87.2,Low Gap,Placed,2026-04-15 00:00:00
STU1336,GITAM University,Female,2027,Cloud Engineer,7.81,73.5,1,4,0.0,1,Python,71.9,70,0.0,70.6,68,0.0,78.1,62,0.0,58.9,55,0.0,87.2,88,0.8,70.9,58,0.0,61.9,45,0.0,82.3,82,0.0,67.1,70,2.9,78.6,76,0.0,99.63,0.37,81.16,Low Gap,Placed,2025-02-01 00:00:00
STU1337,Andhra University,Female,2025,Software Developer,7.22,72.0,0,3,1.0,1,JavaScript,70.6,80,9.4,52.7,78,25.3,78.8,72,0.0,64.3,68,3.7,57.4,60,2.6,68.3,55,0.0,48.7,45,0.0,58.8,50,0.0,62.9,72,9.1,55.2,78,22.8,92.72,7.28,69.26,Low Gap,Not Placed,2026-01-09 00:00:00
STU1338,Andhra University,Female,2026,Full Stack Developer,7.98,90.3,1,5,0.0,0,JavaScript,92.9,82,0.0,89.7,76,0.0,98.0,70,0.0,77.8,88,10.2,94.7,62,0.0,74.4,50,0.0,81.7,42,0.0,88.0,58,0.0,62.5,74,11.5,81.4,80,0.0,97.84,2.16,84.26,Low Gap,Placed,2025-09-03 00:00:00
STU1339,GITAM University,Male,2027,DevOps Engineer,7.67,100.0,0,3,3.0,1,Java,52.8,72,19.2,30.8,70,39.2,56.3,58,1.7,77.4,50,0.0,95.6,82,0.0,71.9,52,0.0,78.0,48,0.0,80.4,88,7.6,63.7,72,8.3,43.1,80,36.9,88.72,11.28,71.42,Moderate Gap,Not Placed,2026-03-27 00:00:00
STU1340,SRM University,Female,2025,Cloud Engineer,6.69,76.5,1,3,0.0,0,C++,56.0,70,14.0,56.0,68,12.0,79.0,62,0.0,77.7,55,0.0,63.1,88,24.9,71.8,58,0.0,69.5,45,0.0,56.9,82,25.1,75.9,70,0.0,59.9,76,16.1,90.79,9.21,71.84,Low Gap,Placed,2026-01-30 00:00:00
STU1341,KL University,Female,2026,Data Analyst,7.71,78.6,1,5,1.0,1,C#,90.8,72,0.0,91.4,65,0.0,66.9,78,11.1,64.3,62,0.0,82.3,55,0.0,91.1,78,0.0,76.4,35,0.0,72.3,40,0.0,63.7,75,11.3,89.4,72,0.0,97.76,2.24,85.65,Low Gap,Placed,2026-07-29 00:00:00
STU1342,KL University,Female,2025,DevOps Engineer,7.69,77.1,0,2,3.0,2,C++,82.9,72,0.0,89.7,70,0.0,53.4,58,4.6,76.1,50,0.0,61.2,82,20.8,65.0,52,0.0,82.9,48,0.0,80.5,88,7.5,68.4,72,3.6,82.2,80,0.0,96.34,3.66,77.12,Low Gap,Placed,2025-10-22 00:00:00
STU1343,JNTU Kakinada,Female,2027,DevOps Engineer,7.34,73.3,3,3,1.0,1,Java,73.8,72,0.0,51.0,70,19.0,78.7,58,0.0,81.1,50,0.0,80.4,82,1.6,86.0,52,0.0,87.6,48,0.0,79.8,88,8.2,,72,2.6,60.0,80,20.0,94.87,5.13,89.13,Low Gap,Placed,2025-01-14 00:00:00
STU1344,Vignan University,Female,2027,Data Scientist,8.09,78.4,3,4,2.0,0,C#,98.0,78,0.0,98.0,75,0.0,76.0,72,0.0,78.8,55,0.0,98.0,52,0.0,77.8,88,10.2,88.3,40,0.0,98.0,45,0.0,85.7,75,0.0,97.6,82,0.0,98.98,1.02,97.43,Low Gap,Placed,2026-03-01 00:00:00
STU1345,Vignan University,Male,2025,DevOps Engineer,6.37,84.0,2,2,2.0,0,JavaScript,84.2,72,0.0,92.2,70,0.0,73.4,58,0.0,80.5,50,0.0,72.4,82,9.6,73.2,52,0.0,87.0,48,0.0,81.5,88,6.5,79.5,72,0.0,98.0,80,0.0,98.38,1.62,85.93,Low Gap,Placed,2025-01-14 00:00:00
STU1346,GITAM University,Female,2025,Software Developer,7.32,81.4,1,3,1.0,2,Java,95.4,80,0.0,82.8,78,0.0,80.5,72,0.0,64.6,68,3.4,72.2,60,0.0,61.3,55,0.0,91.4,45,0.0,77.5,50,0.0,91.0,72,0.0,93.5,78,0.0,99.66,0.34,84.65,Low Gap,Placed,2025-01-22 00:00:00
STU1347,KL University,Male,2026,Data Scientist,8.19,82.8,1,2,0.0,2,C#,74.7,78,3.3,77.9,75,0.0,85.5,72,0.0,63.5,55,0.0,97.5,52,0.0,64.6,88,23.4,93.5,40,0.0,65.4,45,0.0,76.4,75,0.0,62.6,82,19.4,95.38,4.62,77.77,Low Gap,Placed,2026-02-20 00:00:00
STU1348,GITAM University,Male,2026,Data Scientist,7.25,81.2,1,2,3.0,0,C#,75.3,78,2.7,66.3,75,8.7,70.9,72,1.1,61.2,55,0.0,74.1,52,0.0,97.8,88,0.0,62.2,40,0.0,84.3,45,0.0,73.5,75,1.5,74.8,82,7.2,97.88,2.12,79.76,Low Gap,Placed,2025-08-09 00:00:00
STU1349,GITAM University,Female,2026,DevOps Engineer,7.65,84.2,1,4,0.0,0,Java,83.2,72,0.0,85.4,70,0.0,74.0,58,0.0,82.1,50,0.0,70.1,82,11.9,,52,0.0,81.9,48,0.0,77.0,88,11.0,66.2,72,5.8,84.8,80,0.0,97.13,2.87,79.68,Low Gap,Placed,2025-06-03 00:00:00
STU1350,Vignan University,Male,2026,Data Analyst,7.92,92.3,2,3,2.0,0,JavaScript,98.0,72,0.0,81.7,65,0.0,98.0,78,0.0,86.9,62,0.0,73.6,55,0.0,98.0,78,0.0,86.2,35,0.0,77.3,40,0.0,75.1,75,0.0,86.9,72,0.0,100.0,0.0,89.85,Low Gap,Placed,2025-07-02 00:00:00
STU1351,Andhra University,Male,2025,Data Scientist,9.3,80.1,0,2,2.0,1,C++,93.5,78,0.0,98.0,75,0.0,68.7,72,3.3,71.6,55,0.0,74.3,52,0.0,88.2,88,0.0,77.2,40,0.0,74.6,45,0.0,79.8,75,0.0,90.9,82,0.0,99.67,0.33,77.86,Low Gap,Placed,2025-04-17 00:00:00
STU1352,JNTU Kakinada,Female,2027,Software Developer,8.09,81.6,1,2,0.0,0,C++,66.6,80,13.4,77.5,78,0.5,70.6,72,1.4,88.5,68,0.0,87.2,60,0.0,47.8,55,7.2,63.1,45,0.0,66.9,50,0.0,89.3,72,0.0,71.1,78,6.9,97.07,2.93,74.54,Low Gap,Placed,2026-03-22 00:00:00
STU1353,JNTU Kakinada,Male,2026,Data Analyst,6.62,84.8,1,2,1.0,2,C++,76.3,72,0.0,74.9,65,0.0,67.4,78,10.6,68.3,62,0.0,64.9,55,0.0,62.7,78,15.3,55.9,35,0.0,69.1,40,0.0,66.4,75,8.6,82.1,72,0.0,96.55,3.45,77.59,Low Gap,Not Placed,2026-01-13 00:00:00
STU1354,GITAM University,Female,2026,Software Developer,7.27,90.1,1,1,4.0,0,C++,79.3,80,0.7,71.7,78,6.3,96.0,72,0.0,71.2,68,0.0,79.5,60,0.0,85.1,55,0.0,79.0,45,0.0,58.4,50,0.0,65.7,72,6.3,88.0,78,0.0,98.66,1.34,80.62,Low Gap,Placed,2026-02-13 00:00:00
STU1355,SRM University,Female,2025,DevOps Engineer,7.46,79.2,2,2,1.0,0,JavaScript,95.4,72,0.0,96.1,70,0.0,65.4,58,0.0,60.1,50,0.0,79.8,82,2.2,96.3,52,0.0,78.0,48,0.0,71.4,88,16.6,81.3,72,0.0,84.5,80,0.0,98.12,1.88,83.9,Low Gap,Not Placed,2025-12-22 00:00:00
STU1356,Andhra University,Male,2025,Cloud Engineer,8.1,79.5,2,1,1.0,3,C#,75.9,70,0.0,64.4,68,3.6,65.8,62,0.0,73.8,55,0.0,82.5,88,5.5,90.2,58,0.0,60.0,45,0.0,86.8,82,0.0,82.4,70,0.0,88.3,76,0.0,99.09,0.91,85.7,Low Gap,Placed,2025-10-09 00:00:00
STU1357,SRM University,Male,2026,DevOps Engineer,6.51,72.6,2,4,1.0,0,Python,84.8,72,0.0,86.0,70,0.0,78.9,58,0.0,68.5,50,0.0,93.1,82,0.0,95.3,52,0.0,83.4,48,0.0,67.5,88,20.5,74.1,72,0.0,86.2,80,0.0,97.95,2.05,88.11,Low Gap,Placed,2025-07-09 00:00:00
STU1358,SRM University,Female,2025,Data Scientist,7.62,74.3,2,5,1.0,0,JavaScript,80.2,78,0.0,89.2,75,0.0,85.6,72,0.0,75.9,55,0.0,79.4,52,0.0,98.0,88,0.0,70.8,40,0.0,84.5,45,0.0,,75,0.0,96.2,82,0.0,100.0,0.0,91.85,Low Gap,Placed,2026-02-03 00:00:00
STU1359,Andhra University,Male,2026,Full Stack Developer,7.9,76.0,0,3,0.0,2,JavaScript,48.5,82,33.5,63.2,76,12.8,63.0,70,7.0,58.4,88,29.6,78.3,62,0.0,73.0,50,0.0,81.1,42,0.0,68.7,58,0.0,75.5,74,0.0,53.7,80,26.3,89.08,10.92,68.98,Moderate Gap,Placed,2025-04-15 00:00:00
STU1360,Andhra University,Female,2027,Cloud Engineer,8.06,73.0,1,2,2.0,1,C++,75.6,70,0.0,65.2,68,2.8,64.7,62,0.0,71.7,55,0.0,70.8,88,17.2,76.2,58,0.0,85.6,45,0.0,65.4,82,16.6,98.0,70,0.0,64.8,76,11.2,95.22,4.78,78.49,Low Gap,Placed,2026-05-27 00:00:00
STU1361,SRM University,Female,2025,Software Developer,7.17,96.9,1,5,2.0,0,C++,79.6,80,0.4,92.4,78,0.0,97.7,72,0.0,67.7,68,0.3,,60,0.0,89.3,55,0.0,92.9,45,0.0,78.0,50,0.0,53.7,72,18.3,86.3,78,0.0,98.1,1.9,86.47,Low Gap,Placed,2026-05-21 00:00:00
STU1362,SRM University,Male,2026,Software Developer,7.69,85.7,1,5,2.0,1,Java,76.3,80,3.7,84.3,78,0.0,91.1,72,0.0,65.6,68,2.4,72.2,60,0.0,93.4,55,0.0,74.9,45,0.0,72.6,50,0.0,62.3,72,9.7,87.9,78,0.0,98.42,1.58,87.21,Low Gap,Placed,2026-06-03 00:00:00
STU1363,KL University,Male,2026,Cloud Engineer,7.64,78.3,1,3,1.0,1,JavaScript,74.0,70,0.0,67.5,68,0.5,68.5,62,0.0,83.0,55,0.0,74.6,88,13.4,66.7,58,0.0,76.5,45,0.0,66.3,82,15.7,71.6,70,0.0,74.2,76,1.8,96.87,3.13,79.28,Low Gap,Not Placed,2026-03-02 00:00:00
STU1364,SRM University,Male,2025,Data Analyst,9.05,,2,2,2.0,0,Java,87.5,72,0.0,87.5,65,0.0,79.6,78,0.0,98.0,62,0.0,91.5,55,0.0,83.0,78,0.0,89.1,35,0.0,69.4,40,0.0,81.4,75,0.0,95.4,72,0.0,100.0,0.0,87.87,Low Gap,Placed,2025-07-12 00:00:00
STU1365,Andhra University,Male,2025,Data Scientist,8.83,75.3,1,4,0.0,0,JavaScript,83.1,78,0.0,65.6,75,9.4,82.5,72,0.0,90.4,55,0.0,91.8,52,0.0,97.9,88,0.0,68.9,40,0.0,84.1,45,0.0,92.7,75,0.0,89.2,82,0.0,99.06,0.94,82.96,Low Gap,Placed,2026-07-04 00:00:00
STU1366,GITAM University,Male,2027,Software Developer,6.37,,0,4,0.0,2,Java,76.5,80,3.5,67.3,78,10.7,52.6,72,19.4,63.8,68,4.2,44.6,60,15.4,65.6,55,0.0,85.9,45,0.0,71.9,50,0.0,82.2,72,0.0,61.1,78,16.9,92.99,7.01,72.99,Low Gap,Placed,2025-11-03 00:00:00
STU1367,GITAM University,Male,2025,Data Analyst,5.95,92.5,0,1,1.0,0,Python,64.3,72,7.7,49.1,65,15.9,58.1,78,19.9,44.5,62,17.5,48.7,55,6.3,71.3,78,6.7,52.2,35,0.0,58.1,40,0.0,50.0,75,25.0,63.1,72,8.9,89.2,10.8,60.42,Moderate Gap,Placed,2025-09-12 00:00:00
STU1368,Vignan University,Male,2026,DevOps Engineer,8.41,76.5,1,5,3.0,2,JavaScript,78.2,72,0.0,77.1,70,0.0,89.7,58,0.0,76.4,50,0.0,98.0,82,0.0,61.4,52,0.0,90.8,48,0.0,95.6,88,0.0,80.9,72,0.0,76.6,80,3.4,99.66,0.34,92.09,Low Gap,Placed,2025-03-10 00:00:00
STU1369,Vignan University,Female,2027,Data Analyst,7.86,86.8,0,5,3.0,1,Python,61.1,72,10.9,53.4,65,11.6,87.1,78,0.0,85.1,62,0.0,94.8,55,0.0,98.0,78,0.0,74.8,35,0.0,67.5,40,0.0,68.7,75,6.3,55.7,72,16.3,95.49,4.51,81.36,Low Gap,Placed,2026-04-07 00:00:00
STU1370,GITAM University,Female,2027,Data Analyst,7.82,83.9,1,3,1.0,1,C++,90.3,72,0.0,72.7,65,0.0,61.7,78,16.3,67.1,62,0.0,60.9,55,0.0,86.1,78,0.0,78.6,35,0.0,82.6,40,0.0,54.5,75,20.5,70.9,72,1.1,96.2,3.8,79.05,Low Gap,Placed,2025-06-11 00:00:00
STU1371,KL University,Female,2027,Software Developer,7.98,84.0,1,4,3.0,1,JavaScript,78.9,80,1.1,78.4,78,0.0,93.5,72,0.0,98.0,68,0.0,81.3,60,0.0,89.9,55,0.0,88.4,45,0.0,92.5,50,0.0,49.8,72,22.2,84.7,78,0.0,97.68,2.32,88.01,Low Gap,Placed,2026-01-05 00:00:00
STU1372,Vignan University,Male,2027,Cloud Engineer,7.41,74.1,1,2,1.0,1,Python,62.4,70,7.6,49.2,68,18.8,75.3,62,0.0,56.4,55,0.0,63.6,88,24.4,75.7,58,0.0,54.9,45,0.0,66.2,82,15.8,87.6,70,0.0,45.3,76,30.7,90.27,9.73,71.72,Low Gap,Placed,2025-04-15 00:00:00
STU1373,Andhra University,Female,2025,Software Developer,7.14,76.3,2,5,0.0,1,Java,95.1,80,0.0,95.3,78,0.0,91.3,72,0.0,86.5,68,0.0,81.2,60,0.0,90.1,55,0.0,75.7,45,0.0,68.7,50,0.0,59.0,72,13.0,91.7,78,0.0,98.7,1.3,90.95,Low Gap,Placed,2025-09-14 00:00:00
STU1374,SRM University,Male,2026,Full Stack Developer,6.38,83.9,0,1,3.0,0,Python,78.8,82,3.2,75.4,76,0.6,61.7,70,8.3,52.8,88,35.2,41.5,62,20.5,57.1,50,0.0,76.8,42,0.0,33.3,58,24.7,70.7,74,3.3,73.4,80,6.6,89.76,10.24,65.54,Moderate Gap,Not Placed,2025-10-23 00:00:00
STU1375,Andhra University,Male,2025,Data Scientist,8.48,80.8,1,2,0.0,1,C++,75.5,78,2.5,66.2,75,8.8,91.9,72,0.0,97.5,55,0.0,89.4,52,0.0,74.2,88,13.8,89.0,40,0.0,83.1,45,0.0,85.5,75,0.0,75.1,82,6.9,96.8,3.2,78.88,Low Gap,Not Placed,2025-10-23 00:00:00
STU1376,SRM University,Female,2026,Data Scientist,7.37,83.0,2,2,0.0,0,JavaScript,79.6,78,0.0,71.0,75,4.0,86.3,72,0.0,85.9,55,0.0,85.1,52,0.0,86.2,88,1.8,76.3,40,0.0,67.5,45,0.0,62.5,75,12.5,79.4,82,2.6,97.9,2.1,81.44,Low Gap,Placed,2025-02-14 00:00:00
STU1377,JNTU Kakinada,Female,2027,DevOps Engineer,7.73,78.1,1,2,1.0,0,Java,69.2,72,2.8,82.3,70,0.0,69.5,58,0.0,86.7,50,0.0,91.3,82,0.0,69.4,52,0.0,71.5,48,0.0,78.6,88,9.4,89.1,72,0.0,70.6,80,9.4,97.84,2.16,77.88,Low Gap,Placed,2025-05-22 00:00:00
STU1378,Vignan University,Female,2025,Software Developer,8.01,82.6,2,3,2.0,2,C#,95.8,80,0.0,98.0,78,0.0,64.1,72,7.9,84.5,68,0.0,83.2,60,0.0,90.7,55,0.0,86.4,45,0.0,85.9,50,0.0,66.4,72,5.6,98.0,78,0.0,98.65,1.35,91.98,Low Gap,Placed,2025-09-22 00:00:00
STU1379,Vignan University,Male,2027,Software Developer,9.0,84.7,1,2,2.0,1,Java,89.4,80,0.0,81.3,78,0.0,65.0,72,7.0,88.5,68,0.0,66.9,60,0.0,89.8,55,0.0,89.8,45,0.0,75.8,50,0.0,77.5,72,0.0,75.7,78,2.3,99.07,0.93,82.07,Low Gap,Placed,2026-03-28 00:00:00
STU1380,KL University,Male,2025,DevOps Engineer,7.65,87.7,0,2,1.0,0,C#,59.9,72,12.1,50.0,70,20.0,93.0,58,0.0,89.3,50,0.0,89.0,82,0.0,77.0,52,0.0,67.5,48,0.0,70.8,88,17.2,55.0,72,17.0,54.4,80,25.6,90.82,9.18,67.54,Low Gap,Placed,2025-06-24 00:00:00
STU1381,GITAM University,Male,2025,Full Stack Developer,8.0,82.5,0,3,0.0,2,C++,54.3,82,27.7,68.7,76,7.3,73.6,70,0.0,48.4,88,39.6,70.5,62,0.0,93.0,50,0.0,78.8,42,0.0,60.9,58,0.0,88.6,74,0.0,53.6,80,26.4,89.9,10.1,70.17,Moderate Gap,Not Placed,2025-09-15 00:00:00
STU1382,SRM University,Male,2027,Cloud Engineer,6.65,87.6,1,2,0.0,1,C#,60.5,70,9.5,52.2,68,15.8,64.0,62,0.0,59.1,55,0.0,79.2,88,8.8,57.7,58,0.3,61.7,45,0.0,64.5,82,17.5,72.2,70,0.0,59.3,76,16.7,93.15,6.85,71.33,Low Gap,Placed,2025-10-25 00:00:00
STU1383,KL University,Male,2025,Cloud Engineer,8.75,83.0,0,4,0.0,0,Java,75.5,70,0.0,85.5,68,0.0,74.3,62,0.0,67.6,55,0.0,90.2,88,0.0,81.0,58,0.0,65.3,45,0.0,81.4,82,0.6,74.1,70,0.0,81.4,76,0.0,99.94,0.06,76.27,Low Gap,Placed,2025-08-05 00:00:00
STU1384,GITAM University,Male,2027,Full Stack Developer,7.53,62.0,1,3,1.0,1,Java,66.1,82,15.9,63.4,76,12.6,74.5,70,0.0,80.0,88,8.0,65.9,62,0.0,64.2,50,0.0,95.4,42,0.0,67.6,58,0.0,65.0,74,9.0,70.1,80,9.9,94.46,5.54,77.88,Low Gap,Placed,2025-11-06 00:00:00
STU1385,KL University,Female,2026,Data Analyst,7.81,85.6,1,4,2.0,1,Python,68.9,72,3.1,55.7,65,9.3,91.6,78,0.0,48.7,62,13.3,98.0,55,0.0,78.7,78,0.0,85.8,35,0.0,74.7,40,0.0,78.1,75,0.0,59.2,72,12.8,96.16,3.84,82.96,Low Gap,Placed,2026-07-11 00:00:00
STU1386,Andhra University,Male,2025,Data Scientist,8.78,85.5,2,3,4.0,0,C++,98.0,78,0.0,98.0,75,0.0,85.4,72,0.0,78.9,55,0.0,89.6,52,0.0,88.4,88,0.0,68.9,40,0.0,82.1,45,0.0,,75,20.8,97.2,82,0.0,97.92,2.08,91.29,Low Gap,Placed,2025-10-21 00:00:00
STU1387,Andhra University,Female,2025,Data Scientist,8.02,78.8,2,4,0.0,2,C++,96.7,78,0.0,98.0,75,0.0,81.1,72,0.0,98.0,55,0.0,87.9,52,0.0,62.3,88,25.7,85.5,40,0.0,73.1,45,0.0,92.2,75,0.0,98.0,82,0.0,97.43,2.57,91.03,Low Gap,Placed,2025-05-06 00:00:00
STU1388,Vignan University,Female,2026,Data Scientist,7.59,66.0,2,3,3.0,0,Python,66.8,78,11.2,83.3,75,0.0,75.7,72,0.0,67.9,55,0.0,69.3,52,0.0,93.1,88,0.0,81.3,40,0.0,81.3,45,0.0,82.0,75,0.0,76.3,82,5.7,98.31,1.69,88.05,Low Gap,Placed,2026-04-15 00:00:00
STU1389,KL University,Male,2025,Data Scientist,8.06,70.9,2,4,3.0,1,C#,84.6,78,0.0,98.0,75,0.0,88.2,72,0.0,81.0,55,0.0,77.4,52,0.0,98.0,88,0.0,78.3,40,0.0,83.3,45,0.0,78.1,75,0.0,81.2,82,0.8,99.92,0.08,94.41,Low Gap,Placed,2025-07-10 00:00:00
STU1390,Andhra University,Male,2027,Data Scientist,7.5,86.9,1,3,0.0,0,JavaScript,88.7,78,0.0,85.8,75,0.0,64.7,72,7.3,69.9,55,0.0,54.5,52,0.0,62.5,88,25.5,69.1,40,0.0,92.4,45,0.0,77.0,75,0.0,80.1,82,1.9,96.52,3.48,76.78,Low Gap,Placed,2025-06-22 00:00:00
STU1391,SRM University,Male,2025,Full Stack Developer,8.59,89.1,0,3,1.0,1,Java,71.6,82,10.4,65.3,76,10.7,96.7,70,0.0,74.8,88,13.2,77.4,62,0.0,66.6,50,0.0,78.6,42,0.0,63.3,58,0.0,74.1,74,0.0,74.9,80,5.1,96.07,3.93,74.53,Low Gap,Not Placed,2025-08-05 00:00:00
STU1392,GITAM University,Female,2027,DevOps Engineer,6.5,70.6,1,4,1.0,1,C#,81.9,72,0.0,84.6,70,0.0,73.5,58,0.0,72.1,50,0.0,97.1,82,0.0,74.6,52,0.0,67.5,48,0.0,55.3,88,32.7,62.0,72,10.0,69.2,80,10.8,94.65,5.35,80.73,Low Gap,Placed,2025-06-07 00:00:00
STU1393,GITAM University,Male,2025,DevOps Engineer,7.2,77.1,0,2,1.0,1,Python,72.9,72,0.0,77.9,70,0.0,83.1,58,0.0,69.0,50,0.0,45.0,82,37.0,43.3,52,8.7,52.1,48,0.0,69.0,88,19.0,58.3,72,13.7,71.7,80,8.3,91.33,8.67,67.36,Low Gap,Not Placed,2026-08-02 00:00:00
STU1394,JNTU Kakinada,Female,2025,Cloud Engineer,5.88,73.3,2,2,2.0,0,Python,65.0,70,5.0,64.9,68,3.1,63.3,62,0.0,73.6,55,0.0,97.8,88,0.0,68.7,58,0.0,55.2,45,0.0,76.2,82,5.8,52.8,70,17.2,74.2,76,1.8,96.71,3.29,81.27,Low Gap,Not Placed,2025-03-05 00:00:00
STU1395,SRM University,Male,2026,Software Developer,7.8,89.1,1,3,3.0,2,C#,88.3,80,0.0,69.6,78,8.4,90.1,72,0.0,85.2,68,0.0,79.2,60,0.0,82.6,55,0.0,97.0,45,0.0,76.6,50,0.0,71.5,72,0.5,69.7,78,8.3,98.28,1.72,87.03,Low Gap,Placed,2025-04-29 00:00:00
STU1396,Vignan University,Male,2027,DevOps Engineer,7.2,83.3,1,1,2.0,1,C#,66.0,72,6.0,61.0,70,9.0,77.6,58,0.0,85.0,50,0.0,80.0,82,2.0,75.7,52,0.0,87.2,48,0.0,54.1,88,33.9,55.6,72,16.4,68.3,80,11.7,92.09,7.91,74.25,Low Gap,Placed,2026-01-13 00:00:00
STU1397,KL University,Male,2026,Data Analyst,7.47,74.9,2,5,0.0,0,Python,86.9,72,0.0,70.8,65,0.0,88.2,78,0.0,77.6,62,0.0,78.4,55,0.0,84.2,78,0.0,85.5,35,0.0,95.4,40,0.0,76.7,75,0.0,83.6,72,0.0,100.0,0.0,89.82,Low Gap,Placed,2025-06-24 00:00:00
STU1398,GITAM University,Male,2027,DevOps Engineer,7.77,85.9,1,3,1.0,0,C++,61.2,72,10.8,50.1,70,19.9,65.7,58,0.0,66.3,50,0.0,97.1,82,0.0,77.3,52,0.0,87.4,48,0.0,90.9,88,0.0,77.0,72,0.0,37.2,80,42.8,92.65,7.35,75.5,Low Gap,Not Placed,2025-09-15 00:00:00
STU1399,Vignan University,Male,2027,Data Scientist,7.2,85.5,1,3,0.0,1,Java,80.3,78,0.0,88.8,75,0.0,79.8,72,0.0,98.0,55,0.0,87.5,52,0.0,67.9,88,20.1,77.2,40,0.0,73.5,45,0.0,68.8,75,6.2,68.4,82,13.6,96.01,3.99,79.41,Low Gap,Placed,2025-04-08 00:00:00
STU1400,JNTU Kakinada,Male,2025,Full Stack Developer,6.19,82.6,1,3,1.0,0,Python,68.8,82,13.2,68.9,76,7.1,76.4,70,0.0,64.4,88,23.6,63.5,62,0.0,60.4,50,0.0,67.3,42,0.0,79.3,58,0.0,67.6,74,6.4,77.1,80,2.9,94.69,5.31,75.93,Low Gap,Placed,2025-08-31 00:00:00
STU1401,KL University,Male,2026,Full Stack Developer,6.99,74.2,2,4,0.0,0,Java,64.2,82,17.8,53.7,76,22.3,98.0,70,0.0,89.2,88,0.0,83.7,62,0.0,82.9,50,0.0,79.8,42,0.0,54.7,58,3.3,81.8,74,0.0,60.0,80,20.0,93.66,6.34,82.59,Low Gap,Placed,2025-08-25 00:00:00
STU1402,Vignan University,Female,2027,Software Developer,8.54,,1,3,1.0,2,C++,71.0,80,9.0,83.4,78,0.0,64.9,72,7.1,79.0,68,0.0,74.4,60,0.0,77.7,55,0.0,79.8,45,0.0,73.8,50,0.0,93.3,72,0.0,78.9,78,0.0,98.39,1.61,83.06,Low Gap,Placed,2026-04-06 00:00:00
STU1403,GITAM University,Female,2027,Data Scientist,7.95,83.4,1,2,1.0,1,Python,60.3,78,17.7,40.8,75,34.2,72.3,72,0.0,86.2,55,0.0,88.1,52,0.0,79.3,88,8.7,86.7,40,0.0,49.2,45,0.0,64.8,75,10.2,46.7,82,35.3,89.39,10.61,72.46,Moderate Gap,Not Placed,2025-07-09 00:00:00
STU1404,Vignan University,Female,2027,Full Stack Developer,7.63,75.3,0,4,1.0,0,C#,82.4,82,0.0,74.1,76,1.9,86.5,70,0.0,81.1,88,6.9,72.4,62,0.0,81.0,50,0.0,76.5,42,0.0,65.5,58,0.0,90.4,74,0.0,79.1,80,0.9,99.03,0.97,77.73,Low Gap,Placed,2026-07-27 00:00:00
STU1405,GITAM University,Male,2025,Data Scientist,6.99,91.6,1,3,1.0,0,Java,74.6,78,3.4,95.5,75,0.0,74.6,72,0.0,81.6,55,0.0,90.9,52,0.0,80.1,88,7.9,53.0,40,0.0,62.3,45,0.0,75.9,75,0.0,85.5,82,0.0,98.86,1.14,80.2,Low Gap,Placed,2025-12-27 00:00:00
STU1406,Andhra University,Female,2025,Data Scientist,6.36,89.0,2,5,2.0,0,C#,93.2,78,0.0,98.0,75,0.0,93.6,72,0.0,97.7,55,0.0,84.6,52,0.0,78.1,88,9.9,84.2,40,0.0,73.2,45,0.0,84.0,75,0.0,90.4,82,0.0,99.01,0.99,93.86,Low Gap,Placed,2026-05-13 00:00:00
STU1407,Andhra University,Male,2025,Software Developer,6.66,79.2,1,2,1.0,1,C#,79.9,80,0.1,80.7,78,0.0,98.0,72,0.0,59.2,68,8.8,60.5,60,0.0,69.3,55,0.0,38.4,45,6.6,72.7,50,0.0,48.1,72,23.9,80.9,78,0.0,96.06,3.94,75.86,Low Gap,Placed,2026-05-20 00:00:00
STU1408,Andhra University,Female,2025,Data Scientist,,89.0,0,3,2.0,2,Python,65.2,78,12.8,71.3,75,3.7,95.5,72,0.0,96.9,55,0.0,83.7,52,0.0,80.9,88,7.1,68.0,40,0.0,78.0,45,0.0,98.0,75,0.0,61.7,82,20.3,95.61,4.39,79.0,Low Gap,Not Placed,2025-06-18 00:00:00
STU1409,GITAM University,Male,2027,Cloud Engineer,7.93,79.4,0,1,1.0,2,JavaScript,62.7,70,7.3,51.6,68,16.4,66.1,62,0.0,74.8,55,0.0,58.9,88,29.1,43.0,58,15.0,60.5,45,0.0,41.7,82,40.3,90.7,70,0.0,42.4,76,33.6,85.84,14.16,62.91,Moderate Gap,Not Placed,2025-05-28 00:00:00
STU1410,JNTU Kakinada,Female,2026,Data Scientist,7.22,69.3,1,2,1.0,0,JavaScript,82.8,78,0.0,75.8,75,0.0,57.5,72,14.5,56.1,55,0.0,72.6,52,0.0,59.0,88,29.0,61.5,40,0.0,42.5,45,2.5,69.2,75,5.8,73.0,82,9.0,93.93,6.07,72.27,Low Gap,Placed,2025-08-15 00:00:00
STU1411,Vignan University,Male,2027,Cloud Engineer,8.84,62.9,1,2,0.0,2,JavaScript,74.0,70,0.0,72.7,68,0.0,71.9,62,0.0,70.5,55,0.0,66.3,88,21.7,64.9,58,0.0,65.8,45,0.0,73.4,82,8.6,90.8,70,0.0,72.5,76,3.5,96.63,3.37,77.17,Low Gap,Not Placed,2026-06-01 00:00:00
STU1412,GITAM University,Female,2026,Software Developer,8.08,97.9,2,3,0.0,0,Python,86.3,80,0.0,85.7,78,0.0,98.0,72,0.0,81.1,68,0.0,74.6,60,0.0,98.0,55,0.0,57.3,45,0.0,81.0,50,0.0,81.1,72,0.0,78.3,78,0.0,100.0,0.0,85.64,Low Gap,Placed,2026-01-23 00:00:00
STU1413,KL University,Female,2025,Full Stack Developer,7.23,55.0,1,2,2.0,0,Python,55.9,82,26.1,51.0,76,25.0,77.9,70,0.0,70.3,88,17.7,73.1,62,0.0,66.5,50,0.0,71.5,42,0.0,62.3,58,0.0,66.6,74,7.4,48.8,80,31.2,89.26,10.74,71.48,Moderate Gap,Not Placed,2025-11-21 00:00:00
STU1414,Andhra University,Male,2026,Data Scientist,,74.0,3,2,2.0,3,C++,91.1,78,0.0,84.0,75,0.0,98.0,72,0.0,83.7,55,0.0,75.9,52,0.0,89.8,88,0.0,94.1,40,0.0,98.0,45,0.0,59.1,75,15.9,81.9,82,0.1,98.4,1.6,96.45,Low Gap,Placed,2025-08-30 00:00:00
STU1415,Vignan University,Male,2026,Data Analyst,8.32,100.0,1,4,1.0,1,C++,98.0,72,0.0,98.0,65,0.0,82.8,78,0.0,86.0,62,0.0,83.2,55,0.0,87.3,78,0.0,82.5,35,0.0,79.6,40,0.0,68.1,75,6.9,97.0,72,0.0,99.31,0.69,86.56,Low Gap,Placed,2025-01-22 00:00:00
STU1416,Vignan University,Male,2025,Software Developer,6.4,75.2,0,1,1.0,0,C++,51.9,80,28.1,53.1,78,24.9,49.3,72,22.7,42.7,68,25.3,61.1,60,0.0,59.4,55,0.0,86.7,45,0.0,67.1,50,0.0,63.7,72,8.3,52.1,78,25.9,86.48,13.52,60.02,Moderate Gap,Not Placed,2025-11-17 00:00:00
STU1417,GITAM University,Male,2025,Cloud Engineer,7.66,96.7,1,3,0.0,0,Java,71.8,70,0.0,75.0,68,0.0,67.9,62,0.0,69.2,55,0.0,80.6,88,7.4,79.1,58,0.0,83.7,45,0.0,82.7,82,0.0,63.5,70,6.5,79.6,76,0.0,98.61,1.39,77.97,Low Gap,Placed,2026-08-03 00:00:00
STU1418,Andhra University,Male,2025,Data Analyst,6.59,91.2,1,4,2.0,0,Python,78.0,72,0.0,64.1,65,0.9,66.0,78,12.0,91.2,62,0.0,48.2,55,6.8,62.2,78,15.8,79.0,35,0.0,70.6,40,0.0,68.7,75,6.3,63.3,72,8.7,94.95,5.05,79.46,Low Gap,Placed,2026-08-02 00:00:00
STU1419,Andhra University,Male,2027,Software Developer,7.92,95.8,1,3,0.0,0,JavaScript,77.3,80,2.7,66.2,78,11.8,78.7,72,0.0,79.2,68,0.0,61.0,60,0.0,74.7,55,0.0,67.6,45,0.0,90.9,50,0.0,70.8,72,1.2,71.5,78,6.5,97.77,2.23,77.14,Low Gap,Placed,2025-02-20 00:00:00
STU1420,JNTU Kakinada,Female,2026,Data Analyst,,64.3,2,4,0.0,0,C++,73.0,72,0.0,69.5,65,0.0,84.3,78,0.0,69.8,62,0.0,78.8,55,0.0,93.2,78,0.0,68.4,35,0.0,85.1,40,0.0,82.9,75,0.0,70.1,72,1.9,99.81,0.19,86.17,Low Gap,Placed,2026-03-07 00:00:00
STU1421,JNTU Kakinada,Female,2027,Full Stack Developer,8.8,86.4,1,2,1.0,1,C#,67.4,82,14.6,65.1,76,10.9,83.8,70,0.0,86.0,88,2.0,93.7,62,0.0,70.7,50,0.0,61.4,42,0.0,69.0,58,0.0,72.0,74,2.0,71.1,80,8.9,96.17,3.83,77.49,Low Gap,Placed,2025-05-11 00:00:00
STU1422,KL University,Female,2027,Full Stack Developer,8.0,91.2,0,5,2.0,0,Java,88.5,82,0.0,73.2,76,2.8,68.1,70,1.9,80.5,88,7.5,62.6,62,0.0,88.7,50,0.0,94.7,42,0.0,68.9,58,0.0,70.2,74,3.8,72.3,80,7.7,97.62,2.38,79.96,Low Gap,Placed,2025-01-18 00:00:00
STU1423,Vignan University,Female,2027,Software Developer,5.81,72.5,2,3,1.0,1,C++,76.5,80,3.5,60.1,78,17.9,64.7,72,7.3,68.3,68,0.0,88.9,60,0.0,58.9,55,0.0,64.5,45,0.0,80.6,50,0.0,44.8,72,27.2,72.7,78,5.3,93.89,6.11,81.65,Low Gap,Placed,2026-06-23 00:00:00
STU1424,JNTU Kakinada,Male,2025,Cloud Engineer,8.44,86.4,2,2,1.0,1,Java,74.8,70,0.0,81.3,68,0.0,73.5,62,0.0,89.5,55,0.0,85.8,88,2.2,80.2,58,0.0,72.1,45,0.0,98.0,82,0.0,68.0,70,2.0,76.0,76,0.0,99.58,0.42,85.79,Low Gap,Placed,2026-06-23 00:00:00
STU1425,GITAM University,Female,2026,DevOps Engineer,6.35,80.5,2,4,0.0,1,Python,58.2,72,13.8,50.2,70,19.8,50.6,58,7.4,43.3,50,6.7,57.4,82,24.6,77.3,52,0.0,53.9,48,0.0,77.5,88,10.5,55.7,72,16.3,51.0,80,29.0,87.2,12.8,75.99,Moderate Gap,Not Placed,2025-12-31 00:00:00
STU1426,JNTU Kakinada,Male,2025,Data Scientist,7.02,83.8,2,4,1.0,1,C#,75.4,78,2.6,80.2,75,0.0,91.8,72,0.0,86.9,55,0.0,98.0,52,0.0,80.9,88,7.1,78.8,40,0.0,71.1,45,0.0,69.0,75,6.0,71.4,82,10.6,97.37,2.63,88.92,Low Gap,Placed,2025-01-07 00:00:00
STU1427,SRM University,Female,2025,Data Analyst,8.92,81.9,2,2,2.0,2,C#,98.0,72,0.0,90.8,65,0.0,88.1,78,0.0,84.2,62,0.0,92.8,55,0.0,,78,0.0,89.1,35,0.0,63.2,40,0.0,90.4,75,0.0,93.7,72,0.0,100.0,0.0,91.08,Low Gap,Placed,2025-08-12 00:00:00
STU1428,KL University,Female,2025,Data Scientist,,89.8,0,5,3.0,0,Java,87.2,78,0.0,81.1,75,0.0,67.2,72,4.8,73.7,55,0.0,97.4,52,0.0,83.3,88,4.7,58.1,40,0.0,98.0,45,0.0,79.2,75,0.0,82.1,82,0.0,99.05,0.95,83.29,Low Gap,Placed,2025-04-18 00:00:00
STU1429,Vignan University,Female,2025,DevOps Engineer,7.19,82.9,1,3,1.0,1,Java,66.9,72,5.1,62.7,70,7.3,72.5,58,0.0,85.0,50,0.0,98.0,82,0.0,95.9,52,0.0,62.5,48,0.0,67.2,88,20.8,93.6,72,0.0,62.2,80,17.8,94.9,5.1,79.7,Low Gap,Placed,2025-08-17 00:00:00
STU1430,KL University,Male,2026,Software Developer,6.55,79.6,1,3,0.0,0,C#,81.3,80,0.0,94.8,78,0.0,78.4,72,0.0,60.3,68,7.7,71.4,60,0.0,69.2,55,0.0,39.8,45,5.2,79.2,50,0.0,56.6,72,15.4,83.2,78,0.0,97.18,2.82,76.16,Low Gap,Placed,2026-05-25 00:00:00
STU1431,JNTU Kakinada,Female,2027,Cloud Engineer,7.8,89.4,2,3,2.0,0,Java,82.7,70,0.0,82.0,68,0.0,98.0,62,0.0,98.0,55,0.0,69.7,88,18.3,73.8,58,0.0,84.9,45,0.0,78.2,82,3.8,76.2,70,0.0,87.9,76,0.0,97.79,2.21,87.94,Low Gap,Placed,2025-03-05 00:00:00
STU1432,KL University,Female,2027,Data Analyst,,77.5,1,2,0.0,0,JavaScript,63.6,72,8.4,65.4,65,0.0,57.6,78,20.4,81.9,62,0.0,64.6,55,0.0,53.1,78,24.9,74.0,35,0.0,74.6,40,0.0,68.8,75,6.2,67.4,72,4.6,93.55,6.45,71.22,Low Gap,Placed,2025-04-23 00:00:00
STU1433,Andhra University,Male,2025,Data Analyst,7.15,83.3,2,2,2.0,1,Python,51.6,72,20.4,66.7,65,0.0,63.9,78,14.1,72.3,62,0.0,84.3,55,0.0,62.6,78,15.4,89.9,35,0.0,71.8,40,0.0,61.4,75,13.6,67.5,72,4.5,93.2,6.8,81.2,Low Gap,Placed,2025-06-26 00:00:00
STU1434,KL University,Female,2026,Data Analyst,6.56,95.6,1,3,1.0,1,Java,71.9,72,0.1,85.0,65,0.0,85.6,78,0.0,60.0,62,2.0,77.0,55,0.0,74.4,78,3.6,83.1,35,0.0,58.3,40,0.0,54.1,75,20.9,78.9,72,0.0,97.34,2.66,79.65,Low Gap,Placed,2025-03-16 00:00:00
STU1435,SRM University,Male,2025,Full Stack Developer,7.82,83.7,2,3,1.0,1,JavaScript,91.7,82,0.0,98.0,76,0.0,98.0,70,0.0,92.5,88,0.0,78.8,62,0.0,64.8,50,0.0,68.9,42,0.0,86.8,58,0.0,,74,0.0,98.0,80,0.0,100.0,0.0,89.91,Low Gap,Placed,2025-08-06 00:00:00
STU1436,Vignan University,Male,2026,Data Analyst,8.19,81.5,1,5,3.0,0,JavaScript,66.8,72,5.2,76.3,65,0.0,98.0,78,0.0,93.0,62,0.0,81.3,55,0.0,98.0,78,0.0,98.0,35,0.0,85.7,40,0.0,66.4,75,8.6,80.8,72,0.0,98.62,1.38,89.21,Low Gap,Placed,2026-04-11 00:00:00
STU1437,SRM University,Female,2027,Data Scientist,8.11,93.3,0,3,,0,Python,98.0,78,0.0,98.0,75,0.0,46.5,72,25.5,69.2,55,0.0,76.1,52,0.0,74.2,88,13.8,76.0,40,0.0,58.5,45,0.0,72.5,75,2.5,90.0,82,0.0,95.83,4.17,71.89,Low Gap,Placed,2025-11-22 00:00:00
STU1438,KL University,Male,2026,DevOps Engineer,6.96,77.7,1,2,0.0,0,Java,49.1,72,22.9,41.3,70,28.7,84.8,58,0.0,55.0,50,0.0,54.1,82,27.9,45.4,52,6.6,73.2,48,0.0,64.7,88,23.3,59.8,72,12.2,54.2,80,25.8,85.25,14.75,64.81,Moderate Gap,Placed,2025-03-02 00:00:00
STU1439,SRM University,Female,2027,Data Scientist,8.44,91.9,1,4,0.0,0,C++,70.6,78,7.4,69.8,75,5.2,94.9,72,0.0,76.3,55,0.0,83.6,52,0.0,83.5,88,4.5,94.8,40,0.0,81.8,45,0.0,62.1,75,12.9,66.2,82,15.8,95.41,4.59,79.44,Low Gap,Placed,2025-07-25 00:00:00
STU1440,JNTU Kakinada,Female,2026,Full Stack Developer,7.1,72.6,2,4,0.0,1,Python,77.8,82,4.2,78.4,76,0.0,74.9,70,0.0,63.6,88,24.4,75.8,62,0.0,59.4,50,0.0,79.0,42,0.0,90.6,58,0.0,94.5,74,0.0,77.3,80,2.7,96.87,3.13,86.23,Low Gap,Placed,2025-09-30 00:00:00
STU1441,Andhra University,Male,2026,Data Analyst,7.01,76.8,1,5,0.0,1,JavaScript,57.2,72,14.8,61.9,65,3.1,58.1,78,19.9,84.6,62,0.0,71.2,55,0.0,77.2,78,0.8,82.8,35,0.0,69.4,40,0.0,78.0,75,0.0,60.0,72,12.0,94.94,5.06,80.23,Low Gap,Placed,2025-06-03 00:00:00
STU1442,Vignan University,Male,2027,Full Stack Developer,7.86,87.7,0,5,0.0,2,C++,68.0,82,14.0,76.5,76,0.0,84.9,70,0.0,74.0,88,14.0,68.3,62,0.0,77.8,50,0.0,62.1,42,0.0,98.0,58,0.0,58.4,74,15.6,67.2,80,12.8,94.37,5.63,77.53,Low Gap,Not Placed,2025-01-27 00:00:00
STU1443,JNTU Kakinada,Female,2026,Data Scientist,6.73,100.0,1,3,0.0,0,JavaScript,76.7,78,1.3,66.0,75,9.0,63.5,72,8.5,74.3,55,0.0,73.7,52,0.0,91.9,88,0.0,75.3,40,0.0,55.1,45,0.0,62.9,75,12.1,78.8,82,3.2,96.6,3.4,76.02,Low Gap,Placed,2025-03-14 00:00:00
STU1444,SRM University,Female,2025,Software Developer,7.87,94.6,1,2,2.0,0,Python,78.4,80,1.6,88.6,78,0.0,84.9,72,0.0,68.0,68,0.0,69.7,60,0.0,79.2,55,0.0,89.7,45,0.0,61.5,50,0.0,67.7,72,4.3,76.9,78,1.1,99.3,0.7,79.62,Low Gap,Placed,2026-05-19 00:00:00
STU1445,GITAM University,Male,2026,Cloud Engineer,7.35,88.4,1,5,2.0,1,JavaScript,86.9,70,0.0,68.5,68,0.0,86.4,62,0.0,95.8,55,0.0,70.2,88,17.8,86.3,58,0.0,58.6,45,0.0,77.9,82,4.1,78.3,70,0.0,71.1,76,4.9,97.31,2.69,86.69,Low Gap,Placed,2025-06-10 00:00:00
STU1446,GITAM University,Female,2025,Data Scientist,7.49,79.2,2,4,1.0,1,Python,60.3,78,17.7,60.4,75,14.6,83.6,72,0.0,80.5,55,0.0,84.5,52,0.0,87.8,88,0.2,87.2,40,0.0,91.6,45,0.0,58.3,75,16.7,61.2,82,20.8,92.99,7.01,85.51,Low Gap,Placed,2025-11-21 00:00:00
STU1447,GITAM University,Male,2025,DevOps Engineer,6.15,96.1,3,1,1.0,0,C#,58.1,72,13.9,44.1,70,25.9,62.2,58,0.0,62.5,50,0.0,43.4,82,38.6,74.5,52,0.0,75.7,48,0.0,98.0,88,0.0,69.1,72,2.9,50.4,80,29.6,88.9,11.1,77.64,Moderate Gap,Placed,2025-07-18 00:00:00
STU1448,Vignan University,Male,2025,Full Stack Developer,7.2,66.6,0,2,1.0,0,Java,69.4,82,12.6,62.1,76,13.9,62.1,70,7.9,77.2,88,10.8,49.5,62,12.5,46.0,50,4.0,88.4,42,0.0,67.9,58,0.0,77.1,74,0.0,71.5,80,8.5,92.98,7.02,67.47,Low Gap,Not Placed,2025-08-13 00:00:00
STU1449,GITAM University,Female,2027,Full Stack Developer,8.22,77.5,0,4,2.0,0,C++,84.7,82,0.0,76.3,76,0.0,77.8,70,0.0,90.4,88,0.0,80.2,62,0.0,75.7,50,0.0,87.6,42,0.0,78.7,58,0.0,63.5,74,10.5,83.4,80,0.0,98.95,1.05,79.48,Low Gap,Placed,2025-10-13 00:00:00
STU1450,Andhra University,Female,2027,Full Stack Developer,7.62,77.0,0,1,1.0,2,Java,71.5,82,10.5,62.6,76,13.4,69.4,70,0.6,65.1,88,22.9,58.9,62,3.1,75.5,50,0.0,41.2,42,0.8,67.1,58,0.0,63.4,74,10.6,58.6,80,21.4,91.67,8.33,66.75,Low Gap,Placed,2025-10-07 00:00:00
STU1451,SRM University,Male,2027,DevOps Engineer,10.0,63.7,2,4,0.0,0,Java,84.0,72,0.0,81.7,70,0.0,96.6,58,0.0,90.9,50,0.0,68.1,82,13.9,94.2,52,0.0,98.0,48,0.0,98.0,88,0.0,62.9,72,9.1,82.2,80,0.0,97.7,2.3,87.67,Low Gap,Placed,2025-07-26 00:00:00
STU1452,KL University,Female,2027,Software Developer,8.48,74.8,3,3,0.0,2,JavaScript,62.2,80,17.8,43.2,78,34.8,60.9,72,11.1,58.1,68,9.9,98.0,60,0.0,84.7,55,0.0,92.2,45,0.0,87.7,50,0.0,79.2,72,0.0,59.3,78,18.7,90.77,9.23,86.61,Low Gap,Placed,2025-01-05 00:00:00
STU1453,Vignan University,Female,2025,Data Analyst,8.97,88.9,0,3,,0,C#,73.4,72,0.0,75.3,65,0.0,72.3,78,5.7,82.8,62,0.0,98.0,55,0.0,87.1,78,0.0,74.8,35,0.0,84.6,40,0.0,90.7,75,0.0,80.7,72,0.0,99.43,0.57,78.34,Low Gap,Placed,2025-06-08 00:00:00
STU1454,SRM University,Male,2025,Cloud Engineer,7.6,83.6,2,3,2.0,1,C#,83.5,70,0.0,82.2,68,0.0,76.2,62,0.0,89.5,55,0.0,90.6,88,0.0,92.1,58,0.0,85.6,45,0.0,64.7,82,17.3,63.3,70,6.7,90.9,76,0.0,97.6,2.4,88.98,Low Gap,Placed,2025-04-28 00:00:00
STU1455,KL University,Female,2025,Cloud Engineer,7.66,81.3,3,2,0.0,0,Java,95.6,70,0.0,93.0,68,0.0,71.0,62,0.0,94.6,55,0.0,72.4,88,15.6,81.8,58,0.0,72.1,45,0.0,59.1,82,22.9,72.6,70,0.0,83.9,76,0.0,96.15,3.85,86.15,Low Gap,Placed,2025-03-11 00:00:00
STU1456,Andhra University,Male,2027,Cloud Engineer,7.0,87.9,1,4,3.0,3,Python,86.7,70,0.0,88.8,68,0.0,89.8,62,0.0,71.7,55,0.0,75.8,88,12.2,71.8,58,0.0,98.0,45,0.0,85.4,82,0.0,72.2,70,0.0,79.9,76,0.0,98.78,1.22,91.06,Low Gap,Placed,2026-07-13 00:00:00
STU1457,SRM University,Male,2026,DevOps Engineer,6.99,76.5,0,2,0.0,2,C#,51.8,72,20.2,70.8,70,0.0,91.7,58,0.0,53.7,50,0.0,54.7,82,27.3,61.7,52,0.0,72.2,48,0.0,70.0,88,18.0,88.8,72,0.0,69.3,80,10.7,92.37,7.63,69.1,Low Gap,Not Placed,2025-08-10 00:00:00
STU1458,JNTU Kakinada,Female,2026,DevOps Engineer,8.16,91.1,0,3,2.0,2,JavaScript,98.0,72,0.0,98.0,70,0.0,89.4,58,0.0,75.1,50,0.0,62.4,82,19.6,88.5,52,0.0,67.5,48,0.0,81.5,88,6.5,71.6,72,0.4,96.6,80,0.0,97.36,2.64,80.67,Low Gap,Placed,2025-06-03 00:00:00
STU1459,KL University,Female,2025,Cloud Engineer,6.66,65.9,1,4,0.0,2,C#,55.0,70,15.0,53.6,68,14.4,72.9,62,0.0,66.1,55,0.0,,88,15.4,,58,0.6,81.7,45,0.0,84.4,82,0.0,81.7,70,0.0,65.3,76,10.7,94.39,5.61,79.19,Low Gap,Not Placed,2026-03-28 00:00:00
STU1460,KL University,Male,2025,Software Developer,9.2,83.3,0,1,3.0,1,Java,83.2,80,0.0,84.4,78,0.0,67.4,72,4.6,93.8,68,0.0,72.6,60,0.0,68.2,55,0.0,59.7,45,0.0,71.0,50,0.0,88.7,72,0.0,92.1,78,0.0,99.54,0.46,76.22,Low Gap,Placed,2026-02-15 00:00:00
STU1461,Andhra University,Male,2027,Cloud Engineer,8.33,91.3,3,2,0.0,0,JavaScript,86.0,70,0.0,68.4,68,0.0,87.7,62,0.0,91.8,55,0.0,83.8,88,4.2,94.7,58,0.0,86.1,45,0.0,87.8,82,0.0,67.9,70,2.1,76.0,76,0.0,99.37,0.63,88.62,Low Gap,Placed,2025-01-02 00:00:00
STU1462,Andhra University,Female,2027,DevOps Engineer,6.46,77.6,1,4,,0,JavaScript,69.9,72,2.1,72.7,70,0.0,55.2,58,2.8,83.0,50,0.0,68.6,82,13.4,,52,0.0,53.0,48,0.0,39.7,88,48.3,59.6,72,12.4,74.4,80,5.6,91.53,8.47,73.24,Low Gap,Placed,2025-02-09 00:00:00
STU1463,Andhra University,Female,2027,Full Stack Developer,8.72,78.4,0,4,2.0,1,Python,76.8,82,5.2,82.5,76,0.0,77.0,70,0.0,80.4,88,7.6,84.8,62,0.0,,50,0.0,63.8,42,0.0,83.5,58,0.0,,74,0.0,90.3,80,0.0,98.72,1.28,80.76,Low Gap,Placed,2025-07-21 00:00:00
STU1464,KL University,Male,2026,Data Analyst,6.65,92.5,0,4,1.0,0,Java,64.0,72,8.0,59.6,65,5.4,66.4,78,11.6,57.7,62,4.3,78.5,55,0.0,62.6,78,15.4,70.0,35,0.0,70.2,40,0.0,43.9,75,31.1,56.6,72,15.4,90.89,9.11,69.28,Low Gap,Placed,2025-07-27 00:00:00
STU1465,GITAM University,Female,2026,Software Developer,7.28,74.6,0,3,0.0,1,Java,66.3,80,13.7,60.9,78,17.1,65.4,72,6.6,64.9,68,3.1,66.2,60,0.0,70.3,55,0.0,61.2,45,0.0,77.0,50,0.0,61.5,72,10.5,71.6,78,6.4,94.26,5.74,69.88,Low Gap,Placed,2025-11-17 00:00:00
STU1466,Vignan University,Male,2026,Data Scientist,7.94,95.1,0,5,0.0,1,Java,87.4,78,0.0,81.6,75,0.0,56.0,72,16.0,98.0,55,0.0,98.0,52,0.0,85.5,88,2.5,84.4,40,0.0,80.6,45,0.0,75.3,75,0.0,88.4,82,0.0,98.15,1.85,80.72,Low Gap,Placed,2026-01-21 00:00:00
STU1467,JNTU Kakinada,Male,2027,Cloud Engineer,7.23,81.3,1,3,3.0,2,Python,94.7,70,0.0,98.0,68,0.0,82.3,62,0.0,98.0,55,0.0,95.5,88,0.0,74.3,58,0.0,69.2,45,0.0,83.6,82,0.0,81.0,70,0.0,98.0,76,0.0,100.0,0.0,89.74,Low Gap,Placed,2025-05-16 00:00:00
STU1468,Vignan University,Male,2026,Data Analyst,6.32,86.8,2,4,1.0,1,JavaScript,66.1,72,5.9,70.9,65,0.0,85.1,78,0.0,84.9,62,0.0,90.2,55,0.0,81.6,78,0.0,83.0,35,0.0,63.5,40,0.0,70.0,75,5.0,67.8,72,4.2,98.49,1.51,88.21,Low Gap,Placed,2025-02-05 00:00:00
STU1469,SRM University,Female,2026,Full Stack Developer,7.0,100.0,2,3,0.0,1,C++,86.7,82,0.0,89.2,76,0.0,87.9,70,0.0,69.3,88,18.7,73.3,62,0.0,80.5,50,0.0,77.9,42,0.0,73.8,58,0.0,,74,8.0,96.2,80,0.0,97.33,2.67,85.32,Low Gap,Placed,2025-12-31 00:00:00
STU1470,Vignan University,Male,2027,Cloud Engineer,7.64,74.4,1,3,1.0,1,C++,77.1,70,0.0,83.5,68,0.0,87.3,62,0.0,57.7,55,0.0,55.0,88,33.0,69.4,58,0.0,92.3,45,0.0,62.2,82,19.8,71.3,70,0.0,95.8,76,0.0,94.72,5.28,79.17,Low Gap,Placed,2025-12-09 00:00:00
STU1471,GITAM University,Female,2026,Cloud Engineer,7.23,85.3,1,2,1.0,0,JavaScript,55.4,70,14.6,32.2,68,35.8,54.4,62,7.6,63.4,55,0.0,68.9,88,19.1,58.2,58,0.0,74.5,45,0.0,76.6,82,5.4,65.7,70,4.3,39.7,76,36.3,87.69,12.31,67.63,Moderate Gap,Not Placed,2025-04-02 00:00:00
STU1472,JNTU Kakinada,Male,2025,Data Scientist,8.63,58.3,2,4,1.0,1,C#,89.3,78,0.0,74.1,75,0.9,82.0,72,0.0,74.4,55,0.0,90.0,52,0.0,81.3,88,6.7,91.1,40,0.0,97.0,45,0.0,56.9,75,18.1,82.1,82,0.0,97.43,2.57,89.39,Low Gap,Placed,2025-08-08 00:00:00
STU1473,KL University,Female,2025,Data Scientist,8.02,75.6,0,3,1.0,0,C++,50.4,78,27.6,42.1,75,32.9,98.0,72,0.0,53.7,55,1.3,67.6,52,0.0,75.6,88,12.4,70.0,40,0.0,63.0,45,0.0,66.8,75,8.2,52.3,82,29.7,88.79,11.21,66.64,Moderate Gap,Placed,2025-08-04 00:00:00
STU1474,SRM University,Male,2026,Data Analyst,6.9,85.4,1,4,2.0,0,Java,83.2,72,0.0,87.8,65,0.0,84.9,78,0.0,67.0,62,0.0,80.1,55,0.0,80.9,78,0.0,83.8,35,0.0,95.1,40,0.0,63.8,75,11.2,90.2,72,0.0,98.88,1.12,85.0,Low Gap,Placed,2026-07-09 00:00:00
STU1475,JNTU Kakinada,Male,2025,DevOps Engineer,7.93,81.1,0,2,0.0,0,C++,62.3,72,9.7,73.9,70,0.0,66.6,58,0.0,57.6,50,0.0,72.7,82,9.3,82.8,52,0.0,64.7,48,0.0,71.8,88,16.2,64.6,72,7.4,57.3,80,22.7,93.47,6.53,66.29,Low Gap,Placed,2025-04-27 00:00:00
STU1476,Andhra University,Male,2026,Data Analyst,7.68,98.0,0,3,2.0,0,JavaScript,83.3,72,0.0,70.3,65,0.0,65.5,78,12.5,72.7,62,0.0,65.4,55,0.0,70.5,78,7.5,97.0,35,0.0,71.8,40,0.0,91.4,75,0.0,83.3,72,0.0,98.0,2.0,76.24,Low Gap,Placed,2025-03-22 00:00:00
STU1477,KL University,Female,2027,Data Analyst,6.99,82.3,0,5,2.0,0,Java,52.3,72,19.7,47.2,65,17.8,54.4,78,23.6,98.0,62,0.0,73.1,55,0.0,71.1,78,6.9,74.1,35,0.0,61.6,40,0.0,47.3,75,27.7,58.7,72,13.3,89.09,10.91,72.23,Moderate Gap,Placed,2026-05-18 00:00:00
STU1478,SRM University,Female,2025,Full Stack Developer,7.44,98.6,2,2,3.0,1,Java,87.3,82,0.0,86.1,76,0.0,71.6,70,0.0,61.2,88,26.8,95.1,62,0.0,89.5,50,0.0,85.5,42,0.0,89.0,58,0.0,65.5,74,8.5,74.0,80,6.0,95.87,4.13,87.29,Low Gap,Placed,2026-07-18 00:00:00
STU1479,Vignan University,Male,2026,Software Developer,7.48,81.9,1,2,4.0,0,Python,98.0,80,0.0,90.4,78,0.0,92.7,72,0.0,65.7,68,2.3,76.4,60,0.0,87.5,55,0.0,81.7,45,0.0,48.2,50,1.8,75.5,72,0.0,93.3,78,0.0,99.59,0.41,84.1,Low Gap,Placed,2025-11-24 00:00:00
STU1480,JNTU Kakinada,Male,2027,Cloud Engineer,8.07,72.5,3,4,1.0,0,Java,98.0,70,0.0,93.4,68,0.0,96.4,62,0.0,92.7,55,0.0,73.3,88,14.7,75.4,58,0.0,96.0,45,0.0,98.0,82,0.0,71.3,70,0.0,88.2,76,0.0,98.53,1.47,95.32,Low Gap,Placed,2025-06-01 00:00:00
STU1481,KL University,Male,2025,Software Developer,6.6,81.3,0,3,2.0,0,Java,76.4,80,3.6,67.3,78,10.7,48.1,72,23.9,88.0,68,0.0,58.0,60,2.0,51.7,55,3.3,70.5,45,0.0,45.1,50,4.9,,72,7.6,78.9,78,0.0,94.4,5.6,70.93,Low Gap,Placed,2025-06-29 00:00:00
STU1482,Andhra University,Male,2027,Software Developer,7.63,,3,3,1.0,1,C#,98.0,80,0.0,98.0,78,0.0,89.0,72,0.0,98.0,68,0.0,98.0,60,0.0,78.9,55,0.0,76.0,45,0.0,82.2,50,0.0,89.9,72,0.0,94.2,78,0.0,100.0,0.0,96.06,Low Gap,Placed,2025-01-11 00:00:00
STU1483,SRM University,Male,2025,Cloud Engineer,,69.3,1,3,0.0,0,Python,64.5,70,5.5,58.7,68,9.3,66.2,62,0.0,68.3,55,0.0,65.9,88,22.1,63.7,58,0.0,63.5,45,0.0,63.2,82,18.8,57.2,70,12.8,57.1,76,18.9,91.24,8.76,70.9,Low Gap,Placed,2025-06-20 00:00:00
STU1484,Andhra University,Male,2025,Data Scientist,8.21,81.6,1,3,1.0,0,Python,78.8,78,0.0,78.9,75,0.0,91.4,72,0.0,89.5,55,0.0,90.5,52,0.0,77.6,88,10.4,92.9,40,0.0,70.9,45,0.0,52.8,75,22.2,69.6,82,12.4,95.5,4.5,79.26,Low Gap,Placed,2026-03-29 00:00:00
STU1485,SRM University,Female,2026,Software Developer,7.07,79.8,1,1,0.0,1,Python,97.8,80,0.0,94.3,78,0.0,81.1,72,0.0,80.0,68,0.0,88.9,60,0.0,54.7,55,0.3,59.0,45,0.0,43.8,50,6.2,98.0,72,0.0,95.4,78,0.0,99.35,0.65,77.0,Low Gap,Placed,2026-02-15 00:00:00
STU1486,KL University,Male,2027,Data Scientist,8.0,81.3,0,2,2.0,0,Python,84.1,78,0.0,86.7,75,0.0,88.2,72,0.0,78.8,55,0.0,61.3,52,0.0,60.3,88,27.7,87.9,40,0.0,87.2,45,0.0,69.7,75,5.3,77.7,82,4.3,96.27,3.73,73.78,Low Gap,Not Placed,2025-07-02 00:00:00
STU1487,SRM University,Male,2025,DevOps Engineer,7.97,79.1,0,3,1.0,0,Python,78.3,72,0.0,59.4,70,10.6,66.6,58,0.0,90.2,50,0.0,70.4,82,11.6,78.2,52,0.0,81.4,48,0.0,73.1,88,14.9,50.8,72,21.2,69.1,80,10.9,93.08,6.92,70.91,Low Gap,Placed,2025-10-24 00:00:00
STU1488,Andhra University,Male,2025,Data Analyst,6.16,78.8,1,3,0.0,0,JavaScript,77.4,72,0.0,80.3,65,0.0,86.3,78,0.0,68.6,62,0.0,75.4,55,0.0,65.4,78,12.6,51.4,35,0.0,74.0,40,0.0,72.3,75,2.7,70.2,72,1.8,98.29,1.71,76.86,Low Gap,Placed,2026-03-08 00:00:00
STU1489,KL University,Female,2026,Data Analyst,8.74,75.1,2,3,2.0,0,C++,98.0,72,0.0,87.0,65,0.0,90.9,78,0.0,73.1,62,0.0,77.7,55,0.0,79.5,78,0.0,90.5,35,0.0,98.0,40,0.0,92.4,75,0.0,89.4,72,0.0,100.0,0.0,90.3,Low Gap,Placed,2025-01-08 00:00:00
STU1490,KL University,Female,2026,DevOps Engineer,8.37,93.1,1,3,3.0,1,JavaScript,63.1,72,8.9,80.2,70,0.0,78.3,58,0.0,89.0,50,0.0,98.0,82,0.0,74.7,52,0.0,84.9,48,0.0,90.1,88,0.0,,72,0.0,61.5,80,18.5,97.26,2.74,84.75,Low Gap,Placed,2025-08-16 00:00:00
STU1491,Andhra University,Male,2026,Cloud Engineer,7.33,61.6,1,3,0.0,0,C#,53.5,70,16.5,63.1,68,4.9,81.5,62,0.0,63.5,55,0.0,54.5,88,33.5,70.6,58,0.0,87.9,45,0.0,81.1,82,0.9,80.9,70,0.0,48.1,76,27.9,91.62,8.38,72.76,Low Gap,Placed,2026-04-18 00:00:00
STU1492,Vignan University,Female,2027,Data Analyst,7.18,73.0,2,4,2.0,2,C++,84.9,72,0.0,87.7,65,0.0,78.0,78,0.0,96.7,62,0.0,98.0,55,0.0,57.4,78,20.6,74.8,35,0.0,66.2,40,0.0,76.5,75,0.0,85.1,72,0.0,97.94,2.06,92.23,Low Gap,Placed,2026-08-02 00:00:00
STU1493,Vignan University,Male,2025,Software Developer,6.35,72.4,1,2,1.0,1,Java,51.3,80,28.7,45.7,78,32.3,58.9,72,13.1,69.6,68,0.0,83.7,60,0.0,59.3,55,0.0,83.3,45,0.0,90.1,50,0.0,60.5,72,11.5,49.0,78,29.0,88.54,11.46,71.39,Moderate Gap,Placed,2025-07-11 00:00:00
STU1494,GITAM University,Female,2026,Full Stack Developer,8.31,69.6,2,2,0.0,1,C#,48.7,82,33.3,52.9,76,23.1,68.2,70,1.8,76.3,88,11.7,81.7,62,0.0,83.3,50,0.0,42.5,42,0.0,75.5,58,0.0,75.6,74,0.0,43.3,80,36.7,89.34,10.66,75.14,Moderate Gap,Placed,2025-05-30 00:00:00
STU1495,KL University,Female,2026,Data Analyst,8.1,77.2,1,2,3.0,0,JavaScript,75.8,72,0.0,94.6,65,0.0,73.2,78,4.8,73.2,62,0.0,90.7,55,0.0,83.0,78,0.0,68.7,35,0.0,80.8,40,0.0,62.7,75,12.3,83.9,72,0.0,98.28,1.72,81.32,Low Gap,Placed,2025-10-17 00:00:00
STU1496,Vignan University,Male,2025,Cloud Engineer,7.62,65.6,2,5,2.0,0,Python,87.0,70,0.0,88.6,68,0.0,63.1,62,0.0,82.4,55,0.0,80.0,88,8.0,70.2,58,0.0,92.6,45,0.0,87.5,82,0.0,59.6,70,10.4,81.1,76,0.0,98.15,1.85,90.93,Low Gap,Placed,2026-05-25 00:00:00
STU1497,KL University,Female,2027,DevOps Engineer,7.95,70.9,2,5,1.0,0,C#,92.2,72,0.0,87.6,70,0.0,98.0,58,0.0,84.1,50,0.0,98.0,82,0.0,87.5,52,0.0,98.0,48,0.0,96.8,88,0.0,57.1,72,14.9,88.0,80,0.0,98.51,1.49,92.45,Low Gap,Placed,2026-03-04 00:00:00
STU1498,Vignan University,Male,2027,Cloud Engineer,6.95,86.7,1,4,1.0,0,C#,63.6,70,6.4,52.3,68,15.7,85.2,62,0.0,74.0,55,0.0,56.1,88,31.9,69.6,58,0.0,65.6,45,0.0,57.3,82,24.7,73.2,70,0.0,59.3,76,16.7,90.46,9.54,74.9,Low Gap,Not Placed,2025-07-13 00:00:00
STU1499,JNTU Kakinada,Male,2025,DevOps Engineer,7.63,83.6,1,2,3.0,0,Python,70.5,72,1.5,54.9,70,15.1,65.1,58,0.0,80.2,50,0.0,74.8,82,7.2,65.3,52,0.0,73.6,48,0.0,66.9,88,21.1,46.8,72,25.2,62.3,80,17.7,91.23,8.77,74.37,Low Gap,Not Placed,2026-04-04 00:00:00
STU1500,Vignan University,Female,2025,Software Developer,,97.3,2,2,0.0,2,Python,74.6,80,5.4,77.8,78,0.2,63.3,72,8.7,58.3,68,9.7,73.7,60,0.0,88.1,55,0.0,79.8,45,0.0,68.0,50,0.0,83.3,72,0.0,80.2,78,0.0,97.6,2.4,83.33,Low Gap,Not Placed,2026-05-21 00:00:00
